kullanici_girdisi,yanit,kaynak
Çeviren: sarkis sarveniko İyi seyirler dileriz.,Her gün baktığım manzaramın bir mezarlık olacağını kim bilirdi ki?,opus_opensubtitles_tr
TÜRK TUTKUSU,"Memnun etmeyi, baştan çıkarmayı kandırmayı erkeklerin ne düşündüğünü bilip önceden tahmin etmemiz gerekir.",opus_opensubtitles_tr
Bu açıdan onlara tahakküm ederiz.,İlk kuzenlerimiz olan dişi maymunlar...,opus_opensubtitles_tr
"Öyle deme, benim sadece 2 kuzenim var.",Bu dişiler erkeklerinden çok daha zekidirler.,opus_opensubtitles_tr
Birazcık.,Şu şeker kadar.,opus_opensubtitles_tr
"Peki, ben nasıl bir maymunum?",Hiç aptal maymun türü yok mudur?,opus_opensubtitles_tr
Şu an kendimi aptallık derecesinde mutlu hissediyorum.,Kötü bir başlangıç oldu Desi.,opus_opensubtitles_tr
Akıllı bir dişi maymun sadece erkeğine kendisiyle çiftleşme hakkı verir.,Bu da onu düzmesi demek oluyor.,opus_opensubtitles_tr
Kelimenin tam anlamıyla...,Bunu zevk için değil de görevi olduğuna inandığı için yapan dişi maymuna çok yazık.,opus_opensubtitles_tr
Bu görev benim için bir zevktir.,Mihraba yürürken neden hâlâ bakire olduğunu anlamak çok basit.,opus_opensubtitles_tr
Piskoposumuza teşekkürler.,Kocan zevk sahibi biri.,opus_opensubtitles_tr
Gerçek bir Beyaz Atlı Prens.,Bu şehirdeki en iyisi ve en yakışıklısı.,opus_opensubtitles_tr
Ve şüphesiz en hassası.,Fakat en nihayetinde o da bir erkek.,opus_opensubtitles_tr
Kocama şu tür kibar sözler söylerim:,"""Aletini çok seviyorum seni piç.""",opus_opensubtitles_tr
"""Hem de çok seviyorum.""","""O kadar abanma, beni öldüreceksin.""",opus_opensubtitles_tr
"""Evet, işte böyle seni orospu çocuğu.""","Bu tür sözler, anladın mı?",opus_opensubtitles_tr
Seninkinin bunları duymak istemeyeceğini mi sanıyorsun?,İkiniz de çok kabasınız!,opus_opensubtitles_tr
"Nedendir bilmem, şu an kutsal su kurnasını düşünüyorum.",Tam arkamızda kalan kurnayı.,opus_opensubtitles_tr
Etrafında 11 tane ve her birinin arkasında 1 tane çentik olan kurnayı.,Ben küçükken ve senin kollarındayken babacığım ellerimi içine sokardım.,opus_opensubtitles_tr
Keşke annen de burada olsaydı...,Ne kadar da yakışıklı!,opus_opensubtitles_tr
Evlilik açık bir çeke benzer.,Üzerine büyük meblağlar yazabilirsiniz fakat hesap sahibinin imzası olmadan -ki bu da Tanrıdır- nakde çevrilemez.,opus_opensubtitles_tr
Bugünkü çekin üzerine bu imza peşinen atılmış.,"Desideria ve Ramiro bu çekteki sıfırları ihtiyaç oldukça çoğaltacaklar, çünkü evliliğin çiçeği ve meyvesi olan çocuklar gelecek.",opus_opensubtitles_tr
Çünkü bugünden itibaren onlar aynı bedeni paylaşan iki sevgilidirler.,Meleklerin tebrikleri ve bülbüllerin alkışlarına sahipler.,opus_opensubtitles_tr
Seni ne kadar sevdiğimi gösterebilir miyim bilmiyorum.,"Doğrusu, hiç umurumda değil.",opus_opensubtitles_tr
Mutlu yıllar sana...,Mutlu yıllar sana...,opus_opensubtitles_tr
Mutlu yıllar sevgili Ramiro...,Mutlu yıllar sana...,opus_opensubtitles_tr
Bir dilek tut.,Tebrikler!,opus_opensubtitles_tr
Her şey sırayla...,"Mutlu ol, bugün doğum günün.",opus_opensubtitles_tr
"Ramirito, Tanrı seni korusun.",Doğum günün huzurla dolsun.,opus_opensubtitles_tr
Ve daha birçoğunu göresin.,Çocuklar gelin!,opus_opensubtitles_tr
Çocuklar!,Juanito!,opus_opensubtitles_tr
Toni!,Toni beni çok seviyor.,opus_opensubtitles_tr
Bak bende ne var.,Juan için de var elbette.,opus_opensubtitles_tr
"Desi teyzenizi öpün, öpün öpün.",Şunu al canım.,opus_opensubtitles_tr
"Hadi gidin ve dikkatli olun, olur mu?",Sen doğurdun ama onlar benim çocuklarım.,opus_opensubtitles_tr
Amma da anaçsın!,"Çocukları bu kadar çok seviyorsan, neden çocuk sahibi olmuyorsun?",opus_opensubtitles_tr
Çocuk sahibi olamıyorum.,Madrid'de bir kadın doğum uzmanı böyle dedi.,opus_opensubtitles_tr
"- Sonra söyleyecektim gerçi, vesile oldu.",- Nedendir bilinmez çok bilir bu doktorlar?,opus_opensubtitles_tr
Aynını nineme de demişler ama kadın doğurganlık ödülü aldı.,Sadece tahminde bulunuyorlar.,opus_opensubtitles_tr
İlk üç çocuğunuzun vaftiz babası ben olacağım.,Haklısın.,opus_opensubtitles_tr
En sonunda çocuklardan bıkacaksın.,Bu arada bizimkileri size alıştırma yapmanız için bırakabiliriz.,opus_opensubtitles_tr
Sadece bir haftalığına.,O kadarı yeter.,opus_opensubtitles_tr
İki haftalığına.,- Tüm bunlar da nereden çıktı?,opus_opensubtitles_tr
- Türkiye'ye gideceğiz...,- ...ve düşündük ki...,opus_opensubtitles_tr
- Kabul ediyorum.,İmkânsız.,opus_opensubtitles_tr
- Neden?,- Çünkü biz de Türkiye'ye gidiyoruz.,opus_opensubtitles_tr
Bir kocanın komplosu.,Kadeh kaldırmaya ne dersiniz?,opus_opensubtitles_tr
Türkiye için mi?,- Ramiro için.,opus_opensubtitles_tr
- Türkiye için.,Doktorun dediği doğru mu?,opus_opensubtitles_tr
Evet.,Cesaretini yitirme.,opus_opensubtitles_tr
Doktorlardan daha güçlü olan bir şey var.,Seni hiçbir şey için suçlamayacağım.,opus_opensubtitles_tr
Mutlu olmama sen yetiyorsun.,Beni duydun mu?,opus_opensubtitles_tr
Evet.,- Ne oldu?,opus_opensubtitles_tr
- Başım dönüyor.,İyi görünmüyorsun.,opus_opensubtitles_tr
Kızlar!,Haydi!,opus_opensubtitles_tr
Baharat kokusuna tahammül edemiyorum.,Baharat mı?,opus_opensubtitles_tr
Ne demek istiyorsun?,"Bana dediler ki Türkiye'de her yer baharat, baharatlı çorba kokuyormuş.",opus_opensubtitles_tr
- Kokusunu şimdiden alabiliyorum.,- Ben bir koku almıyorum.,opus_opensubtitles_tr
Ben alıyorum ve tahammül edemiyorum.,Belki de jinekoloğun yanılıyordur.,opus_opensubtitles_tr
İstanbul'daki dışavurumunun ilk karesi.,Öyle ciddi bakma.,opus_opensubtitles_tr
"Arturo, fotoğraf makinen bende, tamam mı?","Bizans'tayız, Konstantinopolis'teyiz, İstanbul'dayız!",opus_opensubtitles_tr
Hoş geldiniz.,Doğu Bizans İmparatorluğu'nun İmparatoru 4.,opus_opensubtitles_tr
Constantine ...Küçük Asya'ya Anatolia adını verdi.,"""Üzerinde Güneş Doğan Yer"" anlamına gelir.",opus_opensubtitles_tr
Osmanlı İmparatorluğu'nun ihtişamlı dönemlerinde Batı uygarlığı Barbar Türk imajını uydurdu.,"Bu, hoşgörü ile bezenmişlikten duygusallığa doğru kaydı.",opus_opensubtitles_tr
Bunların hiçbiri doğru değildi.,Avrupa'nın bizim hakkımızdaki fikri sürekli olarak korku ve büyülenme arasında gider gelirdi.,opus_opensubtitles_tr
Batı medeniyeti Miletos Anaksimandros ve Heraklitos ile burada doğdu.,"Tanrılar, kahramanlar ve havariler.",opus_opensubtitles_tr
İlyada ve Odessa.,Biz Türkler sizler gibi Avrupalıyız.,opus_opensubtitles_tr
Bizden korkmayın.,"Gökdelenler, sizin görmek için geldiğiniz Ayasofya ve Topkapı Sarayı gibi İstanbul'un bir parçasıdır fakat şehir bu cazibesine yüzyıllardır sahiptir.",opus_opensubtitles_tr
"İstanbul 2 cihanda 2 denizde, 2 kıtada yaşar.",Avrupa'da ve Asya'da...,opus_opensubtitles_tr
Dünyanın 7 harikasının iki tanesi...,Bayıldı.,opus_opensubtitles_tr
Kendini garip hissediyordu.,"- İyisiniz, değil mi hanımefendi?",opus_opensubtitles_tr
- Ramiro?,"Ben buradayım, merak etme.",opus_opensubtitles_tr
- Hamile misin?,- Sessiz ol!,opus_opensubtitles_tr
Daha iyisiniz.,Bravo.,opus_opensubtitles_tr
İyi misin?,Sakinleştin mi?,opus_opensubtitles_tr
Isırır mı?,Isırdığı zaman acır mı?,opus_opensubtitles_tr
Adım Yaman.,"""Eşsiz"" anlamına gelir.",opus_opensubtitles_tr
Bu ülkeye âşık olmanız için elimden gelen her şeyi yapacağım.,Türkiye bir cennettir hanımefendi.,opus_opensubtitles_tr
"""İstanbul'dan cennete doğru."" Madrid'de böyle demiyorlar mı?","Kahve, şerbetler, Osmanlı divan ve kuru üzüm hep Türk buluşlarıdır.",opus_opensubtitles_tr
Ve Türk lokumunu kim duymamış ya da tadına bakmamıştır ki?,"Bayanlar baylar, hamamlarımız dünyaca ünlüdür.",opus_opensubtitles_tr
Sizler karanlık Orta Çağ'da iken bizler bir zevk ve sefa dünyasında yaşıyorduk.,Otelinize varmak üzereyiz.,opus_opensubtitles_tr
Dinlenebilir ya da dilediğinizi yapabilirsiniz çünkü rehberiniz olan ben tamamen ve yalnızca sizin emrinizdeyim.,- Nasılsın?,opus_opensubtitles_tr
- İyiyim.,Sen valizlere bak.,opus_opensubtitles_tr
Marcelo!,"- Arturo, fotoğraf makinesi!",opus_opensubtitles_tr
- Yanında götürdü.,- Başının dönmesi geçti mi?,opus_opensubtitles_tr
- Evet.,Yardım edeyim mi?,opus_opensubtitles_tr
Teşekkürler.,Kusuruma bakmayın.,opus_opensubtitles_tr
Rica ederim.,- Adınız nedir?,opus_opensubtitles_tr
- Adım hâlâ Yaman.,"- ""Eşsiz"" anlamına geliyor.",opus_opensubtitles_tr
- Öyle.,- Benim adım Desideria.,opus_opensubtitles_tr
- Güzel bir isim.,Desi...,opus_opensubtitles_tr
Haydi.,Laura!,opus_opensubtitles_tr
- Nasılsın?,- İyiyim.,opus_opensubtitles_tr
Bir daha sormayacağım.,Tehlike geçti onayını verdik.,opus_opensubtitles_tr
Öğlene kadar dinlenebilirsin.,Öğlen uykusu çektiklerini sanmıyorum.,opus_opensubtitles_tr
İki seçeneğimiz var.,Öğlen uykusu ve camileri gezmek.,opus_opensubtitles_tr
Ya da öğlen uykusu olmadan sarnıçlarla camileri gezmek..,Hangisini tercih edersin?,opus_opensubtitles_tr
Öğlen uykusunu.,Ya sen?,opus_opensubtitles_tr
Sen nasıl istersen... 1453 yılında Türkler Konstantinopolis'i fethettiklerinde Fatih Sultan Mehmet'in ilk işlerinden birisi Hz.,Muhammed ile yan yana savaşan Eyüp El Ensari'yi buraya gömdürmek olmuştur.,opus_opensubtitles_tr
Cami ve türbe 1458'de inşa edilmiştir.,Kısa süre sonra öldükten sonra bu kutsal zata yakın olmanın faydalarından nasiplenmek isteyen Osmanlı asilzadelerinin ve dindar kişilerden oluşan büyük ve gölgelik bir mezarlık tarafından etrafı çevrilmiştir.,opus_opensubtitles_tr
Gördüğünüz gibi ışık mermerden ve 99 adet kafesli pencerenin fildişi kısmından yansıyor.,Bu sayı Allah'ın 99 ismine tekabül eder.,opus_opensubtitles_tr
Şehir fethedildikten sonra 2.,Mehmet şehidin kalıntılarının aranmasını ve mucize eseri Şii birinin rüya ya da öngörüsü sonucu kim olduğu teşhis edilince Türkler tarafından saygı gösterilen bu adam adına bir cami yapılmasını emretti.,opus_opensubtitles_tr
18. yüzyılın başında meydana gelen bir deprem binada ciddi hasara neden oldu ve 1800 yılında yeniden inşa edildi.,Eyüp Sultan Türbesi İstanbul'daki Osmanlı eserleri arasında en ilgi çekici olanlardan biridir.,opus_opensubtitles_tr
Duvarlarında 16. yüzyıl yapımı çiniler olsa da Müslüman Türklere ait garip dini davranışlar da gözlemleyebilirsiniz.,Bu kutsal zatın türbesi iki avlunun en iç kısmındadır.,opus_opensubtitles_tr
Hacılar bir kafesin ardından dua veya manevi isteklerde bulunurlar.,Bir bakalım.,opus_opensubtitles_tr
"Sarnıçlara gitmemiş olanlarınız, buraları ziyaret etmek için 1 saat içinde bize katılabilirler.",Susadım.,opus_opensubtitles_tr
- Bir şeyler içelim mi?,- Tabii.,opus_opensubtitles_tr
Gelin.,Kaç rulo film getirdik?,opus_opensubtitles_tr
Dört.,- Peki diğerleri nerede?,opus_opensubtitles_tr
- Bilmiyorum.,- Bira ister misin Desi?,opus_opensubtitles_tr
"- Bir şey unutmuşum, sen iç.","""Hamam hizmetini verenler sizi istediğiniz şekilde yıkarlar.",opus_opensubtitles_tr
"Bunu sadece Türkler kullanmıyor, Yahudiler ve Hristiyanlar da kullanıyor.",Bizzat her 15 günde bir yıkandım ve kendimi çok iyi hissettim.,opus_opensubtitles_tr
Türklerin bizi doğru olarak nitelendirdiği şeylerden biri kirli oluşumuzdur.,"İspanya'daki hiçbir erkek ya da kadın ömründe 2 kez yıkanmaz.""",opus_opensubtitles_tr
- Yazı ne zamandan kalma?,- 17. yüzyıldan kalma.,opus_opensubtitles_tr
Anonim.,Türkler tarafından esir alınan bir İspanyol yazmış.,opus_opensubtitles_tr
Hamamı denemeden buradan ayrılmayacağım.,- Desi nerede?,opus_opensubtitles_tr
- Bilmiyorum.,Tuvalettedir herhalde.,opus_opensubtitles_tr
Harem kadınları hakkında şu duyduğumu dinle.,Bak.,opus_opensubtitles_tr
İşte Desi.,"""Eğer kabak, salatalık ve benzeri meyveleri seviyorsanız size ince dilimler halinde ikram ediyorlar.""",opus_opensubtitles_tr
Bir sorun mu var?,"Hayır, yok bir şey.",opus_opensubtitles_tr
Biraz başım döndü.,Doktora gidelim mi?,opus_opensubtitles_tr
Desi bu ülkede huzursuz.,Öyle değil mi Desi?,opus_opensubtitles_tr
Sana hayranım.,Biri geliyor.,opus_opensubtitles_tr
Korsan kaptan kendi koltuğunda!,Bir tarafta Asya.,opus_opensubtitles_tr
- Diğer tarafta...,- Diğer tarafta Sevilla!,opus_opensubtitles_tr
Avrupa!,"Ama ondan da önce, İstanbul!",opus_opensubtitles_tr
Korkusuzca yelken açın mürettebatım!,"Ne bir düşman gemisi, ne fırtınalı ne de sakin deniz rotanızı değiştirebilir ya da üstenizden gelebilir.",opus_opensubtitles_tr
Delirmiş olmalıyım.,Yarın gizlice çarşıya çık.,opus_opensubtitles_tr
Bir saniye.,Şu dar sokakta bir resim çekelim.,opus_opensubtitles_tr
"Marcelo, gel.",İşte böyle.,opus_opensubtitles_tr
Biraz daha yaklaşın.,- Tamam mı?,opus_opensubtitles_tr
- Hadi!,"Tamamdır, hadi gidelim!",opus_opensubtitles_tr
İçeri girebilirsiniz.,Gelin ve bir kilim dükkanı nasıldır görün.,opus_opensubtitles_tr
Kardeşim size yardım edecektir.,Ramiro'ya kol düğmesi almak istiyorum.,opus_opensubtitles_tr
Ben tüyeceğim.,Kısa sürede bu kadar çok şeyi nasıl öğrendin?,opus_opensubtitles_tr
Desideria...,Yarın gidiyorsun.,opus_opensubtitles_tr
Peki ya ben ne olacağım?,"Söyle, ne olacağım?",opus_opensubtitles_tr
Seni seviyorum.,İstanbul'da yaşadığın aptalca bir kaçamak olmak istemiyorum.,opus_opensubtitles_tr
Yaman...,Sonsuza dek seni istiyorum.,opus_opensubtitles_tr
Ver şu pası!,"Tanrım, sen tam bir geri zekâlısın!",opus_opensubtitles_tr
O topla bunu yapmayı nasıl becerdi?,Aptalın teki.,opus_opensubtitles_tr
Hamileyim.,Kimden?,opus_opensubtitles_tr
Bilmiyorum.,Bu doğru değil.,opus_opensubtitles_tr
Çocuk sahibi olamayacağını söylemiştin.,Yalan söyledim.,opus_opensubtitles_tr
"Bu konuda yalan söylediğin zaman Desi, önlem alman gerekir.",Gel.,opus_opensubtitles_tr
Oturalım.,Konuşuruz.,opus_opensubtitles_tr
Daha önce konuşmalıydık.,Haberin olduğunu biliyordum.,opus_opensubtitles_tr
Konuşmamıza gerek yoktu.,Ramiro dışında hepimiz biliyorduk.,opus_opensubtitles_tr
Fakat bittiğini sanıyorduk...,Şimdi görüyorum ki bitmemiş.,opus_opensubtitles_tr
Ramiro'ya ne söyleyeceksin?,Gerçeği...,opus_opensubtitles_tr
Delirmişsin sen.,Ona gerçeği söyleyemezsin.,opus_opensubtitles_tr
Bu şekilde devam edemezsiniz.,Seni ilk gördüğümden beri beni sana esir eden bu coşkun hisse kapılmadan seninle iki kelime konuşamadım.,opus_opensubtitles_tr
Ramiro'yu bekliyorum.,"Laura'nın dediklerine rağmen, ona gerçeği söyleyeceğim.",opus_opensubtitles_tr
Hoşuna gidecek bazı haberlerim var.,Bebeğimiz olacak.,opus_opensubtitles_tr
"Haklılarmış, doktorlara güven olmazmış.",Sana söylemem gereken bir şey var.,opus_opensubtitles_tr
Ben de Madrid'de bir doktora göründüm.,Çocuk sahibi olamayacak olan benim.,opus_opensubtitles_tr
Ya da her ikimiz.,Gerçi şimdi senin olabileceğin görülüyor.,opus_opensubtitles_tr
Ne yapacaksın?,O çocuk doğmamalı.,opus_opensubtitles_tr
Belki doğrusu bu olabilir.,Ama doğurmaya kararlıyım.,opus_opensubtitles_tr
Öyle konuştuğum için beni bağışla.,Bu inancıma aykırı...,opus_opensubtitles_tr
Boşanmak.,Boşanmak mı?,opus_opensubtitles_tr
Bütün arkadaşlarımızın maskarası olurum.,- İstediğin bu mu?,opus_opensubtitles_tr
- Yalnızca çocuğumu doğurmak istiyorum.,Babası kim?,opus_opensubtitles_tr
- Bir Türk mü?,"- Evet, bir Türk.",opus_opensubtitles_tr
Ne yaptığının farkında mısın?,O Türk'ün nesi vardı?,opus_opensubtitles_tr
Eminim bunu gerçekten öğrenmek istemiyorsundur.,Seçmek zorunda olan sensin.,opus_opensubtitles_tr
Çocuğun simgelediği her şeyle olan bağını kopartır mısın?,- Evet.,opus_opensubtitles_tr
- Yemin eder misin?,Çocuğumun evimizde yetişmesini tercih ederim...,opus_opensubtitles_tr
Öyleyse her şey olduğu gibi kalacak.,Çok tatlı.,opus_opensubtitles_tr
- Annesi nasıl?,- Gerçekten çok mutlu.,opus_opensubtitles_tr
Çok kolay bir doğum oldu.,İşte annenin yanındasın.,opus_opensubtitles_tr
Canım.,Onu sevecek misin?,opus_opensubtitles_tr
"Çok güzel, değil mi?","Evet, öyle.",opus_opensubtitles_tr
Annene gel.,Annene gel.,opus_opensubtitles_tr
Annene gel Ivan.,Ramiro!,opus_opensubtitles_tr
Bebek!,Canım.,opus_opensubtitles_tr
Ne oldu?,Don Angel'i ara.,opus_opensubtitles_tr
Tamam canım.,Tamam canım.,opus_opensubtitles_tr
Nihayet.,"Arabam bozuldu, yolda hiç taksi de yoktu.",opus_opensubtitles_tr
- Ateşi var ve havale geçiriyor.,- Bir bakayım.,opus_opensubtitles_tr
Ne oldu?,Uyuyorduk ve boğuluyor olduğunu hissettim.,opus_opensubtitles_tr
Tamam.,"Soğuk bir duş hazırla, hemen.",opus_opensubtitles_tr
Ne oldu doktor?,Neden hareket etmiyor?,opus_opensubtitles_tr
Çocuğumun nesi var?,"Hayır olamaz, olamaz.",opus_opensubtitles_tr
Ama neden?,Neden?,opus_opensubtitles_tr
Neden?,Neden?,opus_opensubtitles_tr
Neden?,"Üzgünüm, elimden gelen hiçbir şey yoktu.",opus_opensubtitles_tr
"Neden Tanrım, neden?",Neden?,opus_opensubtitles_tr
Oğlum!,Tanrım!,opus_opensubtitles_tr
Zavallı Desi için ne büyük bir felaket!,Yalnız kalmak istiyor.,opus_opensubtitles_tr
Uzun süre sonra böyle bir durumda buluştuk.,Çok hüzünlü bir an.,opus_opensubtitles_tr
Oğlum...,Annen çıldırıyor.,opus_opensubtitles_tr
Unutmaya çalıştı ama başaramadı.,"Şimdi ise, senin ona tek çıkış yolunu gösterdiğini düşünmek istiyor.",opus_opensubtitles_tr
Hislerine çeki düzen vermek için son şansı...,Bu gitmem gereken bir randevu.,opus_opensubtitles_tr
Seni küçük mezarında bırakıyorum.,Sen beni özlemeyeceksin.,opus_opensubtitles_tr
Ben seni özleyeceğim.,Ben seni özleyeceğim.,opus_opensubtitles_tr
Ben seni özleyeceğim.,Bebeğim.,opus_opensubtitles_tr
Bebeğim.,Sen geri geldiğinde ben burada olmayacağım.,opus_opensubtitles_tr
Neden ve nereye gittiğimi biliyorsun.,Tek bir mazeretim var.,opus_opensubtitles_tr
Kızgınım ve kızgınlığıma kulak vermek istiyorum.,Her hakkımdan feragat ediyorum.,opus_opensubtitles_tr
Desideria.,Yaman nerede?,opus_opensubtitles_tr
Yaman.,Yaman Dündar.,opus_opensubtitles_tr
Ortahisar.,- Ortahisar?,opus_opensubtitles_tr
- Ortahisar.,Teşekkürler.,opus_opensubtitles_tr
Yaman.,Benim.,opus_opensubtitles_tr
Benim.,Benim.,opus_opensubtitles_tr
"Bekle, bekle.","Bekle, bekle.",opus_opensubtitles_tr
"Bekle, kıpırdamanı istemiyorum.","İşte böyle, bu şekilde kal.",opus_opensubtitles_tr
İşte böyle.,Böyle hissetmeni istiyorum.,opus_opensubtitles_tr
İçime gir.,Kıpırdama.,opus_opensubtitles_tr
Yaman...,Bir çocuğumuz oldu.,opus_opensubtitles_tr
Kısa süre önce öldü.,Başka çocuk yapacak mıyız?,opus_opensubtitles_tr
Her şeyi unutmanı istiyorum.,Bambaşka bir kadın olmanı istiyorum.,opus_opensubtitles_tr
"Peki, başka çocuk yapacak mıyız?",Elbette.,opus_opensubtitles_tr
Tanrı izin verirse...,Senin Tanrın mı benimki mi?,opus_opensubtitles_tr
İkisinin de izin vermesi lazım.,İstemeseler bile...,opus_opensubtitles_tr
Bu bir düğün.,Düğün yarın.,opus_opensubtitles_tr
Bugün gelin arkadaşları ile vedalaşıyor.,Gitmek ister misin?,opus_opensubtitles_tr
"Evet, elbette.",Bir hediye almamız gerekiyor.,opus_opensubtitles_tr
Tek başına gitmelisin.,Benim girmeme izin verilmiyor.,opus_opensubtitles_tr
Gel.,İçeri buyrun.,opus_opensubtitles_tr
Burası sizin eviniz hanımefendi.,Biliyorum biraz baharat kokuyor.,opus_opensubtitles_tr
Eğitimli Batı koklama duyusuna ağır geliyor.,Ne yapabilirim ki?,opus_opensubtitles_tr
Ben Türk'üm.,Kokan şey bu.,opus_opensubtitles_tr
Ben bu şekilde yaşıyorum!,Tek başımayım.,opus_opensubtitles_tr
Tek başınaydın.,Çatı katına çıkarsan muhteşem bir manzara göreceksin.,opus_opensubtitles_tr
Çatı katına çıkmak istemiyorum.,Artık yalnız değilim.,opus_opensubtitles_tr
Artık yalnız değilim.,Daha...,opus_opensubtitles_tr
Şurayı imzalayın.,Hepsi tamam.,opus_opensubtitles_tr
Güle güle.,Teşekkürler.,opus_opensubtitles_tr
Görüşmek üzere.,- Günaydın.,opus_opensubtitles_tr
- Merhaba.,İkamet izni nasıl alınır bilgi almak istiyorum.,opus_opensubtitles_tr
- Türkiye'de ne kadar kalacaksınız?,- Süresiz.,opus_opensubtitles_tr
- Mesleğiniz?,- Evhanımıyım.,opus_opensubtitles_tr
- Eşiniz var mı?,"- Eşim İspanya'da, bir Türk'le yaşıyorum.",opus_opensubtitles_tr
Vizenizi bir süreliğine uzatabilirim ama burada yaşamak istiyorsanız ikamet izni almanız gerekiyor.,"Biraz araştırın, burada kalmak istiyorsanız belirli bir mesleğiniz olması gerekiyor.",opus_opensubtitles_tr
- Bırakayım mı?,- Uzakta oturuyorum.,opus_opensubtitles_tr
"- Farketmez, atla.",Saat 5'de havaalanına gitmesi için tembih edildiğini söylüyor ama emin değilim.,opus_opensubtitles_tr
- Türkçe biliyor musun?,- Öğrenmeye çalışıyorum.,opus_opensubtitles_tr
Bayağı bir uğraşman gerekecek.,"Çok naziksiniz, teşekkürler.",opus_opensubtitles_tr
"Pardon, sizi nasıl çağırayım?","Desideria akılda kalıcı bir isim değil, buralara pek uygun değil ayrıca...",opus_opensubtitles_tr
- Dostlarım bana Desi der.,"- Tamam, Desi.",opus_opensubtitles_tr
Başın sıkışırsa unutma sabah çalışıyorum.,Her sabah konsolosluktayım.,opus_opensubtitles_tr
- Başın sıkışırsa derken?,"- Türkiye'desin, bir Türkle yaşıyorsun, komşuların Türk...",opus_opensubtitles_tr
Bir süre sonra muhakkak başın sıkışacaktır.,- Umarım yanılırsınız.,opus_opensubtitles_tr
- Umarım.,Adım Paulina Orozco.,opus_opensubtitles_tr
"Paulina Orozco, yanılıyorsun güzelim.","Sana ihtiyacım yok, olmayacak da.",opus_opensubtitles_tr
Bu hayatı kendim seçtim çünkü bir ilahım var.,Tapılası bir ilah!,opus_opensubtitles_tr
Gece gündüz beni mest eden bir ilah!,"Çıldırdın mı sen, şaka mı bu?",opus_opensubtitles_tr
Nereden çıktı şimdi bu kıyafet?,Efendimi geceye hazırlıyorum!,opus_opensubtitles_tr
"Seni seviyorum, seni seviyorum.",Seni varolan herşeyden çok seviyorum.,opus_opensubtitles_tr
Yeter!,Kes şunu!,opus_opensubtitles_tr
"İstediğim sadece sevişmek, ve bunun keyfini sürmek ilişkiyi trajediye çevirmeye hiç gerek yok.",Kendini kaybetmişin sen ve buna katlanmam.,opus_opensubtitles_tr
Anladın mı?,"Gel, lütfen.",opus_opensubtitles_tr
"Seni seviyorum, seni seviyorum.","Seni seviyorum, seviyorum.",opus_opensubtitles_tr
Ne istersen yaparım senin için.,Ben Yaman'ın annesiyim.,opus_opensubtitles_tr
Bunlar da Yaman'ın oğlu ve kızı.,- Sen kimsin?,opus_opensubtitles_tr
- Ben mi?,Ben Yaman'ın fahişesi oluyorum.,opus_opensubtitles_tr
Tek kelimesi anlamıyorum.,- Annen mi?,opus_opensubtitles_tr
- Evet.,- Bunlar benim çocuklar.,opus_opensubtitles_tr
- Annen değil de sanki karın gibi geldi bana.,"Lafını bil, sana annem dedim!",opus_opensubtitles_tr
Şimdi de karınla iki çocuğun ortaya çıktı.,Tahmin etmeliydin...,opus_opensubtitles_tr
Koca İstanbul'da bir başıma ne yapacağım?,"Türkçe bilmiyorum, evimin yanında mezarlık var ve akşam ne zaman geleceği belli olmayan resmi eşi olan bir adamla yaşıyorum.",opus_opensubtitles_tr
Biz çoktan boşandık.,Sana aşık olduğumda onlar zaten vardı.,opus_opensubtitles_tr
Pek sesin soluğun çıkmazdı o zamanlar.,Sadece bir süreliğine kalacaklar.,opus_opensubtitles_tr
Ne oldu?,Bir şey mi oldu?,opus_opensubtitles_tr
Yanıyor bu!,Aspirin nerede biliyor musun?,opus_opensubtitles_tr
İnanamıyorum!,"Bu karısı değil, başka biri daha olmuş.",opus_opensubtitles_tr
Kıskanıyor muyum ne?,Ben geldim.,opus_opensubtitles_tr
- Aşkın geldi.,- Bu nedir?,opus_opensubtitles_tr
3 adet toka!,"Tesadüfen buldum, kimin bunlar?",opus_opensubtitles_tr
- Sen ilksin dediğimi hatırlamıyorum ben.,- Ama sonuncu olmak istiyorum.,opus_opensubtitles_tr
-O zaman yanlış yoldasın canım.,- Yemeklerini yediler mi?,opus_opensubtitles_tr
- Evet yedirdim...,Aspirinini verdim hatta ninni bile söyledim.,opus_opensubtitles_tr
- Kafayı üşütmeye başladım.,- Sakinleş biraz.,opus_opensubtitles_tr
Sakin!,Sakin!,opus_opensubtitles_tr
"Bir işe girip çalışsam, hem kafamı da dağıtmış olurum.","Türkçe bilmiyorsun üstelik öğrenmek için çaba da göstermiyorsun öğrenmen için vesile olur, yanımızda iş vereceğim sana.",opus_opensubtitles_tr
Müşterilere çay kahve ikram et diyor.,Halıların fiyatlarını söylerken acele etme.,opus_opensubtitles_tr
Müşteriye beğenmediği halıyı elemesi için süre tanı.,Çünkü müşteri bu.,opus_opensubtitles_tr
"Bir beğenir, iki alır.",Bazen de üç.,opus_opensubtitles_tr
Hatta dört.,"Müşteriye %30 civarı ıskonto yapmak hakkın var, diyor.",opus_opensubtitles_tr
İkamet izni almanın en iyi yolu çocuk doğurmak.,Evlilik cüzdanım olur ve eşimi de en iyi şekilde temsil etmiş olurum.,opus_opensubtitles_tr
"Türklerin sağı solu belli olmaz, bu Yamanı iyi tanıyor musun, ne iş yapıyor?","Rehberlik yapıyor, boş vakitlerinde ise kardeşinin dükkanına uğrayıp, ona yardımcı oluyor.",opus_opensubtitles_tr
Pek matah bir meslek sayılmaz.,Rehberlere güven olmaz.,opus_opensubtitles_tr
Her an bir veda notu ile uyanabilirsin.,"Baykuştan betersin, başka?",opus_opensubtitles_tr
HIV virüsü için önlem anlıyor musun?,"Umrumda değil, kendi seçimim.",opus_opensubtitles_tr
"Onu seviyorum, sonucuna katlanırım.","Öyle mi, başına ne çoraplar öreceğinden haberin var mı?",opus_opensubtitles_tr
Bana öyle geliyor ki yakında hasediniz sizi orta yerinizden çatlatacak!,- Sana nasihat vermeye çalışıyorum.,opus_opensubtitles_tr
- Senden su bile istemiyorum.,Tebrikler aşkım.,opus_opensubtitles_tr
Ne kutluyoruz?,"Pekala, dinliyorum?",opus_opensubtitles_tr
Kendin oku!,- İmkansız.,opus_opensubtitles_tr
"- Evet, bebeğimiz olacak.","Olmaz, hemen aldırmamız lazım.",opus_opensubtitles_tr
"Şu ana kadar senden hiçbir şey istemedim, yalvarıyorum bunu bana yapma.","2 tanesiyle zor başa çıkıyorum, bir de üçüncüsüne bakamam.",opus_opensubtitles_tr
"Vaktim yok, sadece haftasonları alabiliyorum, görmüyor musun...",Desi?,opus_opensubtitles_tr
- Bitti mi?,- Evet canım.,opus_opensubtitles_tr
Gözüm hep üstündeydi aşkım...,Çok ağrıyor.,opus_opensubtitles_tr
Bir terslik mi oldu?,Ne işim var burada?,opus_opensubtitles_tr
Merak edilecek bir şey yok bebeğim ufak bir komplikasyon oluştu hepsi bu.,Birkaç gün daha seni misafir etmek zorundayız.,opus_opensubtitles_tr
Doktor bilmen gerektiğini söyledi.,Kürtaj ağır geçti...,opus_opensubtitles_tr
Metin ol!,"Ne yazık ki, bir daha çocuğun olmayacak.",opus_opensubtitles_tr
"Tanrım, bu acıyla nasıl yaşanır!","Mutlu olmam lazım, mutlu olmam lazım tek isteğim mutluluk.",opus_opensubtitles_tr
- Bir terslik mi var?,- Önemli değil.,opus_opensubtitles_tr
- Kaç boncuk var?,- 33 tane.,opus_opensubtitles_tr
Bu bir tespih denir ve aslında Allahın 99 adına tekâbülen 99 boncuğu bulunur..,- Tüm isimlerini biliyor musun?,opus_opensubtitles_tr
"- Hepsini değil, tespih beni rahatlatır.","Bugün bir müşteri gelecek, ona karşı çok nazik ol.",opus_opensubtitles_tr
Çok özel bir müşteridir.,- Onu bu kadar özel yapan nedir?,opus_opensubtitles_tr
- Bu ekmek teknesine iyi bak...,Bu hale getirene kadar canımız çıktı.,opus_opensubtitles_tr
"Ben, abim, çocuklarım ve sen!",Hepimiz buradan geçiniyoruz.,opus_opensubtitles_tr
Bizi müşkül duruma sokma...,"Hiç merak etme, müşterinin gönlünü elimden geldiğince hoş tutarım.",opus_opensubtitles_tr
Çay alır mıydınız?,Gitmem gerek.,opus_opensubtitles_tr
Size eşsiz bir parça göstermek istiyorum.,Abim bir Kapadokya gezisi sonrası eşine az rastlanır bir kilim bulup getirdi.,opus_opensubtitles_tr
Yarın işin yoksa 5 gibi seni görmek isterim.,"Önce beraber çay falan içeriz, sonra da...",opus_opensubtitles_tr
Onunla görüşeceksin.,Sana ona karşı nazil ol demiştim.,opus_opensubtitles_tr
O çok nüfuslu biri.,Bana bunu nasıl yaparsın?,opus_opensubtitles_tr
"Ha benim gönlümü hoş tutmuşun ha onun, ne fark var?",Ya beni becermeye çalışırsa ne olacak?,opus_opensubtitles_tr
Sanırım birbirimizi yanlış anladık.,"Ben seni iyi anladım Desi, sen de beni anlamaya çalış.",opus_opensubtitles_tr
Nasıl?,- Buyurun?,opus_opensubtitles_tr
- Nakliye olmasın.,"- Paulina, acilmiş.",opus_opensubtitles_tr
"İyi araştır, ben sonra sana dönerim.",Evet...ne oldu?,opus_opensubtitles_tr
Şu anda neredesin?,"Sakinleş biraz, sakin!",opus_opensubtitles_tr
Kendimi katil gibi hissediyorum.,- Pasaportun yanında mı?,opus_opensubtitles_tr
- Hayır evde unuttum.,Pasaportunu al ve konsolosluğa gel hemen.,opus_opensubtitles_tr
- Beş kuruşum yok.,"- Merak etme, ben hallederim.",opus_opensubtitles_tr
Görüşürüz.,Arturo otelde bekliyor.,opus_opensubtitles_tr
Gel önce biraz laflarız.,Laura!,opus_opensubtitles_tr
Çok acı çekiyorum.,Kalbim kırık ve hayata küstüm.,opus_opensubtitles_tr
"Tamam Desi, artık hepsi geçti canım.","Bırak üzülmeyi, bir maceraydı bitti gitti.",opus_opensubtitles_tr
"Artık buradasın, unutmaya çalış.","Ben varım, arkadaşların var.",opus_opensubtitles_tr
Hepimiz arkandayız.,Arturo'yu arıyorum.,opus_opensubtitles_tr
Evet geldik.,"Bana çok değişmişsin deme Desi, çünkü biliyorum.",opus_opensubtitles_tr
Değiştim!,Evlilik çok ciddi bir müessese.,opus_opensubtitles_tr
Ben Ramiro ile değil Yaman'la evliyim artık.,Bu gerçeği inkar edemem.,opus_opensubtitles_tr
O yüzden de hayatını bir Türk'e adayarak mahvediyorsun.,Başka çarem var mı?,opus_opensubtitles_tr
- Merhaba Desi?,- Nasılsın Arthuro?,opus_opensubtitles_tr
Arthuro ile ben tekrar aranızı yapabiliriz.,Yani Ramiro ile demek istiyorum.,opus_opensubtitles_tr
Herhalde sen de aynı fikirdesin.,"- Bakın, benim için sadece Yaman var.",opus_opensubtitles_tr
- Bu Türk'ün özel kılan ne?,Böyle çekik gözleri var...,opus_opensubtitles_tr
Ayrıca çok sağlam bir aleti var...,Her gece rüyalarıma giriyor.,opus_opensubtitles_tr
"Buyum ben, kaltağın tekiyim işte.",Her sokuşunda beni öttürüşünü seviyorum.,opus_opensubtitles_tr
"Şimdi lütfen, beni rahat bırakın.",Kafamı dinlemem lazım biraz.,opus_opensubtitles_tr
Sen çıldırmışsın Desi.,- Ne alırdınız?,opus_opensubtitles_tr
- Bir acıbadem şurubu lütfen.,- Hemen geliyor.,opus_opensubtitles_tr
- Ne içersiniz?,- Bira lütfen.,opus_opensubtitles_tr
- Başka arzunuz?,- Ben tonik alayım.,opus_opensubtitles_tr
- Ben de limonata lütfen...,- Sıkıldınız mı?,opus_opensubtitles_tr
- Düşünüyordum biraz.,Bu bir cevap değil.,opus_opensubtitles_tr
Bize katılmak istemez miydin?,- Böyle iyim ben.,opus_opensubtitles_tr
- Ben İvan...,- Desideria.,opus_opensubtitles_tr
- Tesirli mi?,Desideria.,opus_opensubtitles_tr
Kısaca Desi derler.,- Buyurun.,opus_opensubtitles_tr
- Teşekkürler.,Yolculuk nereye peki?,opus_opensubtitles_tr
-...yada nereden?,- İstanbul'dan geldim.,opus_opensubtitles_tr
- İstanbul mu?,- Bir Türkle evliyim.,opus_opensubtitles_tr
"Bir Türkle mi, cidden mi?","Tanıştığımız memnun oldum, vaktiniz olduğunda bir gün sohbet edelim...",opus_opensubtitles_tr
- Yani eşiniz hakkında?,- Gitmeyin.,opus_opensubtitles_tr
Neden?,- Ben oyun oynamam.,opus_opensubtitles_tr
- Bu gün gibi açık.,Gidiyor musun?,opus_opensubtitles_tr
- Affet beni.,- Niçin?,opus_opensubtitles_tr
Yaman dışında birini sevebilir miyim öğrenmem gerekiyordu.,Şu Türk değil mi?,opus_opensubtitles_tr
Artık biliyordum.,- Gerçekten harikaydı ama...,opus_opensubtitles_tr
- Ama ne?,"Orospunun biriyim ben, daha tanışalı birkaç saat olmadı, yatağına girdim.",opus_opensubtitles_tr
Tüm hayatını lavuğun tekine adayan bir orospu.,- Nereye kayboldun?,opus_opensubtitles_tr
- Madrid'de.,Söyle şimdi ne yapayım seni?,opus_opensubtitles_tr
"Döndüm, istersen beni gebert.",Seni yaka paça sokağa fırlatıp atmalıydım.,opus_opensubtitles_tr
Git yüzüne buz koy biraz.,Beni seviyor musun?,opus_opensubtitles_tr
- Karar veremiyorum bir türlü.,- Acele etmeyin.,opus_opensubtitles_tr
- Ne zaman dönüyorsunuz?,- Salı günü.,opus_opensubtitles_tr
Şimdi bir bakalım en çok beğendiğiniz parçayı bir kenara ayırmakla başlayabiliriz.,Acele etmeyin yeter.,opus_opensubtitles_tr
- Girebilir miyim?,- Kapı açık.,opus_opensubtitles_tr
Kravata hiç gerek yok.,"Dur, yeni giyindim üstümü.",opus_opensubtitles_tr
Giyiniksen ne olmuş?,Bir buse...bir buse...,opus_opensubtitles_tr
"""İspanya'da tek bir buse, aşkın en büyük işaretidir.""","""...asla yanılmaz"".",opus_opensubtitles_tr
Teşekkürler.,"""Kutsal Bakire Meryem, bir Fransız olmaktansa...""",opus_opensubtitles_tr
"""...","Aragones birliklerine komuta etmeyi yeğlerim"" diyor.",opus_opensubtitles_tr
Tercüme et.,"""Bakire Meryem, bir Fransız olmaktansa...""",opus_opensubtitles_tr
"""...","Aragones birliklerine komuta etmeyi yeğlerim"" diyor.",opus_opensubtitles_tr
Fransa'da yeteri kadar bakire var zaten.,Fransa'da yeteri kadar bakire var zaten.,opus_opensubtitles_tr
"Tüm Fransızlar sizin gibiyse, pek fazla kalmamıştır herhalde.","Tüm Fransızlar sizin gibiyse pek kalmamıştır, diyor.",opus_opensubtitles_tr
"""Yârimin bir busesini...""","""...değişmem dünyada hiçbir şeye.""",opus_opensubtitles_tr
Bir busesi...bir busesi...,"Tekmeleyip durmasana, yanlış bir şey mi söyledim ben?",opus_opensubtitles_tr
Sanırım biraz geç oldu.,"Sevgili Yaman dükkanını erken açar, o yüzden de her sabah erken kalkar.",opus_opensubtitles_tr
Ne zaman istersen kalkarız canım.,Kraliçemizi de götürmüyorsunuz değil mi?,opus_opensubtitles_tr
"Evet, günün kraliçesi!","Elbette gecenin tadını çıkarmanız için sizi kraliçemizle başbaşa bırakıyor ve hürmetlerimi sunuyorum, keyfinize bakın.",opus_opensubtitles_tr
Alain ve sekreterimle beraber muhakkak yarın ziyaretinize geleceğiz.,Sizinle anlaşmaya varacağımıza eminim.,opus_opensubtitles_tr
Blanche ve Alain'a otele kadar eşlik edebilir misiniz?,Memnuniyetle.,opus_opensubtitles_tr
Türkler çok misafirperver.,"Ne zor şartlar altında çalıştığımı, kimlerle uğraşmak zorunda kaldığımı düşünmüş müydünüz?",opus_opensubtitles_tr
Peki sizin eşimi önüme gelenle boynuzladığım aklına ucundan geçer miydi?,- Yaman...,opus_opensubtitles_tr
- Nerdesin?,- Paulina'dayım.,opus_opensubtitles_tr
- Emin misin?,- Kesinlikle hatta şu an ona bakıyorum.,opus_opensubtitles_tr
- Neden hiç aramadın?,- Meşgulsündür diye düşündüm.,opus_opensubtitles_tr
- Hemen gel.,Seni seviyorum.,opus_opensubtitles_tr
- Ben de seni seviyorum.,- Bu halin nedir?,opus_opensubtitles_tr
- Sadece bir hediye.,Yoksa geri mi çevirmeliydim?,opus_opensubtitles_tr
Yürü!,Çıkar şunları!,opus_opensubtitles_tr
- Yoksa hoşuna gitmedi mi?,- Hayır bayıldım.,opus_opensubtitles_tr
- Ağzımı burnumu kırmayacak mısın?,"- Hiç anlamayacaksın, değil mi?",opus_opensubtitles_tr
Gel buraya!,"Seni en iyi öttüren kim, söyle bana!",opus_opensubtitles_tr
Bir iyilik daha istersem yapar mısın?,- Büyük bir iyilik.,opus_opensubtitles_tr
"- Evet, evet.",Yüzümü kara çıkarmazsın değil mi?,opus_opensubtitles_tr
Bu paketi ona teslim et!,"İspanyolca mı, yoksa Fransızca mı tercih edersin?",opus_opensubtitles_tr
Fransızca konuşabilirsiniz.,Miktar eksik.,opus_opensubtitles_tr
- Evli misiniz yoksa...,- Evliyim.,opus_opensubtitles_tr
Daha fazla olmalıydı.,Şayet Yamin...adı bu değil mi?,opus_opensubtitles_tr
- Hayır Yaman.,- İşin riskinden haberdardı.,opus_opensubtitles_tr
Yaptığına ateşle oynamak denir.,Benim örgütümde yalanla dolana yer yoktur.,opus_opensubtitles_tr
Demek eksik parayı seninle tamamlamak istiyor.,O pisliğin ne dolaplar çevirdiğinden haberi yok senin.,opus_opensubtitles_tr
"Dostun mu, yoksa sevgilin mi?",Ne kadardır tanıyorsun onu?,opus_opensubtitles_tr
Sevgilim!,Müthiş bir aşıktır.,opus_opensubtitles_tr
Bakalım doğru anlamış mıyım?,Bizimle iş yapıyor...,opus_opensubtitles_tr
"Sevgilin çok kurnazmış, hem de çok.",Gerçekten çok kurnaz.,opus_opensubtitles_tr
Ama bizi salak yerine koyuyor.,- Bir fırt ister misin?,opus_opensubtitles_tr
- Hayır teşekkürler.,Şimdi...ne diyordum?,opus_opensubtitles_tr
Sevgilinin üstüne kondurmayacağına kalıbımı basarım ama halıları yurtdışına çıkartırken içine beyazı zulalıyor yani kendisi çok zeki.,Peki neden kurnaz biliyor musun?,opus_opensubtitles_tr
"Çünkü bizi kazıklıyor, bazı halıların, yani antika olmayanları gözden kaçırdığımızı sanıyor.",Yolda bir şekilde kayboluyorlar her nasılsa?,opus_opensubtitles_tr
"Nasıl, biraz daha rahat mısın?",Umarım korkunç fantezilerin yoktur.,opus_opensubtitles_tr
Merak etme.,Oldukça kibarımdır.,opus_opensubtitles_tr
"Giyin üzerine, çok güzelsin.",Senden çok hoşlandım.,opus_opensubtitles_tr
Lavuk sevgilini bırakmaman şartıyla...,Seç bir hediye kendine.,opus_opensubtitles_tr
Hanımefendi seçiminiz hazine değerinde.,İstiyorsanız sizindir.,opus_opensubtitles_tr
Bekle.,Adı Şehvet'dir ve en değer verdiğim kadınlardan birine ait eşsiz bir parçadır.,opus_opensubtitles_tr
"Lütfen, mümkünse kurşunları istemiyorum.","Kurşunlar dert etme, çok küçükler.",opus_opensubtitles_tr
"Eğer bir gün ihtiyacın olursa böyle tutup, sık kafasına.",Aç kapıyı!,opus_opensubtitles_tr
- Gitme oraya.,- Ne oluyor?,opus_opensubtitles_tr
"Yaman'ı öldürecek olursam, söz seninle evleneceğim.","Millet bakın, takviye kuvvet geldi.",opus_opensubtitles_tr
Ha siktir!,Yarına kadar meşgul olursun diye düşünmüştüm.,opus_opensubtitles_tr
Bana yaptığım muameleyi neden onlardan esirgiyorsun?,- Öp beni.,opus_opensubtitles_tr
- Çabuk ol Alain.,Sigara bitti mi?,opus_opensubtitles_tr
Yaman?,Ali Paşa kahvesinde buluşuyoruz.,opus_opensubtitles_tr
"- Hayır, hep beraber gidiyoruz.",- Saat 6'da Denis'le randevum var.,opus_opensubtitles_tr
Şimdi gerçekten beni sevip sevmediğiniz göreceğiz.,"Cenaze merasiminde değiliz Desi, bu bir kutlama.",opus_opensubtitles_tr
- Sorun ne?,- Ben sadece seni istiyorum.,opus_opensubtitles_tr
İyi bir sevgilinin 2 önemli yükümlülüğü vardır.,Birincisi sahip olduğunu asla kaybetmemektir.,opus_opensubtitles_tr
İkincisi ise kaybetmek istemediğin kişiye körü körüne bağlanmamaktır.,Aşk mükemmeliyetçidir ve bütünlüğü sağlamak için her riske değer.,opus_opensubtitles_tr
Her ihtimale karşı alternatifler üretmelisin.,Bunu yapmazsan karşındakinin kölesi olursun ve inan karşındakini bıkıp usandırırsın.,opus_opensubtitles_tr
Bu kaltağı ne zamandan beridir tanıyorsun?,"Biraz içip güzelleşmeni istiyorum, herşeyi unutup, hayatın keyfini çıkar.",opus_opensubtitles_tr
Aşk dediğin hayatımız neşe katan bir oyundur.,"Oyun, öpücükler bitmediği sürece devam eder.",opus_opensubtitles_tr
...ve aynı bir parfüm gibi içimize işler.,"İpek elbiselerin altında kabarışını hissettiğiniz göğüs uçları yüreğinizin yerinde fırlamasına, kesik kesik soluk alıp verişinize neden olur.",opus_opensubtitles_tr
Malum yerlerinizde kasılmalara yol açıverir.,İşte aşkın keşfedilmeyi beklediği en hassas yuva orasıdır çoğunlukla iki kişi yetersiz bir miktardır onun için.,opus_opensubtitles_tr
"Dizlerden yukarıya hayâsızca sokulur, pürüzsüz kasıkların arası ıslanarak içine bir penisin abanmasını arzu eder.","Bir kahküldür, bazen bir koltukaltı, bir elmacık kemiği yada bir çift dudak.",opus_opensubtitles_tr
"Gördün mü, onu sevmediğimi bilmesine rağmen hiç ses etmiyor.","Tatlım, hayatın tadını çıkarması için ona yardımcı olsan biraz?",opus_opensubtitles_tr
"Bu ne ciddiyet böyle, merak etmeyin eşinizi çalmaya hiç niyetli değilim.",Bu sadece bir oyun.,opus_opensubtitles_tr
Bu sürtükle ne zamandır beri yatıyorsun dedim sana?,Çekilecek dert değilsin.,opus_opensubtitles_tr
Desi yavrum...,Senle yada sensiz...,opus_opensubtitles_tr
bu fıstığı sabaha kadar öttüreceğim.,Yıkıl karşımdan ve bir daha sakın ama sakın karşıma çıkayım deme.,opus_opensubtitles_tr
Çıkarken kimseye fark ettirmemeliyiz.,Beni arkadaşının evine götür.,opus_opensubtitles_tr
"Gitmesi lazım, uzaklaştır onu.",Desi'yi uzak tut benden.,opus_opensubtitles_tr
Doktor!,Doktor yok mu!,opus_opensubtitles_tr
Elveda tüm arzularım.,Elveda size hiç doğuramayacağım bebekler.,opus_opensubtitles_tr
Elveda siz dost bildiklerim.,"Elveda size aşklarım, dostluğumu zaten hiç hak etmemiştiniz.",opus_opensubtitles_tr
Yolun sonu.,Kelimeler yetersiz kaldığı an.,opus_opensubtitles_tr
Hepsinin çıktığı yol aynı sanki.,Yalnızlığım zaman geçtikçe daha bir koymaya başladı.,opus_opensubtitles_tr
Böyle bir lekeyle yaşamaktansa ölmeyi yeğlerdim.,Çeviri:,opus_opensubtitles_tr
HOLSTER,GECE GEÇİŞİ,opus_opensubtitles_tr
# Nehri izle,# Nehir yolu bilir,opus_opensubtitles_tr
"# Bana gel, dua ederim",# Seni her gün daha fazla özlüyorum,opus_opensubtitles_tr
# Nehri izle,# Nerede olursan ol,opus_opensubtitles_tr
# Nehri izle bana dön,# Bazen ayın üzerinden atlayabileceğimi hissediyorum,opus_opensubtitles_tr
# Ve yukarıdaki gökyüzü söyle,# Dolunayın nasıl olduğu fark eder mi,opus_opensubtitles_tr
# Kalbin boş olduğu zaman,# Büyük aşkı geri getir,opus_opensubtitles_tr
# Bir zamanlar bildiğimiz aşkı,# Rüyalarımı gerçeğe dönüştür,opus_opensubtitles_tr
# Rüyamda seninleydim,# Nehri izle,opus_opensubtitles_tr
# Nerede olursan ol,# Nehri izle bana dön,opus_opensubtitles_tr
# Nehri izle,# Nerede olursan ol,opus_opensubtitles_tr
# Nehri izle bana dön,Ben işime dönmeliydim.,opus_opensubtitles_tr
Bütün oyunlarını kaybetme.,"- Merhaba, Mac.",opus_opensubtitles_tr
"- Selam, Click.",Merhaba millet.,opus_opensubtitles_tr
- Selam.,- Merhaba.,opus_opensubtitles_tr
"Eve hoş geldin, adam.",Gel otur ve bize bir melodi dinlet.,opus_opensubtitles_tr
- Ödemeyi sözle yapacağız.,- Lafla insanın karnı doymaz.,opus_opensubtitles_tr
O kartlardan da onlardan da vazgeçemez.,McLaine!,opus_opensubtitles_tr
"- Hayır, gerçekten o yapamaz.","- Nerede kaldın, neler oldu?",opus_opensubtitles_tr
Onlar Wyoming yolunu döşüyorlardı.,Teknisyene ihtiyaçları var.,opus_opensubtitles_tr
- Bana ihtiyaç duymadılar.,- Bu çok kötü.,opus_opensubtitles_tr
Sen akordionu çalarsan on sent ve birkaç nikel alabilirsin.,"Doğru, Tim.",opus_opensubtitles_tr
"Hey, bu nedir?",Oyun eşli mi oynanıyor?,opus_opensubtitles_tr
Ödeme günü ne zaman?,"Yarın, eğer onlar Whitey Harbin'den parayı kaçırabilirlerse.",opus_opensubtitles_tr
Bunu yapamazlar.,"O, üç kez trenden maaşları çaldı.",opus_opensubtitles_tr
"Onu geçip gelecekler, yoksa kardan önce hiçbir çelik alamazlar.","- O'Brien, kapa çeneni!",opus_opensubtitles_tr
- Tamamen aynı fikirdeyim.,"Gündüz vardiyasından geceye, gece vardiyasından gündüze.",opus_opensubtitles_tr
Bir aydır para yok.,Sabrım kalmadı.,opus_opensubtitles_tr
Demiryolu onların olsun.,Haksız mıyım?,opus_opensubtitles_tr
- Haklısın!,- McLaine.,opus_opensubtitles_tr
Lütfen bana huzurlu bir melodi çal yoksa kendi ellerimle bir devrim yapacağım.,Ne demek istediğini anlıyorum.,opus_opensubtitles_tr
Onlar sizi rahatsız ediyor mu?,Demiryolunda çalışmadığın için şanslısın.,opus_opensubtitles_tr
Eğer sen bizim için uğraşsaydın bugün yorgun bir adam olurdun.,"Haklı olabilirsin, Tim.",opus_opensubtitles_tr
Haydi güzel bayanlar.,Bizimle dans edin.,opus_opensubtitles_tr
"Sana meydan okuyorum, Bay Feeney.",Karım nerede?,opus_opensubtitles_tr
Haydi!,"Büyük Ed, Junction City'e bağlanır mısın?",opus_opensubtitles_tr
Bu Kimball'a gidecek,"Senin talimatlarına göre, sana tavsiye ettiğim şu Grant McLaine burada hattın sonunda.",opus_opensubtitles_tr
Hattın sonunda demeye gerek yok.,Sadece burada de.,opus_opensubtitles_tr
Ondan uzak dur!,Ondan uzak dur!,opus_opensubtitles_tr
Ne dansı bu?,Rahat bırak...,opus_opensubtitles_tr
"Ait olduğun kendi çadırına git, seni orospu.",Sen ve demiryolun.,opus_opensubtitles_tr
Namuslu ailelerin arasına bunları getiriyor.,İki sente Junction City'den ihtiyarı geri getirirdim ve senin işini bitirirdi.,opus_opensubtitles_tr
Eğer iki sentin olsaydı!,Gene başladılar.,opus_opensubtitles_tr
Bir demiryolu yapımına eşleri ve bayanları karıştıramazsın.,Kes şu çaldığın ağır parçayı bana jig dansı çal.,opus_opensubtitles_tr
Bize jig dansı çal dedim.,Ayaklarına dikkat et.,opus_opensubtitles_tr
Onlar ağır.,Bana jig dansı mı çalarsın yoksa dişlerini mi kaybedersin?,opus_opensubtitles_tr
"Şimdi değil, Mac, şimdi değil.",O kötü biri değil.,opus_opensubtitles_tr
Sadece aptalın teki.,Kendini şanslı say.,opus_opensubtitles_tr
Bunu beş yıl önce yapsaydın iki gözünün arasına kurşunu yemiştin.,Onu adam öldürürken gördüm seni tuzsuz yiyebilirdi.,opus_opensubtitles_tr
Ne istersen çal.,"- Sen jig dansı istedin, şimdi dans et!",opus_opensubtitles_tr
"- İşte çalıyor, Feeney!",Hee-hee!,opus_opensubtitles_tr
Up Garryowen!,# Missouri'de çifçilik yapıyordum Ondan bıkmıştım,opus_opensubtitles_tr
# Bu yüzden kendime bir çanta ve silindir şapka aldım,# Ve seyehat için istasyona doğru yola çıktım,opus_opensubtitles_tr
# Ama hiç istasyon yoktu ve ben çok geçmeden öğrendim,# Şu demiryolu olmadan uzağa gidemezsin,opus_opensubtitles_tr
# Demiryolu olmadan uzağa gidemezsin,# Bir şey seni oradan alıp tekrar geri getirmelidir,opus_opensubtitles_tr
"# Oh, sen bir çocuk arabası ya da beygirle her yere gidemezsin",# Demiryolu olmadan uzağa gidemezsin,opus_opensubtitles_tr
# Demiryolu olmadan uzağa gidemezsin,# Bir makinan ve bir yolun olmalı,opus_opensubtitles_tr
"# Oh, demiryolu olmadan fazla uzağa gidemezsin #",Bu parçayı duymadım.,opus_opensubtitles_tr
Nereden geldi bu?,Evin civarında kavga çıktığı zaman babam bu parçayı çalardı.,opus_opensubtitles_tr
Bizim çocuklar hemen kavgayı bırakırlar ve hemen dansa başlarlardı.,Adam iyi çalıyor.,opus_opensubtitles_tr
Sadece onların dans etmesine izin verecek miyiz?,Seninle başlatalım.,opus_opensubtitles_tr
"Clarence Feeney, o orospulara bakmayı bırak ve karınla dans et.","- Uzak dur benden kadın, yorgunum.",opus_opensubtitles_tr
- Yorgun musun?,Bu benim dans günüm ya da kavga.,opus_opensubtitles_tr
Hangisini istiyorsun?,Sevgilim.,opus_opensubtitles_tr
İyi iş.,Sana yarın beş dolar vereceğim.,opus_opensubtitles_tr
Eğer Whitey para treninin geçişine izin verirse.,Üç kez yeterli.,opus_opensubtitles_tr
Onu tekrar çalmayacak.,Onunla bahse girme.,opus_opensubtitles_tr
Bu Whitey Harbin acayip bir adam.,Onun oldukça meraklı büyük patronu var.,opus_opensubtitles_tr
"Kimball, o seni görmek istediğini söylüyor.",- Burada olduğumu nasıl öğrenmiş?,opus_opensubtitles_tr
- Ben söyledim.,Burada diye.,opus_opensubtitles_tr
Onu sen oku.,"Müziği kesersem, korkarım Bayan Feeney bu sefer beni döver.",opus_opensubtitles_tr
"""Bana hemen Junction City'den rapor ver .",Acele.,opus_opensubtitles_tr
"Ben Kimball.""",- Belki sana verecek...,opus_opensubtitles_tr
- Başka bir şans mı?,Hayır.,opus_opensubtitles_tr
Onun tarzı değil.,- Ama onu göreceksin?,opus_opensubtitles_tr
- Onlar dansı bitirinceye kadar göremem.,"- Seni yaşlı cadı, şimdi...",opus_opensubtitles_tr
- Boyalı sürtük!,Bırak beni!,opus_opensubtitles_tr
Bırak!,"Bırak onu, dedim!",opus_opensubtitles_tr
- Tut şunu.,- Pekala.,opus_opensubtitles_tr
Ve babanın evde barışı sağlamak için çaldığı melodi bu mu?,Birkaç notayı yanlışlıkla dışarı atmış olmalıyım.,opus_opensubtitles_tr
Evet.,"- Teşekkürler, Tim.",opus_opensubtitles_tr
"- Güle güle, Mac.","- Kahveye geç mi kaldım, bayım?",opus_opensubtitles_tr
- Merhaba.,Biraz birşeyler kaldı sanıyorum.,opus_opensubtitles_tr
- Oh.,"Merhaba, bayan.",opus_opensubtitles_tr
- Attan insene.,Memnuniyetle.,opus_opensubtitles_tr
- Onlarla mı meşgul oluyorsun?,- Evet.,opus_opensubtitles_tr
Madeni çıkart ve erzağı topla.,Madencilerin hepsi Boston'da büyüdüğü için daha çok fasulye yiyebilirler.,opus_opensubtitles_tr
- Şimdi değirmene götürmemi istiyorlar.,- Hepsini bir seferde mi?,opus_opensubtitles_tr
"Hayır, bir seferde sadece birkaç tane.",Demiryolunun sonuna ulaşmak için bekelemekten yoruldular.,opus_opensubtitles_tr
"Aramızda kalsın, kardan önce biteceğini sanmıyorum.",Bitmemesini umuyorsun değil mi?,opus_opensubtitles_tr
- İlkin öyleydim.,- Uh-huh.,opus_opensubtitles_tr
İşimin biteceğini düşündüm.,Bitmedi.,opus_opensubtitles_tr
- Bitmedi mi?,- Hayır.,opus_opensubtitles_tr
Bu altın komik bir şey.,Demiryolunun olmadığı yerde herzaman birkaç budala bulunur.,opus_opensubtitles_tr
Sonra madenini dışarı çıkarmak için kendi adamlarını getirecek ve bana birkaç budala daha gönderecek.,Onlar çılgın madenciler!,opus_opensubtitles_tr
Şu iyi makinaların döküntülerine bak.,Halatlarla kovalar iki mil gidiyor.,opus_opensubtitles_tr
Geçen hafta bu şeylerin hepsi yukarıda kaldı.,Damar dışarı çıkartıldı mı yoksa düşük kaliteye mi denk geldi?,opus_opensubtitles_tr
Onlar iyi bir damara denk geldiler.,Uh-huh.,opus_opensubtitles_tr
"- Güzel bir kahveydi, Bayan...",- Bayan Vittles.,opus_opensubtitles_tr
Bayan Vittles.,Kesinlikle takdir ediyorum.,opus_opensubtitles_tr
- Önümde uzun bir yol var.,- Junction City'e de gidecek misin?,opus_opensubtitles_tr
Evet bayan.,Ama acele etmem gerekiyor.,opus_opensubtitles_tr
Ben arkadaş aramıyorum.,Bir ekip için on eşek yeterli.,opus_opensubtitles_tr
- Seni dağın etrafını dolanmaktan kurtarabilirim.,- Nasıl olacak?,opus_opensubtitles_tr
"Söylediğim gibi, çocuklar iyi bir damar buldular, dağın boyunca onu izle.",Onlar geçen hafta diğer tarafta kırma yaptılar ve orada hiçbir şey bulamadılar.,opus_opensubtitles_tr
Kasabaya çok güzel kestirme bir yol olur.,- Eminim olur.,opus_opensubtitles_tr
- Hala deli olduğumu düşünüyor musun?,- Gerçekten sevimli olduğunu düşünüyorum.,opus_opensubtitles_tr
- Oh!,- Bu tepelere zaman harcamaya mı gidiyorsun?,opus_opensubtitles_tr
"- Evet, Bayan.",Kar geldiğinde bir kadına ihtiyacın olacak.,opus_opensubtitles_tr
"Veya sıcak bir paltoya, yoksa dizlerin donacak.",Sıcak tutacak bir palto almaya gücüm yetmez.,opus_opensubtitles_tr
"Hoşça kalın, Bayan Vittles.",İnsanlar iple bağlanan buzağının ne hissettiğini merak eder.,opus_opensubtitles_tr
Şimdi onlara söyleyebilirsin.,Sen neden karışıyorsun?,opus_opensubtitles_tr
Belki çocukların yaralanmasını görmek istemiyorum.,"Kırık bir yerin var mı , evlat.",opus_opensubtitles_tr
Yakasının altında bir bıçak var!,- Üzengiye basıp binmek ister misin?,opus_opensubtitles_tr
- Hayır.,- Neden?,opus_opensubtitles_tr
"- Sana minnettarım, bayım.",Biz onu bu şekilde bırakamaz mıyız?,opus_opensubtitles_tr
- Günaydın.,- Günaydın.,opus_opensubtitles_tr
- Ona bakar mısn?,- Ne kadar kalacak?,opus_opensubtitles_tr
- Bilmiyorum.,- Yulaf için 25 sent.,opus_opensubtitles_tr
- Seni daha önce gördüm mü?,- Nerede olduğuna bağlı.,opus_opensubtitles_tr
- Çoğunlukla demiryolunu izlerim.,- Beni görmüş olabirsin.,opus_opensubtitles_tr
- Eğer gece kalırsa 50 sent olur.,- Uygundur.,opus_opensubtitles_tr
Günaydın.,Bugün uzun boylu ve yapılı bir adam geldi mi?,opus_opensubtitles_tr
"- O olabilir mi, Bay Renner?",- O değil.,opus_opensubtitles_tr
Burasında yara izi vardı.,Yanağında mı?,opus_opensubtitles_tr
Hayır bayım.,Yara izi olan bir adam görmedim.,opus_opensubtitles_tr
Belki biraz elmalı pasta ve kahve alabileceğimi umuyorum.,"Pastırmalı yumurta isteseydin, pastırmalı yumurta olabileceğini tahmin ederdim.",opus_opensubtitles_tr
"- Merhaba, Charlie.","- Merhaba, Grant.",opus_opensubtitles_tr
"Seni görmek güzel, Charlie.",Seni görmek çok güzel.,opus_opensubtitles_tr
Seni görmek te güzel.,- Yumurtaları getiriyorum.,opus_opensubtitles_tr
- Hayır pastayı getir.,Pastayı ödeyebilirim.,opus_opensubtitles_tr
Çok inatçı bir adamsın.,Kahvaltıda elmalı pasta yenmez.,opus_opensubtitles_tr
Eğer seviyorsan yenir.,Şimdi bir çatal alayım.,opus_opensubtitles_tr
- Buraya geleli çok oldu mu?,- Üç hafta kadar.,opus_opensubtitles_tr
Utica Kid nasıl?,İyiydi en son gördüğümde.,opus_opensubtitles_tr
Ne zamandı?,- Günaydın.,opus_opensubtitles_tr
- Günaydın.,"Evet, iş erken başladı ve Pete geç kaldı.",opus_opensubtitles_tr
Öğle yemeği.,Fix mi?,opus_opensubtitles_tr
Neden sordun?,Öğle yemekleri her zaman fix olur.,opus_opensubtitles_tr
Neden mi?,Çünkü onları sen fixledin.,opus_opensubtitles_tr
"Charlie, seni omlet gibi yaparım omleti yalnız Pete yapabilir.",Çok kötü.,opus_opensubtitles_tr
"Haydi gel yanıma otur, bir fincan kahve vereyim.","Pete'nin Santa Fe'de yeri vardı, unuttun mu?",opus_opensubtitles_tr
Bir yerde ayakkabı mağazası çalıştırıyor musun?,O kutular iş treni için öğle yemeği.,opus_opensubtitles_tr
"Para, para, para.",Pete nasıl yapıldığını biliyor.,opus_opensubtitles_tr
O demiryolunu izler.,Birçok insanın demiryolunu izlediğini tahmin ediyorum.,opus_opensubtitles_tr
Sen ve Pete.,Utica Kid.,opus_opensubtitles_tr
Onu en son ne zaman gördüğünü sordum.,Çalışanların üç maaşı kayboldu.,opus_opensubtitles_tr
Şimdi onu en son ne zaman gördün?,"- Charlie, önlüğümü nereye koydum?",opus_opensubtitles_tr
- Orada altta.,İyi biri olmalısın.,opus_opensubtitles_tr
"Eğer Charlie yanında oturuyorsa, sen iyi biri olmalısın.",Sana da omlet yapacağım.,opus_opensubtitles_tr
Utica Kid'den bahsediyorduk.,O bekleyebilir.,opus_opensubtitles_tr
Ben Kimball kasabada.,Dün onun vagonunu da perona koydular.,opus_opensubtitles_tr
- Biliyorum.,- Karısı da onunla.,opus_opensubtitles_tr
O kadın mı?,Çoğu kez Verna'nın nasıl olduğunu merak ederdim.,opus_opensubtitles_tr
Onu dün gece gördüm.,Tüm ince ipek ve tüyler.,opus_opensubtitles_tr
O tatlı ve güzel.,Ve şimdi anlayabiliyorum.,opus_opensubtitles_tr
Anlayabiliyor musun?,Kasabada ne kadar kalacaksın?,opus_opensubtitles_tr
- Bu Ben Kimball'a bağlı.,- Yeniden demiryolunda mı çalışacaksın?,opus_opensubtitles_tr
- Eğer istersem?,- Bu iyi olurdu.,opus_opensubtitles_tr
"Akordiyon çalmak senin işin değil, geçimin için de değil.",Sen demiryoluna aitsin ve o da sana ait.,opus_opensubtitles_tr
Eskiden bana ait olan birçok şey vardı ve ben onları bir şekilde kaybettim.,İki omlet geliyor.,opus_opensubtitles_tr
- Yumurta sever misini?,- Hayır.,opus_opensubtitles_tr
Çok kötüydü.,Sana bir omlet geliyor.,opus_opensubtitles_tr
"Evet, birileri onları yemesi lazım, haydi.",O senin demektir.,opus_opensubtitles_tr
- Kutulara koydun mu?,- Omlet mi?,opus_opensubtitles_tr
Yolun sonuna geldiğimde acıkıyorum.,Belki o zaman rahat olur.,opus_opensubtitles_tr
"Rahat veya değil, onu şimdi götürüyorsun.",Onun için ödeme yapamam.,opus_opensubtitles_tr
Sonra istasyonda öğle yekelerini satmam için bana yardım edebilirsin.,Daha fazla tartışma istiyormusun?,opus_opensubtitles_tr
Gel.,"- Beni mi görmek istedi, Ben?",opus_opensubtitles_tr
- Kesinlikle.,"Merhaba, Grant.",opus_opensubtitles_tr
Otursana.,"Pekala, Jeff.",opus_opensubtitles_tr
"Renner, Pete'ye git ve kahvaltı getir yanında kahve de olsun.",- Yemek yemedin mi?,opus_opensubtitles_tr
- Yedim.,Sadece kahve getir.,opus_opensubtitles_tr
Sıcak olsun.,- Herşey yolunda mı?,opus_opensubtitles_tr
- Yaşıyorum.,- Akordiyon mu çalıyorsun?,opus_opensubtitles_tr
- Doğru.,Senin için çalmamı ister misin?,opus_opensubtitles_tr
Demiryolu dışında başka işler var.,"Evet, Colorado çok uzak olabilir.",opus_opensubtitles_tr
İnsanlar oldukça yoksuldur.,"Bu şartlarda işten atılan biradam, benim işten atılma hikayem böyle yayıldı.",opus_opensubtitles_tr
"Evet, ben... üzgünüm.","- Hayır, ben müzik yapmayı severim.",opus_opensubtitles_tr
- Ve o seni demiryolu yanında korur.,"Eğer biri maaşlar hakkında bilgi almak isterse, onu satabilirsin.",opus_opensubtitles_tr
Bunun komik birşey olduğunu biliyorsun.,Ben de seni sevmiyorum.,opus_opensubtitles_tr
- Bu yüzden mi beni gönderdin?,- Hayır.,opus_opensubtitles_tr
Ve bu konuyu kapat.,İstediğin gibi olsun.,opus_opensubtitles_tr
"Utica Kid'den sonra onu gönerdiğimde daha fazlasını yaptım, ama şimdi ona güvenmiyorum.",Ben bir hırsızın arkasına seni yolladım ve sen ona kaçması için bir at verdin.,opus_opensubtitles_tr
- Sana susmanı söyledim.,- Bırak konuşsun.,opus_opensubtitles_tr
Silahım yok.,Size karşı dürüst olacağım.,opus_opensubtitles_tr
Ben de olsam aynı şeyleri söylerdim.,- Sizi görmek güzeldi.,opus_opensubtitles_tr
- Grant.,Jeff'in kaba davranmak istemediğinden eminim.,opus_opensubtitles_tr
O bazı konularda açık sözlüdür.,"Ne yazık ki, Ben çok daha iyi değildir.",opus_opensubtitles_tr
Önemli değil.,Sadece bunlar aceleyle söylendi.,opus_opensubtitles_tr
Çok aceleyle.,"Sana sormayı unuttular, yeniden demiryolunda çalışmak istermiydin?",opus_opensubtitles_tr
Evet isterdim.,Sana bir cevap vermedim.,opus_opensubtitles_tr
- İstediğim cevap bu.,"- Otur, Grant.",opus_opensubtitles_tr
Whitey Harbin'i hatırlıyor musun?,Arizona ve New Mexico'da çalıştı.,opus_opensubtitles_tr
- Evet.,- O Colorado'da görüldü.,opus_opensubtitles_tr
Onun ilgi alanı posta arabası ve bankalar olduğunu zannediyordum.,Biz de öyle.,opus_opensubtitles_tr
Ama demiryolu ödemelerini öğrendi...,- ...ve üç kez parayı gasp etti.,opus_opensubtitles_tr
- Ne yapılabilir?,Onlar şantiyede bir tren hazırlıyorlar.,opus_opensubtitles_tr
O trene binmeni istiyorum.,"- Cebinde bu $10,000 ile.",opus_opensubtitles_tr
- Neden ben?,"İşin açıkcası, çünkü senin bir para taşıyacağın hiçkimsenin aklına gelmez.",opus_opensubtitles_tr
"Kesinlikle 10.000 $ ı götüremem gibi geliyor, yapabilirmiyim?",İhtiyacın olmayan bir köprüyü yaparmısın?,opus_opensubtitles_tr
Para burada.,Neden cumartesi günü adamları buraya getirip ve kasabada ödeme yapmıyorsun.,opus_opensubtitles_tr
Ve ekibin yarısın kaybet?,"Maden çıkaran bir kasabada onlar boş kalırsa, hepsi tepelere altın aramaya gider.",opus_opensubtitles_tr
Çalışmazlar.,Ve kar gelmeden önce bu bölümü bitirmek zorundayız.,opus_opensubtitles_tr
Bir hırsıza atını veren adam için bu büyük bir kumar!,Evet.,opus_opensubtitles_tr
Sen de biliyor olmalısın ki size karşı işlerim hep ters gitti.,Trene bir furgon bağlanacak.,opus_opensubtitles_tr
İçindeki adamlardan biri ben olacağım.,- Bu ne zaman oldu?,opus_opensubtitles_tr
- Geçen hafta.,"- Renner, sen biliyor muydun?",opus_opensubtitles_tr
- Evet.,- Neden bana söylemedin?,opus_opensubtitles_tr
- Bunu ben söyledim.,- Neden?,opus_opensubtitles_tr
- Her planımızdan Whitey'in haberi oluyor.,- Ona söylediğimi mi düşünüyorsun?,opus_opensubtitles_tr
- Yanlış insanlara güvenebilirdin.,"- Eğer o işe alınırsa, ben ondan eminim.",opus_opensubtitles_tr
- İşi almayacağımı umuyorum.,"Daha sonra Jeff, Ben'in sandayesine oturacak.",opus_opensubtitles_tr
"Oh, ben bunu beğenmedim.",A-ah.,opus_opensubtitles_tr
İşi bir şartla kabul ederim.,Eğer ben teslimatı yaparsam onun işini alırım.,opus_opensubtitles_tr
Bir anlaşma yaptın.,Teşekkür ederim.,opus_opensubtitles_tr
Bekle biraz.,Tepeler her zaman soğuk olur.,opus_opensubtitles_tr
Bu palto bana her zaman çok uzun gelmişti.,Teşekkürler.,opus_opensubtitles_tr
Onu istemediğini düşündüm.,O dedi.,opus_opensubtitles_tr
Ona güvenmediğimi söyledim.,Ve hala güvenmiyorum.,opus_opensubtitles_tr
Grant.,Ben'in seni göndermesine şaşırdın mı?,opus_opensubtitles_tr
Onunla konuşuncaya kadar.,O değişmiş gibi görünüyor.,opus_opensubtitles_tr
Haklısın.,O özel vagonda sekreteri ile düşünüldüğünde uygun olmaz ve bürodan baskı gelir.,opus_opensubtitles_tr
Ama sonunda çeteyi kovalayıp demiryolunu tamamlarsa uygun görülebilir.,- O senin gibi çalışan biri.,opus_opensubtitles_tr
"- Evet, ama o da biraz rüya görebilir.",Eğer o fikirlerini onlara satmamış olsaydı Colorado'da demiryolu olmayacaktı.,opus_opensubtitles_tr
"Onun iyiliği için, bunu yapmamasını istedim.",Yolun sonunda mutluydu ama yukarıda ona karşı çıktılar ve bizi Chicago'ya gönderdiler.,opus_opensubtitles_tr
- Ve şimdi biraz yardıma ihtiyacı var.,- Seni bu yüzden gönderdi.,opus_opensubtitles_tr
"Oh, onunla ilgili bir şey olmuş olabilir.",Neden?,opus_opensubtitles_tr
Bir zamanlar benimle ilgileniyordun.,İlgim seninkinden daha fazlaydı.,opus_opensubtitles_tr
Seninle evlenmek istedim.,Dediğini yapmadığım için üzgün olduğum zamanlar.,opus_opensubtitles_tr
Değil mi?,Hayır.,opus_opensubtitles_tr
"Bir erkek, zora düştüğünde kadınını ona dönmesini ister ve sen bunu yapmadın.","Ben, bana hırsız dedi ve sen onunla birlikte gittin.",opus_opensubtitles_tr
Bu kadar basit.,Grant.,opus_opensubtitles_tr
Eski günlerin hatırına.,Eski günlerin hatırına mı?,opus_opensubtitles_tr
Çok fazla değil mi?,Belki biraz daha fazla.,opus_opensubtitles_tr
"Biz maaş bordrosunun gittiğinden emin olmak isteriz, değil mi?",Bilmiyorum.,opus_opensubtitles_tr
Belki Jeff haklıdır.,Bu tipler nadiren değişir.,opus_opensubtitles_tr
Ve eğer biz hata yaptıysak bu herşeyin sonu olur.,Öyleyse neden bu furgonu tedarik treninden ayırmadık.,opus_opensubtitles_tr
Eğer biz herşeyi açık oynuyorsak onlar düştüğünde kartları görmek isterdim.,- Teşekkürler.,opus_opensubtitles_tr
Umarım yolculuğun iyi geçer.,- Teşekkür ederim.,opus_opensubtitles_tr
"- Bayan, hepsi bu mu?",- Evet.,opus_opensubtitles_tr
- İşte öğle yemeğiniz.,Onu hakettiniz.,opus_opensubtitles_tr
- Teşekkürler.,"- Bayım, yolun sonuna kadar gidiyor musunuz?",opus_opensubtitles_tr
- Evet.,Bilet için bana yardım edermiydin?,opus_opensubtitles_tr
Seninle olursam yarım biletle binebilirim.,- Ve sen yetişkin birisin.,opus_opensubtitles_tr
"- Evet, bazen ben de merak ediyorum.",Pekala evlat.,opus_opensubtitles_tr
Yanımıza gelebilirsin.,Biz diğer adamlarla parasız bineceğiz.,opus_opensubtitles_tr
- Açık yük vagonuna mı?,- Haydi.,opus_opensubtitles_tr
Yukarı çık.,Bol temiz hava.,opus_opensubtitles_tr
Büyümene iyi gelir.,Ben burada yokken gelmediğinden emin misin?,opus_opensubtitles_tr
Şu doru atlıdan başka buraya kimse gelmedi.,- Dediğin adam ne renk bir ata biniyordu?,opus_opensubtitles_tr
- Nereden bileyim ben?,Onu mutlaka görmeliyim.,opus_opensubtitles_tr
Onlar Bay Kimball'ın vagonunu da bağlamışlar.,Barley!,opus_opensubtitles_tr
Atını buraya koymasını sana söyleyen adam...,Daha bakımına başlamadım.,opus_opensubtitles_tr
Orada sadece gelen şu doru at var.,İstediğim içerideki o doru at.,opus_opensubtitles_tr
O dostum Grant McLaine'e ait.,McLaine mi?,opus_opensubtitles_tr
Hatırladım.,Yanlış yapmadan önce onu Sante Fe'den teknisyen olarak tanırım.,opus_opensubtitles_tr
- O yanlış yapmadı.,- Onun atı ile ne yapacaksın?,opus_opensubtitles_tr
- Onau getir!,Eyerini değiştireceğim.,opus_opensubtitles_tr
- Pekala.,"Hey, Pilgrim!",opus_opensubtitles_tr
Buraya gel!,O bozuk karaciğerinle heyecan yapma.,opus_opensubtitles_tr
"- Birkez onları kaybedersen, onlar seni kaybeder.",- Bu seni ilgilendirmez.,opus_opensubtitles_tr
- İlgilendirebilir.,O vagona yetişmek istermisin?,opus_opensubtitles_tr
- Mümkün olsa?,- Seni gideceğin yere götürebilirim.,opus_opensubtitles_tr
- Bunlardan biri ile mi?,Onları tren hattın sonuna varmadan önce sen orada olacaksın.,opus_opensubtitles_tr
- Bu anlamsız.,- $100 ver haklı olduğumu gör.,opus_opensubtitles_tr
- Bahse girdin.,- Ve sen kabul ettin.,opus_opensubtitles_tr
İşte.,Sarkık kulaklılara binmene izin veriyorum.,opus_opensubtitles_tr
"- İçeride içebilirsin, bayım.",- İstediğim yerde içebilirim.,opus_opensubtitles_tr
Eğer o seni memnun edcekse yakabilirsin de ama sana iki 25liğe patlar.,- Neden?,opus_opensubtitles_tr
- Birinci sınıf yolculuk.,Aksi takdirde açık wagona bin.,opus_opensubtitles_tr
- Onu çalar mısın?,"- Evet, çalarım.",opus_opensubtitles_tr
- Ne zaman?,- Ne zaman mı?,opus_opensubtitles_tr
Birileri şapkama 10 sent attığı zaman.,- Benim 10 sentim yok.,opus_opensubtitles_tr
- Bu da benden olsun.,- Daha önce buraya bindin mi?,opus_opensubtitles_tr
- Sık değil.,-Yolun sonunda ne yapacaksın?,opus_opensubtitles_tr
- İş.,Junction City'den bir iş almayı düşündüm.,opus_opensubtitles_tr
Onlar bana ustabaşının eleman aldığını söyledi.,Sen kızak sallamak için çok küçüksün.,opus_opensubtitles_tr
- Su taşıyabilirim.,"- Evet, su taşıyabilirsin.",opus_opensubtitles_tr
- Çok önemli iş.,- Hey!,opus_opensubtitles_tr
- Burada ne yapıyorsun?,"- O benimle, Pick.",opus_opensubtitles_tr
- Onu nereden aldın?,- Birileri onu bıraktı.,opus_opensubtitles_tr
Sen onu yanından ayırma.,Dağlarda kaybolur.,opus_opensubtitles_tr
Demiryolunun dağlarda döşendiğini bu adamlara kim söyler ki?,- Nehir.,opus_opensubtitles_tr
- Ha?,Onlar sadece nehri izler.,opus_opensubtitles_tr
- Bunu sana kim söyledi?,- Babamın söylediğini sanıyorum.,opus_opensubtitles_tr
Onunla ilgili şarkısı vardı.,# Nehri izle,opus_opensubtitles_tr
# Nehir yolu bilir,# Gönüller yanlış yola sapabilir,opus_opensubtitles_tr
# Her gün olduğu gibi,# Nehri izle,opus_opensubtitles_tr
# Nerede olursan ol,# Nehri izle bana dön #,opus_opensubtitles_tr
Concho hakkında bilgi edinmek ister misin?,- Concho kim?,opus_opensubtitles_tr
- İple bağladığın adam.,Tanımak ister misin?,opus_opensubtitles_tr
Sen bana söylemezsen tanıyamam.,Sana söylemeliyim.,opus_opensubtitles_tr
Silahında hızlıdır.,Silahında hızlı sadece iki adam tanıyorum.,opus_opensubtitles_tr
Kim bu iki adam?,"Birisi, Whitey Harbin.",opus_opensubtitles_tr
Ben Whitey'den kaçıyorum.,Bunun nedeni Concho idi.,opus_opensubtitles_tr
Sen Whitey'nin adamı mısın?,Hayır.,opus_opensubtitles_tr
Ben Montrose'daydım.,Whitey ve çetesi banka soyuyordu.,opus_opensubtitles_tr
Ben sadece yolu gözlüyordum.,Whitey beni öldürmek istedi ama diğer adam ona izin vermedi.,opus_opensubtitles_tr
Beni eyere bindirdi ve dedi ki...,""" Sen çocuk katili değilsin.",opus_opensubtitles_tr
"Seninle olduğun sürece bunu yapma.""","- Whitey, geri çekildi.",opus_opensubtitles_tr
- Çünkü adam silahta daha hızlıydı.,Şimşek gibi.,opus_opensubtitles_tr
"Bu diğer adamın, bir adı var mı?",Onun bir adı var.,opus_opensubtitles_tr
Utica Kid.,Eğer o patron olsaydı ben o çetede kalırdım.,opus_opensubtitles_tr
- Ama olmadı?,- Henüz değil.,opus_opensubtitles_tr
"O herzaman Whitey'e iğneli laflar söyler, ona güler ve deliye döndürür.",Hatta o ondan daha deli!,opus_opensubtitles_tr
Bir gün Whitey kırılacak ve o kaybedecek.,Senin bahsettiğin temiz hava bu mu?,opus_opensubtitles_tr
O adamlar içeriye nasıl binebiliyorlar?,"Evet, bu iyi ile kötünün eski bir hikayesidir.",opus_opensubtitles_tr
Eğer tüm paranı wiskiye harcarsan bilet alacak paran kalmaz.,İçki içme.,opus_opensubtitles_tr
Sonra ihtiyacın olduğunda 75 senti ararsın.,Bu çok doğru.,opus_opensubtitles_tr
"Bak ne diyeceğim, belki 75 sentim vardır.",Evet.,opus_opensubtitles_tr
Parayı ödeyip içeriye girmemize ne dersin?,Haydi.,opus_opensubtitles_tr
Sanırım bu şekilde nehri izlemek için yeterince güçlü değilim.,Bazen akıntıya karşı yolculuk yapmak kolay olmuyor.,opus_opensubtitles_tr
- Bir dolar vereceksin.,- Bu 75 sent.,opus_opensubtitles_tr
Ben yetişkinim.,İşte.,opus_opensubtitles_tr
Tut şunları.,- Concho konusunda endişelenme.,opus_opensubtitles_tr
- Sen olsaydın...,"Oh, hayır, haydi.",opus_opensubtitles_tr
Otur.,Eğer bana ondan bahsedersen birlikte endişelenebiliriz.,opus_opensubtitles_tr
- Umurumda değil.,"- Eğer o olsaydı, böyle konuşmazdın.",opus_opensubtitles_tr
Pekala.,Ben Whitey'den ayrıldım.,opus_opensubtitles_tr
Konuşmak zorunda olduğum anlamına gelmez.,"Hayır, konuşmak zorunda değilsin.",opus_opensubtitles_tr
Ben hatta Utica Kid'den de ayrıldım.,"- Merhaba, Utica.",opus_opensubtitles_tr
"- Onunla ilgilen, Howdy.",Tabi.,opus_opensubtitles_tr
Haydi.,Bu oldukça iyi bir kemer.,opus_opensubtitles_tr
Sahibi de çok iyi bir adamdı.,"Hatırlasana, bana çekmeyi öğrettmiştin?",opus_opensubtitles_tr
İşe yaradı.,O deri kılıftaki silahıyla gitti.,opus_opensubtitles_tr
"- Ve şimdi sen ""sorunlu"" adamsın.",- Sorunlu mu?,opus_opensubtitles_tr
Evet.,Senin karşındakine çekerken kaybetme olasılığın altıda bir.,opus_opensubtitles_tr
- Eğer vaktin varsa.,- Evet var.,opus_opensubtitles_tr
Söyle.,Çek!,opus_opensubtitles_tr
Etrafındaki diğer aptallardan önce daha iyi çekmeyi öğrenmelisin.,"Sekiz santim yukarı, Whitey.",opus_opensubtitles_tr
Sen o kafatasına iyi bak.,Gelecek sefere seninki olabilir.,opus_opensubtitles_tr
Arkama sessizce sokulma!,Beni sinirlendirir!,opus_opensubtitles_tr
Haberim var.,Başka neyi farkettin?,opus_opensubtitles_tr
Concho'yu gördün mü?,- Onu gördün mü?,opus_opensubtitles_tr
- Yollarda yoktu.,Onun nerede olmadığını sana sordum mu?,opus_opensubtitles_tr
Sana onu gördün mü dedim?,- Öyle demek istedim.,opus_opensubtitles_tr
- Açıkça söylemedin.,Çünkü sen komik bir adamsın.,opus_opensubtitles_tr
Sen her zaman içinden gülüyorsundur.,"İyi, gülmeye devam et.",opus_opensubtitles_tr
"Ama öyle olsun, Kid.",Silahta senden daha iyiyim.,opus_opensubtitles_tr
Yoksa denemek ister misin?,"İlginç bir düşünce, ama senden korktum, Whitey.",opus_opensubtitles_tr
Sen benden korkmazsın.,"Ve senin beynin, ayaklarında, belki sadece biraz daha hızlı olduğunu düşünüyorsun.",opus_opensubtitles_tr
Ve sen bir şey mi biliyorsun?,Olabilir.,opus_opensubtitles_tr
"Bunu devamlı niye taşıyorsun, sence bir özelliği var mı?",O sadece benim bir buluşum.,opus_opensubtitles_tr
Ama sen bir furgonun mandalına dışarıdan onu koyduğunda kapıyı içeriden açamazsın.,Şimdi bana sor furgonun kapısını içeriden kim açmak ister?,opus_opensubtitles_tr
- Jeff Kurth ve bir düzine silahlı adamı.,- Nereden biliyorsun?,opus_opensubtitles_tr
Concho sana söylediğinde ben yukarıda uyuyordum.,Nasıl horlanacağını daha iyi öğren!,opus_opensubtitles_tr
Sen arkadan adam nasıl vurulur bilemezsin.,Öğrenirim.,opus_opensubtitles_tr
"Ne isterdiniz, beyler?","Elimde Büyükbaba, Büyükanne ve Tom Amca var.",opus_opensubtitles_tr
- Ve yaşlı boş şişe.,"- Komik değilsin, Latigo.",opus_opensubtitles_tr
"Böyle bir durumda, kim komik olmak ister ki?","Git, çocuk.",opus_opensubtitles_tr
Bizde bol olsa bile sen daha wiski için çok gençsin,Ukalalık yapma.,opus_opensubtitles_tr
Joey'le konuşmuyorsun.,"Joey'ın demesine göre, yol boyunca ona rastlamamışsın, değil mi?",opus_opensubtitles_tr
O eski Flannelmouth'dan istiyorum.,- Onu gördün mü?,opus_opensubtitles_tr
- Hayır.,Herhangi bir işaret bıraktı mı?,opus_opensubtitles_tr
Biraz.,O Junction City'e doğru gidiyordu.,opus_opensubtitles_tr
Ama onu izlemedin?,Joey herzaman bir baş belasıdır.,opus_opensubtitles_tr
Onu nehre atıyordum.,- Neden yapmadın?,opus_opensubtitles_tr
- Ve beynimi mi dağıtsaydın?,Beni öldürmek için daha iyi bir neden bulmalısın.,opus_opensubtitles_tr
Concho'nun Kasabada Joey'u yakalamadığını ve çocuğun konuşmadığını farzet.,- O konuşmayacak.,opus_opensubtitles_tr
"- Belki konuşmaz, ama Concho dönmedi.","O dönene kadar, biz parayı nasıl taşıdıklarını öğrenemeyiz.",opus_opensubtitles_tr
Doğru.,Biriyle gitmesine izin verseydi belki akıllıca olurdu.,opus_opensubtitles_tr
Neden?,Kargaşalıkta üç kez parayı kaptık.,opus_opensubtitles_tr
Onlara biraz nefes aldıralım.,Aklıma yattı.,opus_opensubtitles_tr
Ben Utica ile gidiyorum.,Seninle birlikteyim.,opus_opensubtitles_tr
Biz buna katlanmak zorundayız Whitey.,Kimse bir yere gitmiyor!,opus_opensubtitles_tr
Neden?,İşçi paraları hakkında bilgi sende ve ben şimdi onları istiyorum.,opus_opensubtitles_tr
- Ben de.,- Onu satın alacağım.,opus_opensubtitles_tr
Bazen amaca ulaşmak zahmetli olabilir.,- Ben Whitey ile beraberim.,opus_opensubtitles_tr
- Ben de.,"Sen ne diyorsun, Torgenson?",opus_opensubtitles_tr
Benim şikayetim yok.,"Onu sen çağırdın, ben seninleyim.",opus_opensubtitles_tr
Senin oy üstünlüğün sağlanmış görünüyor.,Anlatmak ister misin?,opus_opensubtitles_tr
- Şimdi bir içki içmek istiyorum.,- Sen bilirsin.,opus_opensubtitles_tr
"Eğer bir kavgayı satın alamazsan, içkiyi satın alırım.",Doldur onları.,opus_opensubtitles_tr
"Üzgünüm, bar kapalı.",Bizim iyi wiskimiz olmadığından dolayı.,opus_opensubtitles_tr
Ya bu zemini sabitle ya da yeni bir barmen al.,Ne zaman saldırıyoruz?,opus_opensubtitles_tr
Hazır olduğun herhangi bir zaman Ben okulu bıraktığımda o yarısındaydı.,Neden bana söylemedin?,opus_opensubtitles_tr
Neden bana sormadın?,Komik adam!,opus_opensubtitles_tr
Atlara binin!,Sakinleş.,opus_opensubtitles_tr
Sadece başka bir iş.,Ama eğer sen patron olsaydın biz bunu yapmazdık.,opus_opensubtitles_tr
Eğer ben patron olsaydım biz bunu yapmazdık.,Sen patron değilsin!,opus_opensubtitles_tr
# Bir kürek satın aldım ve bir kazma satın aldım,# Bullfrog Crick'e doğru küçük bir yol yaptım,opus_opensubtitles_tr
# Sonra 20 boş teneke kutudan lokomotif yaptım,# Ve ıslıkla tren sesi çıkardım and the darned thing ran,opus_opensubtitles_tr
"# Oh, demiryolu olmadan uzağa gidemezsin # demiryolu olmadan uzağa gidemezsin",# Bir şey seni oradan alıp tekrar geri getirmelidir,opus_opensubtitles_tr
# Sen bir çocuk arabası ya da beygirle her yere gidemezsin,Ağaç desteklere ip bağlayın.,opus_opensubtitles_tr
Onu çekelim.,Torgenson!,opus_opensubtitles_tr
"- Tamam, John.","- Acele et, Jubilee!",opus_opensubtitles_tr
"- Çocuk, bugün treni hızlı götürüyorlar.",- Evet!,opus_opensubtitles_tr
Belki on bin $ a acele ihtiyacımız olduğunu duymuşlardır.,- Şu su kulesi senin fikrin mi?,opus_opensubtitles_tr
- Ne oldu?,Herhangi bir onurlu Kızılderili onu indirebilirdi.,opus_opensubtitles_tr
Komik adam!,Herşey hakkında bilgisi var.,opus_opensubtitles_tr
Gidelim ve vagonun kapısını kilitleyelim.,Durdurulduk!,opus_opensubtitles_tr
Whitey yapmış olmalı.,- McLaine bizi sattı!,opus_opensubtitles_tr
"- Hayır, Ben.",Onlara Grant söylemedi.,opus_opensubtitles_tr
Leary!,- Duramayız!,opus_opensubtitles_tr
- Gene onların işi!,Sızlanmayı bırak ve şapkanı tut!,opus_opensubtitles_tr
Onlar ihtiyar Tommy Shannon'u dolu bir su tankı ile durduramazlar.,"Bir demiryolu malına böyle davranamazsın, Bay Shannon.",opus_opensubtitles_tr
Elini oradan çek ve treni durdur.,Pekala.,opus_opensubtitles_tr
Oturun ve uslu durun!,Yanım gel.,opus_opensubtitles_tr
Kasayı aç!,- Ha!,opus_opensubtitles_tr
- yürüyün!,Son kez aynısını yapın.,opus_opensubtitles_tr
- Senin kaybolduğunu veya sızdığını sandık.,- Burada hiçbir şey yok.,opus_opensubtitles_tr
Jubilee!,Orada neler yapıyorsunuz?,opus_opensubtitles_tr
Sizinkilerle konuşmayı dene!,"- Üzgünüm, Renner ile irtibatı kaybettim.",opus_opensubtitles_tr
- Boş ver.,Para nerede?,opus_opensubtitles_tr
- Kasada yok.,- O zaman nerede?,opus_opensubtitles_tr
Jeff'in adamları ile Junction City'e gidiyor olabilir.,Bu doğru değil.,opus_opensubtitles_tr
Renner Jeff'in maaşları taşımayacağını bize söyledi.,"Bize faydası, en azından parayı kimin taşımadığını öğrendik.",opus_opensubtitles_tr
Komik adam!,Sen orada güleceğine kırmızı vagonda ne var bak.,opus_opensubtitles_tr
Tabi.,Sevinirim.,opus_opensubtitles_tr
Hemen atımı alıyorum.,O benim için bu trende bulacağım herhangi bir şeyden daha değerlidir.,opus_opensubtitles_tr
Şu yolcuları dışarı çıkar.,Belki onlardan biri onu taşıyordur.,opus_opensubtitles_tr
Diğer vagonları da yokla!,Bak bakalım bulabilecek misin.,opus_opensubtitles_tr
Dışarı!,Hepiniz!,opus_opensubtitles_tr
Bana söylemek istediğin bu mu?,"İçeriye baktın mı, Latigo!",opus_opensubtitles_tr
Eğer bu McLaine ise...,"Hayır, Ben.",opus_opensubtitles_tr
Onu yere bırak.,Rahatınıza bakabilirsiniz.,opus_opensubtitles_tr
- Konuğum ol.,- Memnuniyetle.,opus_opensubtitles_tr
Eğer ev sahibimin ismini sorsam önemser misin?,"Hayır, önemsemem.",opus_opensubtitles_tr
Maaşlar burada mı?,Hayır.,opus_opensubtitles_tr
Neden sadece emin olmak için bir bakmadın?,"Çocuk, bu yıllanmış bir şey.",opus_opensubtitles_tr
Ayrıca bağda şişelenmiş.,- Unuttum.,opus_opensubtitles_tr
Herzaman ilki hanımlaradır.,"-Teşekkür ederim, istemiyorum.",opus_opensubtitles_tr
Senin için baktım.,"Merhaba, Joey.",opus_opensubtitles_tr
Burada ne yapıyorsun?,Soygun!,opus_opensubtitles_tr
Zahmet etme.,Onlarda iki dolardan fazla para yoktur.,opus_opensubtitles_tr
Whitey!,Paralar burada da yok.,opus_opensubtitles_tr
Nasıl oldu da sen atladın?,- Küçük bir sorunum oldu.,opus_opensubtitles_tr
"- Şimdi, çok daha kötü olmadı mı?",- Belki sana bunun hesabını sormalıyım.,opus_opensubtitles_tr
- Whitey!,Kimball arkada karısıyla birlikte.,opus_opensubtitles_tr
Sadece şansın var!,Onları vagona bindir!,opus_opensubtitles_tr
Binin!,Yürü.,opus_opensubtitles_tr
İyi küçük çocuklar kaçmaz.,Bu sefer sana öğreteceğim!,opus_opensubtitles_tr
- Paralar nerede?,- O bilmediğini söylüyor.,opus_opensubtitles_tr
Hatırlamasına yardım edebilirim.,Bayanı dışarı çıkartın.,opus_opensubtitles_tr
Sen kendin çıkart.,Ben kadınlardan korkarım.,opus_opensubtitles_tr
Onlar çığlık atar ve tırmalarlar ve bazen de ayak parmağına basarlar.,Bana hayır deme.,opus_opensubtitles_tr
Elimde silah varken bunu yapma.,Yapmam.,opus_opensubtitles_tr
Bende de silah olmadıkça.,- Dışarı.,opus_opensubtitles_tr
- Eğer parayı istiyorsan...,Sonraki iş trenini beklemek zorunda kalacaksın.,opus_opensubtitles_tr
Biz onu bu trenle yollamamayı kararlaştırdık.,Oh?,opus_opensubtitles_tr
Beklemeye aldırmam.,Ödeme yerinde olacağım.,opus_opensubtitles_tr
Onu bana getirebilirsin.,"Şimdi ben onu götürüyorum, 12 saat sonra karını geri alırsın.",opus_opensubtitles_tr
Beynini ayaklarında taşımadığın zaman ne olduğunu gördün mü?,Ben sizi yürütmeliyim.,opus_opensubtitles_tr
"Jubilee, onları götür.",Latigo'nun yanına bin.,opus_opensubtitles_tr
Joey'e ne olacak?,Onu bırakacak mısın?,opus_opensubtitles_tr
O benimle gelecek.,Yoksa hoşuna gitmedi mi?,opus_opensubtitles_tr
Sakin ol.,"Biz bu hanım için $10,000 alacağız, unuttun mu?",opus_opensubtitles_tr
Ben kimin atına biniyorum?,Aklından geçen kim?,opus_opensubtitles_tr
"Onu yolun sonuna götür, Bay Shannon!",İşte üzengi.,opus_opensubtitles_tr
Geliyormusun?,Kutuyu alayım.,opus_opensubtitles_tr
Eyerin arkasına sıkışma.,Daha kolay gidersin.,opus_opensubtitles_tr
"Hoo, katırlar!",Tırmanmaktan yorulmuş olmalı.,opus_opensubtitles_tr
- Haydi oğlum!,- Bir dakika.,opus_opensubtitles_tr
Buralarda maden çıkartılan bir kasaba var.,Ödemeler gidiyor olmalı.,opus_opensubtitles_tr
Ödemeler hala gönderiliyor ama orada hiçkimse yaşamıyor.,- O şu ilerideki tepenin ötesinde bitiyor.,opus_opensubtitles_tr
- Hangi tepe?,- Birinci tepeyi gördün mü?,opus_opensubtitles_tr
- Evet.,Şu ikinciyi?,opus_opensubtitles_tr
Üçüncü tepe.,Pay Load onun arkasında.,opus_opensubtitles_tr
- Bu katıra ne istersin?,- $50.,opus_opensubtitles_tr
"Sarkık kulak, bu serseriyi sırtından indirdiğinde, eve anneye gel.",- Haydi gidin!,opus_opensubtitles_tr
- Yeh!,Dolandırıcı ile bahse girmek!,opus_opensubtitles_tr
Hiçbir zaman bu demiryolu insanlarını anlayamadım.,Haydi!,opus_opensubtitles_tr
Haydi!,- Bay Kimball.,opus_opensubtitles_tr
- Telgraf kulübesine gidelim.,- Önden buyrun.,opus_opensubtitles_tr
Paraları getirdin mi?,- Şimdi değil!,opus_opensubtitles_tr
- Onu getirdin mi?,- Getirmedim.,opus_opensubtitles_tr
- Şimdi ne olacak?,- Demiryolunun sonu.,opus_opensubtitles_tr
"- Kapa çeneni, Feeney.",- Bırak beni yoksa bunu boğazından aşağıya iteceğim.,opus_opensubtitles_tr
Senin erkeğini isteyen kim?,Onların hiçbirini istemiyorum!,opus_opensubtitles_tr
Hepsi züğürt!,- Denver'de görüşürüz.,opus_opensubtitles_tr
- Ben de Denver'e gidiyorum.,- Ben de öyle!,opus_opensubtitles_tr
- Kimsenin Kimball'dan emir almasına gerek yok!,- Ben bırakıyorum.,opus_opensubtitles_tr
- Bırakmıyorsun.,Sen bu kasabada o boyalı sürtüklerle hiçbir yere gitmiyorsun.,opus_opensubtitles_tr
Biz bunu çok bekledik .,Bir gece daha bizi incitmez.,opus_opensubtitles_tr
"Ama eğer para sabaha kadar burada olmazsa, biz gideriz!",İşinize geri dönün!,opus_opensubtitles_tr
"Biz yenildik, Bay Kimball.",Ekip para almadan Junction City'e gidecek.,opus_opensubtitles_tr
- Biliyorum.,- Jeff'den bir ses var mı?,opus_opensubtitles_tr
O Junction City.,Yol boyunca vagonu tuttukları söyleniyor.,opus_opensubtitles_tr
O ve adamları Whitey'den sonra içeri girecekler...,Öyle yapmayacaklar!,opus_opensubtitles_tr
Ona söyle ikinci bir emre kadar orada kalsın.,Peki efendim.,opus_opensubtitles_tr
Acaba kendi özel malı olduğunu mu düşünüyor.,"Ganimeti paylaştığı gibi onu paylaşmaya çalışırsa, o zaman çatışma çıkar.",opus_opensubtitles_tr
- Çamaşırların mı?,- Sandoviç.,opus_opensubtitles_tr
Bir tane istermisin?,Hayır.,opus_opensubtitles_tr
Onları nereden aldın?,Junction City'den.,opus_opensubtitles_tr
Onları bana lokantadaki kız verdi.,- Güzel miydi?,opus_opensubtitles_tr
- Mm-hm.,- Benimle tanıştırırmısın?,opus_opensubtitles_tr
- O tür bir kız değil.,Çocuklar içinizde içki alacak kadar parası olan var mı?,opus_opensubtitles_tr
- Sende içki yoktur.,- Bu ne.,opus_opensubtitles_tr
- Sende olmadığını düşündüm.,- Siz vuruşurken ben onları yapıyordum.,opus_opensubtitles_tr
"Sen orada olmayan parayı ararken, benim önemli işim vardı.","Haydi, ona doldur.",opus_opensubtitles_tr
Latigo bu birlikten kaçıyor olmalı.,Yiyeceğimiz yok ama içkimiz var.,opus_opensubtitles_tr
Ha ha!,Sen komik adamsın.,opus_opensubtitles_tr
Neden gülmüyorsun?,- Ben de mi gülmeliyim?,opus_opensubtitles_tr
- Akıllıysan gülme.,- Akıllı olduğunu sanıyorum.,opus_opensubtitles_tr
- Ve başka ne düşünüyorsunuz?,Sen bir hata yaptın.,opus_opensubtitles_tr
O sana sadece sorun ve silahlı adamlar getirecek.,"Ne zamandır $10,000 sorun oluyor?",opus_opensubtitles_tr
Senin değerin tam olarak bu.,Sen çok yağcısın.,opus_opensubtitles_tr
Ama ben sana kabul ettirmek için istekliyim.,Bunu alışkanlık haline getirme.,opus_opensubtitles_tr
"Latigo, içki istiyorum!",Ve sevmediğim birkaç alışkanlığın var.,opus_opensubtitles_tr
Sakin ol.,Onun için neyin iyi olduğunu biliyormusun?,opus_opensubtitles_tr
Seni anlayabiliyorum.,Ve gördüklerim hoşuma gitmiyor.,opus_opensubtitles_tr
- Bir tane alabilirsiniz sanırım.,"- Teşekkür ederim, hayır.",opus_opensubtitles_tr
- En iyisidir.,Onu sana getirdim.,opus_opensubtitles_tr
- Kendin iç.,"Üzgünüm bayan, içemem.",opus_opensubtitles_tr
Ben barmen olarak çalışıyorum.,- İçmiyor musun?,opus_opensubtitles_tr
- Yalnız içmem.,Eşlik etmemi ister misin?,opus_opensubtitles_tr
- Sakıncası var mı?,- Ne oldu?,opus_opensubtitles_tr
Onu sıkıştırma.,Bir süre için senin bana ve benim de sana ihtiyacım var.,opus_opensubtitles_tr
Senin yürüyüşünü izledim.,Daha önce karşılaştığımıza yemin edebilirim.,opus_opensubtitles_tr
Edermisin?,Yaptığın komik şeyler.,opus_opensubtitles_tr
Gülümsediğin zaman gibi.,Garip.,opus_opensubtitles_tr
Senin bütün yapmacıklarını hatırlıyorum gibi eğer ne manaya geldiğini biliyorsan.,- Anlamını biliyorum.,opus_opensubtitles_tr
- Biliyor musun?,Sizin yüzünden Whitey ile dövüşeceğimi sandım.,opus_opensubtitles_tr
Biraz şansla biz birbirimizi öldürecektik.,- İlginç bir düşünce.,opus_opensubtitles_tr
- İlginç olan ne?,- Kız.,opus_opensubtitles_tr
- Haklısın.,Seni geri göndermeyebilirim.,opus_opensubtitles_tr
Bana 10.000 $ ı harcamada yardım edene kadar.,- Eğer aklında bir parti yapmak varsa?,opus_opensubtitles_tr
- Evet!,"Yapmamalıydın, çünkü eğer yanlış tahmin yaparsan yanlız asılmazsın.",opus_opensubtitles_tr
Bir tane daha ister misin?,"- Teşekkürler, daha bu bitmedi.",opus_opensubtitles_tr
- İkisini de iç.,Dans etmek isteyen var mı?,opus_opensubtitles_tr
Sadece bir kız ile mi?,Ait olduğun bara dön.,opus_opensubtitles_tr
Haydi hep birlikte ait olduğumuz bara dönelim.,- Neredeyse istediğini aldın.,opus_opensubtitles_tr
- Onlardan biri.,- Diğeri mi?,opus_opensubtitles_tr
- Adını bilmek istiyorum.,Onun adı mı?,opus_opensubtitles_tr
O Utica Kid.,Bu ismi sevmem.,opus_opensubtitles_tr
Ailem bana Lee derdi.,Neden onu söylemeyesin?,opus_opensubtitles_tr
İstersen dışarı çıkabilirsin.,Ellerini yukarıda dışarıya gel .,opus_opensubtitles_tr
- Burada ne yapıyorsun?,- Utica Kid'i görmek istiyorum.,opus_opensubtitles_tr
- Sen kimsin?,- Onun bir dostu.,opus_opensubtitles_tr
"Komik şey, o bana kız arkadaşından hiç bahsetmedi.",Bunu yapmasının bir sebebi var mı?,opus_opensubtitles_tr
- Adın ne?,- Charlie Drew.,opus_opensubtitles_tr
O silahı yerine koyabilirsin.,Yoksa çok tehlikeli mi görünüyorum?,opus_opensubtitles_tr
Kesinlikle değil.,Şu ipi bana ver.,opus_opensubtitles_tr
- Buraya ne zaman geldin?,- Onlar gelmeden hemen önce.,opus_opensubtitles_tr
Utica zamanında kötü bir iş yaptı.,Uzun zamandan beri bu işden haberin olduğunu sanıyorum.,opus_opensubtitles_tr
Hayır yok.,Utica bana işden hiç bahsetmedi.,opus_opensubtitles_tr
Öyle biri değil.,- Hiç başka tür bir iş yaptı mı?,opus_opensubtitles_tr
- Yakında yapacak.,O zaman neden ona karşı çıkmadın?,opus_opensubtitles_tr
Hırsızlığı bırakana kadar neden ondan uzak durmadın?,Ne yapabileceğimi ona söyledim.,opus_opensubtitles_tr
Sadece bana baktı ve gülümsedi.,"""Keşke yapabilsen."" Dedi.",opus_opensubtitles_tr
Bu gece cevabını alacak.,Sen buradasın.,opus_opensubtitles_tr
"Evet, ama sadece ona söyle...",Sadece ona benim kasabada olduğumu ve onu aramaya geldiğimi söyle.,opus_opensubtitles_tr
Onun yaşamasını istiyorum.,Senin de yaşamanı istiyorum.,opus_opensubtitles_tr
- Silahıyla ne yapabileceğini biliyorsun.,- Biliyorum.,opus_opensubtitles_tr
"- Peki, o zaman, neden?",- Çünkü bu küçük şey kendine saygıdır.,opus_opensubtitles_tr
Belki sen bu konuda her şeyi anlayamazsın.,"Ben, beş yıl boyunca bir şapkaya atılan nikel ve on sent için bu şeyi çaldım.",opus_opensubtitles_tr
Beş yıldır da Utica Kid gülüyordu.,"Yanlış yapmış olabilirim, Charlie ama aynı hatayı iki kere yapmayacağım.",opus_opensubtitles_tr
Grant...,Onu gördüğünde benim burada olduğumu söyler misin?,opus_opensubtitles_tr
Ona dokunmayın!,"Kızın getireceği sorun ve silahlı adam, ha?",opus_opensubtitles_tr
Parayı da birlikte getirdin mi?,Hayır.,opus_opensubtitles_tr
- Yakında onu nasıl ele geçiririz?,- O konuda bilgim yok.,opus_opensubtitles_tr
Sen yapmalıydın!,"$10,000 çok para.",opus_opensubtitles_tr
Ve bu benim için istenen değer.,"Şey, ben onun ucuza sattığını söyliyecekdim.",opus_opensubtitles_tr
Senin sözlerinin önemi yok.,Kimball ne dedi?,opus_opensubtitles_tr
"Eğer para hakkında bilgin yoksa, neden seni gönderdi.",Beni o göndermedi.,opus_opensubtitles_tr
Ben kendim geldim.,Neden?,opus_opensubtitles_tr
- Ona sor.,- Evet?,opus_opensubtitles_tr
Bilmiyorum.,"O zaman, ben çağırmış olabilirim.",opus_opensubtitles_tr
İlk kez haklıydın.,Gece sessizce yürüyebilirim ve iyi silah kullanırım.,opus_opensubtitles_tr
Size katılmak istiyorum.,"Bilirsin, bir adam demiryolundan atıldığında onun için iş bulmak biraz sorun olur.",opus_opensubtitles_tr
Ve iş bulamadığı zaman onun karnı acıkır.,Benim karnım son beş yıldır aç.,opus_opensubtitles_tr
Değil mi?,- Bunu nereden biliyordun?,opus_opensubtitles_tr
- Ben onun kardeşiyim.,- Kardeşin mi?,opus_opensubtitles_tr
- Küçük kardeşiyim.,Beş yıl önce Kimball için teknisyen olarak çalışıyordu.,opus_opensubtitles_tr
Ben sürüyü çaldım ve o sonra yanıma geldi.,Sonra sana kaçman için atını verdi.,opus_opensubtitles_tr
Ama o zaman kadar iyi ve kötü hakkında her şeyi duymamıştım.,Onun satmak zorunda olduklarını satın almadım.,opus_opensubtitles_tr
Şimdi de satın almıyorum.,"- Bu yüzden onun katılmasını istemiyorsun, ha?",opus_opensubtitles_tr
- Hayır.,Komik şey.,opus_opensubtitles_tr
Ben katılmasını istiyorum.,- İtirazı olan?,opus_opensubtitles_tr
"- Bu yeterli değil, Whitey.",Onunla aramızda özel bir mesele var.,opus_opensubtitles_tr
- Ne hakkında?,- İşimi engelledi.,opus_opensubtitles_tr
Doğru.,"Oh, evet, seni hatırlıyorum.",opus_opensubtitles_tr
Sen şu çocukları döven adamsın.,Hangi yolu istersin?,opus_opensubtitles_tr
"Kalk, haydi, ayağa kalk!",Şimdi biriniz ona silahını versin.,opus_opensubtitles_tr
"Pekala, Harbin, burada patron sensin.",Sen söyle.,opus_opensubtitles_tr
Bunu ben yapmalıyım.,"Şey, onu yalnız başıma haklayamam.",opus_opensubtitles_tr
O zaman belki de gitsen iyi olacak.,İtirazı olan var mı?,opus_opensubtitles_tr
- Evet.,- Şimdi bu harika olmadı mı?,opus_opensubtitles_tr
- Onu çağırdına sevindim.,- Sana şans getirebilir.,opus_opensubtitles_tr
Sakıncası yoksa Utica Kid ve ben biraz konuşabilirmiyiz?,Sorun değil.,opus_opensubtitles_tr
Hazır olduğunda bana söyle.,"Bilmek isteyeceğini sanıyorum, ben demiryoluna geri döndüm.",opus_opensubtitles_tr
Çok düşündüm.,- Teknisyen olarak mı?,opus_opensubtitles_tr
- Bu gece ben maaşları taşıyordum.,- Onu nereye sakladın?,opus_opensubtitles_tr
- Çocuğa verdim.,Şu ayakkabı kutusunun içinde.,opus_opensubtitles_tr
Şimdi herşeyi biliyorsun git ve Whitey'e söyle.,Sen kumarbazsın ben değilim?,opus_opensubtitles_tr
- İyilk ve kötülüğün aynı eski hikayesi.,- Aynı eski hikaye.,opus_opensubtitles_tr
"Kaybettin, Grant.","Evet, sen güldüğünde ben düşündüm.",opus_opensubtitles_tr
Bana verdiğin aynı fırsatı sana vereceğim.,"On dakika bekle, sonra ben seni gönderdiğimi Whitey'e söylerim.",opus_opensubtitles_tr
Ben parayla birlikte gidiyorum Böylece Kimball'ın karısı da geliyor.,- Hayır.,opus_opensubtitles_tr
"- Bekle, Lee.",Bu konuda beni dinle.,opus_opensubtitles_tr
"Eğer buradan gidersem, o çocuk da benimle gelecek.",Joey mu?,opus_opensubtitles_tr
Onu neden istiyorsun?,Belki ruhunun iyi olduğu için.,opus_opensubtitles_tr
"Bu sözü senden duymayalı uzun zaman oldu, değil mi?",Biz çocukken annemle babam bir süreliğine birini bize getirmişti.,opus_opensubtitles_tr
Sen hemen hemen Joey'un yaşındaydın.,"O seni çok düşünüyor, değil mi?",opus_opensubtitles_tr
- O büyüyüp senin gibi olmak isteyecek.,- Pratikte onu yapabilir.,opus_opensubtitles_tr
"Yakında o, sen ve Whitey banka soyarken atları tutuyor olacak.",Samanlıkta yatan başka bir çocuk var.,opus_opensubtitles_tr
"O da böyle başladı, ha?",- Sen Howdy'i öldürmedin mi?,opus_opensubtitles_tr
- Onu inciltmedim.,- Ve sen Joey'ı inciltmeyeceksin.,opus_opensubtitles_tr
- Onu nasıl yapabilirim?,Bu çok zor değil.,opus_opensubtitles_tr
Çok zor değil.,Seninle birlikte olmadığı zaman.,opus_opensubtitles_tr
Yoksa ona bakmaktan vazgeçtiğin zaman mı?,Ne gerek var?,opus_opensubtitles_tr
"Onu aldım, benimle gelecek.","Lee, tekrar rica ediyorum.",opus_opensubtitles_tr
Joey'e bir şans ver.,Hayır.,opus_opensubtitles_tr
On dakikan var.,Ona ihtiyacım olmayacak.,opus_opensubtitles_tr
Charlie orada seni bekliyor.,Onu düşün.,opus_opensubtitles_tr
Beş yıldır senin peşinde.,Sebebi var.,opus_opensubtitles_tr
Yoksa onunla evleneceğimi sana söylemedim mi?,Konuşmanın ne kadarını duydun?,opus_opensubtitles_tr
Sadece duymak istediğimi duydum.,Benimle evlenecek olduğunu.,opus_opensubtitles_tr
Nezaman?,"Bizim çok paramız olacak, Charlie.",opus_opensubtitles_tr
"$10,000.",Pek çok yeni elbiseler ve güzel yeni ayakkabıların olabilir.,opus_opensubtitles_tr
Ve yepyeni bir kocan.,- Yarın.,opus_opensubtitles_tr
- Hayır.,Şimdi!,opus_opensubtitles_tr
"Eğer beni istiyorsan, şimdi al götür.","Lütfen, lütfen beni götür.",opus_opensubtitles_tr
Bu telaşın ne?,Abim sana iyi ve kötünün hikayesini anlattı mı?,opus_opensubtitles_tr
Onunla alay etme.,Niçin?,opus_opensubtitles_tr
Neden ona gülmemeliyim?,Belki daha iyi olurdu eğer eğer biraz daha onun gibi olmayı deneseydin.,opus_opensubtitles_tr
Bu harika değil mi?,Şimdi beni iyi dinle!,opus_opensubtitles_tr
Çocukluğumdan beri hatırlayabildiklerimin hepsi bu.,"""Neden abin gibi yapmadın?",opus_opensubtitles_tr
"Neden Grant gibi olamadın?""",Onun gibi olmak istemiyorum.,opus_opensubtitles_tr
Onun bir parçası olmak istemiyorum.,- Bu gerçek değil.,opus_opensubtitles_tr
"- Evet, gerçek!",Küçük kardeş olmanın nasıl olduğunu bilemezsin.,opus_opensubtitles_tr
Yaptığın her şey yanlıştır.,Denediğin herşey.,opus_opensubtitles_tr
Ta ki bir silahı denediğim güne kadar.,Gerçekten elime iyi oturdu.,opus_opensubtitles_tr
Ve ben artık küçük kardeş değildim.,"O iyi bir silah, Charlie.",opus_opensubtitles_tr
Bize istediğimiz herşeyi alacak.,Ama ben onu istemiyorum.,opus_opensubtitles_tr
Bu şekilde değil.,Neden çalman gerekiyor?,opus_opensubtitles_tr
Çünkü çalmak hoşuma gidiyor.,Ben insanlardan aldığım zaman onların ne yapacağını görmek istiyorum.,opus_opensubtitles_tr
Senden birşeyler alındığı zaman ne olacak?,Hiçkimse benden bir şey alamaz.,opus_opensubtitles_tr
"Charlie, benimle evlenmeni istiyorum.",Hayır.,opus_opensubtitles_tr
Grant haklıydı.,Asla şansın olmayacak.,opus_opensubtitles_tr
Ve bana hırsız mı diyecek?,Joey.,opus_opensubtitles_tr
Devam et.,Biraz daha çal.,opus_opensubtitles_tr
Akordiyon sesi duymayalı çok uzun zaman oldu.,Özellikle istediğiniz bir parça var mı?,opus_opensubtitles_tr
Yoksa bunu mu çalayım?,"# Oh, demiryolu olmadan uzağa gidemezsin",opus_opensubtitles_tr
# Demiryolu olmadan uzağa gidemezsin,# Bir makinen ve yolun olmalı,opus_opensubtitles_tr
"# Oh, demiryolu olmadan uzağa gidemezsin",# Çayırlığın karşısında yollar var,opus_opensubtitles_tr
# Nerede şahinin yaptığı yuva,# Kayaların karşısında yollar var,opus_opensubtitles_tr
# Altın Batıda #,Oraya nasıl gidilir?,opus_opensubtitles_tr
"Oraya nasıl gidilir, Lee?",Herkes komşu olacak,opus_opensubtitles_tr
Gördüğüm bu küçük rüyamda,Ülkeyi baştan sona temizledin,opus_opensubtitles_tr
Bullfrog Line'de,"# Oh, demiryolu olmadan uzağa gidemezsin",opus_opensubtitles_tr
- # Demiryolu olmadan uzağa gidemezsin #,- Beyler!,opus_opensubtitles_tr
- Renner!,- Sen onun bana çalıştığını bilmiyormuydun?,opus_opensubtitles_tr
- Bin dolarımı almaya geldim.,- Ne bin doları?,opus_opensubtitles_tr
Hafızan oldukça zayıf.,Sana şu vagon hakkında bilgi getirdim.,opus_opensubtitles_tr
Getirdiğim bilgi şu para hakkında.,- Concho randevu yerine gelmedi.,opus_opensubtitles_tr
- Öyle mi?,Bu yüzden paranın yüzde onu benim.,opus_opensubtitles_tr
Seni hayal kırıklığına uğrattığım için üzgünüm ama biz parayı bulamadık.,Para yok mu oldu?,opus_opensubtitles_tr
Bu durumda ben daha iyi bir anlaşma yapmak için hazırım.,"$2,000 karşılığında Paranın yerini söyleyebilirim.",opus_opensubtitles_tr
Anlaştık.,Ben Kimball parayı taşıması için bir adam tuttu.,opus_opensubtitles_tr
Eğer adamın akerdiyon çaldığını duymamış olsaydım asla kim olduğunu bilemezdim.,Para onda.,opus_opensubtitles_tr
Ona sorun!,Joey!,opus_opensubtitles_tr
"Buraya gel, Joey!",Grant!,opus_opensubtitles_tr
"McLaine, yanında bir kadın var!",- Doğru.,opus_opensubtitles_tr
- Seni yakalamadan önce onu dışarı gönder.,"İşte, acele et!",opus_opensubtitles_tr
"Haydi, Charlie.",Kurtulmuş.,opus_opensubtitles_tr
Geliyor.,"Evet, geliyor.",opus_opensubtitles_tr
Benden sonra.,- Niçin durduk?,opus_opensubtitles_tr
- Kestirmeden değirmene gidiyoruz.,Değirmene gidin!,opus_opensubtitles_tr
Haydi!,Koruyun kendinizi!,opus_opensubtitles_tr
Gelin.,Bu halatların sonunda bir maden şaftı var.,opus_opensubtitles_tr
O dağların üzerinden çalışır.,"Diğer tarafta, yaklaşık yarım mil ilerde, demiryolu var.",opus_opensubtitles_tr
Yolun sonuna iki sat var.,Sizi teker teker yollamak zorundayım.,opus_opensubtitles_tr
"Haydi, Verna.",- Parayı bir şekilde getireceğimi Ben'e söyle.,opus_opensubtitles_tr
- Ona daha fazla şey söyleyeceğim.,"Kendi kardeşini öldürmek zorunda kalsan da, o parayı alacak mısın?",opus_opensubtitles_tr
Bir sonraki kova geldiğinde içine atla.,Ben seni korurum.,opus_opensubtitles_tr
"Açık, Charlie.",Çık!,opus_opensubtitles_tr
"Bak, ona arkadan dolanmayı dene.","O onları durduramaz, yalnız yapamaz.",opus_opensubtitles_tr
Yardım etmeyi mi düşünüyorsun?,Grant!,opus_opensubtitles_tr
Dikkat et!,O gerçekten iyidir.,opus_opensubtitles_tr
Colorado'nun en iyi silah kullanan adamıdır.,Charlie!,opus_opensubtitles_tr
Git buradan!,-Sana git buradan dediğimi sanıyorum.,opus_opensubtitles_tr
- Ben burada kalıyorum.,Pekala.,opus_opensubtitles_tr
Şimdi sen içeri gir ve ben seni koruyacağım.,"Teşekkürler, Charlie.",opus_opensubtitles_tr
"Lee, o daha çocuk!",Çocuğa dikkat et.,opus_opensubtitles_tr
Yapabilirsem onları kuşatmaya çalışacağım.,Sadece şu an abimin yanında kalmamın bir sakıncası var mı?,opus_opensubtitles_tr
- Yükseğe ateş ediyor.,- Sen mi yoksa silahın mı?,opus_opensubtitles_tr
- Joey iyi mi?,- Evet iyi.,opus_opensubtitles_tr
Bunu sen başarabilirsin.,Git ve o çocuğu iyi birisi yap.,opus_opensubtitles_tr
Ona iyilik ve kötülüğü tamamıyla anlat.,Demiryoluna işe koy ve çalışsın.,opus_opensubtitles_tr
Her zaman on sent ve nikel için akordiyon çalabilir.,"Bunlar eskiden duyduğum seslere benziyor, Lee.",opus_opensubtitles_tr
Evine hoşgeldin.,Abimin sırıtışını bana verme.,opus_opensubtitles_tr
- Yukarıda!,- Onu hakladım!,opus_opensubtitles_tr
Benimkileri saydım.,Bir tane kaldı.,opus_opensubtitles_tr
"Seni fena vurmuş, Lee.",Senin Bullfrog Line'deki gibi o kadar kötü değil.,opus_opensubtitles_tr
O babanın favori melodisiydi ve sen onu biliyorsun.,Biliyorum.,opus_opensubtitles_tr
Sen ve senin kokuşmuş akordiyonun!,Charlie.,opus_opensubtitles_tr
Charlie?,Joey'le birlikte atları getirin.,opus_opensubtitles_tr
Ne...?,Ben kardeşime bakacağım.,opus_opensubtitles_tr
İşte paranız.,"Ödemeyi yap, Tim.",opus_opensubtitles_tr
"Teşekkür ederim, Grant.",İşini kazandın gibi geliyor.,opus_opensubtitles_tr
Benimkini.,Hayır o bana uymaz.,opus_opensubtitles_tr
Palton nasıl uymadıysa.,Eski işini ister misin?,opus_opensubtitles_tr
Teşekkürler.,"Pekala, Joey.",opus_opensubtitles_tr
Bir kova al ve su taşımaya başla.,Yolun sonuna geldik.,opus_opensubtitles_tr
Şimdi git.,# Bazen ayın üzerinden atlayabileceğimi hissediyorum,opus_opensubtitles_tr
# Ve yukarıdaki gökyüzü söyle,# Dolunayın nasıl olduğu fark eder mi,opus_opensubtitles_tr
# Kalbin boş olduğu zaman,# Nehri izle,opus_opensubtitles_tr
# Her yerde olabilirsin,# Nehri izle bana dön,opus_opensubtitles_tr
İyi Seyirler,GECE GEÇİŞİ,opus_opensubtitles_tr
# Nehri izle,# Nehir yolu bilir,opus_opensubtitles_tr
"# Bana gel, dua ederim",# Seni her gün daha fazla özlüyorum,opus_opensubtitles_tr
# Nehri izle,# Nerede olursan ol,opus_opensubtitles_tr
# Nehri izle bana dön,# Bazen ayın üzerinden atlayabileceğimi hissediyorum,opus_opensubtitles_tr
# Ve yukarıdaki gökyüzü söyle,# Dolunayın nasıl olduğu fark eder mi,opus_opensubtitles_tr
# Kalbin boş olduğu zaman,# Büyük aşkı geri getir,opus_opensubtitles_tr
# Bir zamanlar bildiğimiz aşkı,# Rüyalarımı gerçeğe dönüştür,opus_opensubtitles_tr
# Rüyamda seninleydim,# Nehri izle,opus_opensubtitles_tr
# Nerede olursan ol,# Nehri izle bana dön,opus_opensubtitles_tr
# Nehri izle,# Nerede olursan ol,opus_opensubtitles_tr
# Nehri izle bana dön,Ben işime dönmeliydim.,opus_opensubtitles_tr
Bütün oyunlarını kaybetme.,"- Merhaba, Mac.",opus_opensubtitles_tr
"- Selam, Click.",Merhaba millet.,opus_opensubtitles_tr
- Selam.,- Merhaba.,opus_opensubtitles_tr
"Eve hoş geldin, adam.",Gel otur ve bize bir melodi dinlet.,opus_opensubtitles_tr
- Ödemeyi sözle yapacağız.,- Lafla insanın karnı doymaz.,opus_opensubtitles_tr
O kartlardan da onlardan da vazgeçemez.,McLaine!,opus_opensubtitles_tr
"- Hayır, gerçekten o yapamaz.","- Nerede kaldın, neler oldu?",opus_opensubtitles_tr
Onlar Wyoming yolunu döşüyorlardı.,Teknisyene ihtiyaçları var.,opus_opensubtitles_tr
- Bana ihtiyaç duymadılar.,- Bu çok kötü.,opus_opensubtitles_tr
Sen akordionu çalarsan on sent ve birkaç nikel alabilirsin.,"Doğru, Tim.",opus_opensubtitles_tr
"Hey, bu nedir?",Oyun eşli mi oynanıyor?,opus_opensubtitles_tr
Ödeme günü ne zaman?,"Yarın, eğer onlar Whitey Harbin'den parayı kaçırabilirlerse.",opus_opensubtitles_tr
Bunu yapamazlar.,"O, üç kez trenden maaşları çaldı.",opus_opensubtitles_tr
"Onu geçip gelecekler, yoksa kardan önce hiçbir çelik alamazlar.","- O'Brien, kapa çeneni!",opus_opensubtitles_tr
- Tamamen aynı fikirdeyim.,"Gündüz vardiyasından geceye, gece vardiyasından gündüze.",opus_opensubtitles_tr
Bir aydır para yok.,Sabrım kalmadı.,opus_opensubtitles_tr
Demiryolu onların olsun.,Haksız mıyım?,opus_opensubtitles_tr
- Haklısın!,- McLaine.,opus_opensubtitles_tr
Lütfen bana huzurlu bir melodi çal yoksa kendi ellerimle bir devrim yapacağım.,Ne demek istediğini anlıyorum.,opus_opensubtitles_tr
Onlar sizi rahatsız ediyor mu?,Demiryolunda çalışmadığın için şanslısın.,opus_opensubtitles_tr
Eğer sen bizim için uğraşsaydın bugün yorgun bir adam olurdun.,"Haklı olabilirsin, Tim.",opus_opensubtitles_tr
Haydi güzel bayanlar.,Bizimle dans edin.,opus_opensubtitles_tr
"Sana meydan okuyorum, Bay Feeney.",Karım nerede?,opus_opensubtitles_tr
Haydi!,"Büyük Ed, Junction City'e bağlanır mısın?",opus_opensubtitles_tr
Bu Kimball'a gidecek,"Senin talimatlarına göre, sana tavsiye ettiğim şu Grant McLaine burada hattın sonunda.",opus_opensubtitles_tr
Hattın sonunda demeye gerek yok.,Sadece burada de.,opus_opensubtitles_tr
Ondan uzak dur!,Ondan uzak dur!,opus_opensubtitles_tr
Ne dansı bu?,Rahat bırak...,opus_opensubtitles_tr
"Ait olduğun kendi çadırına git, seni orospu.",Sen ve demiryolun.,opus_opensubtitles_tr
Namuslu ailelerin arasına bunları getiriyor.,İki sente Junction City'den ihtiyarı geri getirirdim ve senin işini bitirirdi.,opus_opensubtitles_tr
Eğer iki sentin olsaydı!,Gene başladılar.,opus_opensubtitles_tr
Bir demiryolu yapımına eşleri ve bayanları karıştıramazsın.,Kes şu çaldığın ağır parçayı bana jig dansı çal.,opus_opensubtitles_tr
Bize jig dansı çal dedim.,Ayaklarına dikkat et.,opus_opensubtitles_tr
Onlar ağır.,Bana jig dansı mı çalarsın yoksa dişlerini mi kaybedersin?,opus_opensubtitles_tr
"Şimdi değil, Mac, şimdi değil.",O kötü biri değil.,opus_opensubtitles_tr
Sadece aptalın teki.,Kendini şanslı say.,opus_opensubtitles_tr
Bunu beş yıl önce yapsaydın iki gözünün arasına kurşunu yemiştin.,Onu adam öldürürken gördüm seni tuzsuz yiyebilirdi.,opus_opensubtitles_tr
Ne istersen çal.,"- Sen jig dansı istedin, şimdi dans et!",opus_opensubtitles_tr
"- İşte çalıyor, Feeney!",Hee-hee!,opus_opensubtitles_tr
Up Garryowen!,# Missouri'de çifçilik yapıyordum Ondan bıkmıştım,opus_opensubtitles_tr
# Bu yüzden kendime bir çanta ve silindir şapka aldım,# Ve seyehat için istasyona doğru yola çıktım,opus_opensubtitles_tr
# Ama hiç istasyon yoktu ve ben çok geçmeden öğrendim,# Şu demiryolu olmadan uzağa gidemezsin,opus_opensubtitles_tr
# Demiryolu olmadan uzağa gidemezsin,# Bir şey seni oradan alıp tekrar geri getirmelidir,opus_opensubtitles_tr
"# Oh, sen bir çocuk arabası ya da beygirle her yere gidemezsin",# Demiryolu olmadan uzağa gidemezsin,opus_opensubtitles_tr
# Demiryolu olmadan uzağa gidemezsin,# Bir makinan ve bir yolun olmalı,opus_opensubtitles_tr
"# Oh, demiryolu olmadan fazla uzağa gidemezsin #",Bu parçayı duymadım.,opus_opensubtitles_tr
Nereden geldi bu?,Evin civarında kavga çıktığı zaman babam bu parçayı çalardı.,opus_opensubtitles_tr
Bizim çocuklar hemen kavgayı bırakırlar ve hemen dansa başlarlardı.,Adam iyi çalıyor.,opus_opensubtitles_tr
Sadece onların dans etmesine izin verecek miyiz?,Seninle başlatalım.,opus_opensubtitles_tr
"Clarence Feeney, o orospulara bakmayı bırak ve karınla dans et.","- Uzak dur benden kadın, yorgunum.",opus_opensubtitles_tr
- Yorgun musun?,Bu benim dans günüm ya da kavga.,opus_opensubtitles_tr
Hangisini istiyorsun?,Sevgilim.,opus_opensubtitles_tr
İyi iş.,Sana yarın beş dolar vereceğim.,opus_opensubtitles_tr
Eğer Whitey para treninin geçişine izin verirse.,Üç kez yeterli.,opus_opensubtitles_tr
Onu tekrar çalmayacak.,Onunla bahse girme.,opus_opensubtitles_tr
Bu Whitey Harbin acayip bir adam.,Onun oldukça meraklı büyük patronu var.,opus_opensubtitles_tr
"Kimball, o seni görmek istediğini söylüyor.",- Burada olduğumu nasıl öğrenmiş?,opus_opensubtitles_tr
- Ben söyledim.,Burada diye.,opus_opensubtitles_tr
Onu sen oku.,"Müziği kesersem, korkarım Bayan Feeney bu sefer beni döver.",opus_opensubtitles_tr
"""Bana hemen Junction City'den rapor ver .",Acele.,opus_opensubtitles_tr
"Ben Kimball.""",- Belki sana verecek...,opus_opensubtitles_tr
- Başka bir şans mı?,Hayır.,opus_opensubtitles_tr
Onun tarzı değil.,- Ama onu göreceksin?,opus_opensubtitles_tr
- Onlar dansı bitirinceye kadar göremem.,"- Seni yaşlı cadı, şimdi...",opus_opensubtitles_tr
- Boyalı sürtük!,Bırak beni!,opus_opensubtitles_tr
Bırak!,"Bırak onu, dedim!",opus_opensubtitles_tr
- Tut şunu.,- Pekala.,opus_opensubtitles_tr
Ve babanın evde barışı sağlamak için çaldığı melodi bu mu?,Birkaç notayı yanlışlıkla dışarı atmış olmalıyım.,opus_opensubtitles_tr
Evet.,"- Teşekkürler, Tim.",opus_opensubtitles_tr
"- Güle güle, Mac.","- Kahveye geç mi kaldım, bayım?",opus_opensubtitles_tr
- Merhaba.,Biraz birşeyler kaldı sanıyorum.,opus_opensubtitles_tr
- Oh.,"Merhaba, bayan.",opus_opensubtitles_tr
- Attan insene.,Memnuniyetle.,opus_opensubtitles_tr
- Onlarla mı meşgul oluyorsun?,- Evet.,opus_opensubtitles_tr
Madeni çıkart ve erzağı topla.,Madencilerin hepsi Boston'da büyüdüğü için daha çok fasulye yiyebilirler.,opus_opensubtitles_tr
- Şimdi değirmene götürmemi istiyorlar.,- Hepsini bir seferde mi?,opus_opensubtitles_tr
"Hayır, bir seferde sadece birkaç tane.",Demiryolunun sonuna ulaşmak için bekelemekten yoruldular.,opus_opensubtitles_tr
"Aramızda kalsın, kardan önce biteceğini sanmıyorum.",Bitmemesini umuyorsun değil mi?,opus_opensubtitles_tr
- İlkin öyleydim.,- Uh-huh.,opus_opensubtitles_tr
İşimin biteceğini düşündüm.,Bitmedi.,opus_opensubtitles_tr
- Bitmedi mi?,- Hayır.,opus_opensubtitles_tr
Bu altın komik bir şey.,Demiryolunun olmadığı yerde herzaman birkaç budala bulunur.,opus_opensubtitles_tr
Sonra madenini dışarı çıkarmak için kendi adamlarını getirecek ve bana birkaç budala daha gönderecek.,Onlar çılgın madenciler!,opus_opensubtitles_tr
Şu iyi makinaların döküntülerine bak.,Halatlarla kovalar iki mil gidiyor.,opus_opensubtitles_tr
Geçen hafta bu şeylerin hepsi yukarıda kaldı.,Damar dışarı çıkartıldı mı yoksa düşük kaliteye mi denk geldi?,opus_opensubtitles_tr
Onlar iyi bir damara denk geldiler.,Uh-huh.,opus_opensubtitles_tr
"- Güzel bir kahveydi, Bayan...",- Bayan Vittles.,opus_opensubtitles_tr
Bayan Vittles.,Kesinlikle takdir ediyorum.,opus_opensubtitles_tr
- Önümde uzun bir yol var.,- Junction City'e de gidecek misin?,opus_opensubtitles_tr
Evet bayan.,Ama acele etmem gerekiyor.,opus_opensubtitles_tr
Ben arkadaş aramıyorum.,Bir ekip için on eşek yeterli.,opus_opensubtitles_tr
- Seni dağın etrafını dolanmaktan kurtarabilirim.,- Nasıl olacak?,opus_opensubtitles_tr
"Söylediğim gibi, çocuklar iyi bir damar buldular, dağın boyunca onu izle.",Onlar geçen hafta diğer tarafta kırma yaptılar ve orada hiçbir şey bulamadılar.,opus_opensubtitles_tr
Kasabaya çok güzel kestirme bir yol olur.,- Eminim olur.,opus_opensubtitles_tr
- Hala deli olduğumu düşünüyor musun?,- Gerçekten sevimli olduğunu düşünüyorum.,opus_opensubtitles_tr
- Oh!,- Bu tepelere zaman harcamaya mı gidiyorsun?,opus_opensubtitles_tr
"- Evet, Bayan.",Kar geldiğinde bir kadına ihtiyacın olacak.,opus_opensubtitles_tr
"Veya sıcak bir paltoya, yoksa dizlerin donacak.",Sıcak tutacak bir palto almaya gücüm yetmez.,opus_opensubtitles_tr
"Hoşça kalın, Bayan Vittles.",İnsanlar iple bağlanan buzağının ne hissettiğini merak eder.,opus_opensubtitles_tr
Şimdi onlara söyleyebilirsin.,Sen neden karışıyorsun?,opus_opensubtitles_tr
Belki çocukların yaralanmasını görmek istemiyorum.,"Kırık bir yerin var mı , evlat.",opus_opensubtitles_tr
Yakasının altında bir bıçak var!,- Üzengiye basıp binmek ister misin?,opus_opensubtitles_tr
- Hayır.,- Neden?,opus_opensubtitles_tr
"- Sana minnettarım, bayım.",Biz onu bu şekilde bırakamaz mıyız?,opus_opensubtitles_tr
- Günaydın.,- Günaydın.,opus_opensubtitles_tr
- Ona bakar mısn?,- Ne kadar kalacak?,opus_opensubtitles_tr
- Bilmiyorum.,- Yulaf için 25 sent.,opus_opensubtitles_tr
- Seni daha önce gördüm mü?,- Nerede olduğuna bağlı.,opus_opensubtitles_tr
- Çoğunlukla demiryolunu izlerim.,- Beni görmüş olabirsin.,opus_opensubtitles_tr
- Eğer gece kalırsa 50 sent olur.,- Uygundur.,opus_opensubtitles_tr
Günaydın.,Bugün uzun boylu ve yapılı bir adam geldi mi?,opus_opensubtitles_tr
"- O olabilir mi, Bay Renner?",- O değil.,opus_opensubtitles_tr
Burasında yara izi vardı.,Yanağında mı?,opus_opensubtitles_tr
Hayır bayım.,Yara izi olan bir adam görmedim.,opus_opensubtitles_tr
Belki biraz elmalı pasta ve kahve alabileceğimi umuyorum.,"Pastırmalı yumurta isteseydin, pastırmalı yumurta olabileceğini tahmin ederdim.",opus_opensubtitles_tr
"- Merhaba, Charlie.","- Merhaba, Grant.",opus_opensubtitles_tr
"Seni görmek güzel, Charlie.",Seni görmek çok güzel.,opus_opensubtitles_tr
Seni görmek te güzel.,- Yumurtaları getiriyorum.,opus_opensubtitles_tr
- Hayır pastayı getir.,Pastayı ödeyebilirim.,opus_opensubtitles_tr
Çok inatçı bir adamsın.,Kahvaltıda elmalı pasta yenmez.,opus_opensubtitles_tr
Eğer seviyorsan yenir.,Şimdi bir çatal alayım.,opus_opensubtitles_tr
- Buraya geleli çok oldu mu?,- Üç hafta kadar.,opus_opensubtitles_tr
Utica Kid nasıl?,İyiydi en son gördüğümde.,opus_opensubtitles_tr
Ne zamandı?,- Günaydın.,opus_opensubtitles_tr
- Günaydın.,"Evet, iş erken başladı ve Pete geç kaldı.",opus_opensubtitles_tr
Öğle yemeği.,Fix mi?,opus_opensubtitles_tr
Neden sordun?,Öğle yemekleri her zaman fix olur.,opus_opensubtitles_tr
Neden mi?,Çünkü onları sen fixledin.,opus_opensubtitles_tr
"Charlie, seni omlet gibi yaparım omleti yalnız Pete yapabilir.",Çok kötü.,opus_opensubtitles_tr
"Haydi gel yanıma otur, bir fincan kahve vereyim.","Pete'nin Santa Fe'de yeri vardı, unuttun mu?",opus_opensubtitles_tr
Bir yerde ayakkabı mağazası çalıştırıyor musun?,O kutular iş treni için öğle yemeği.,opus_opensubtitles_tr
"Para, para, para.",Pete nasıl yapıldığını biliyor.,opus_opensubtitles_tr
O demiryolunu izler.,Birçok insanın demiryolunu izlediğini tahmin ediyorum.,opus_opensubtitles_tr
Sen ve Pete.,Utica Kid.,opus_opensubtitles_tr
Onu en son ne zaman gördüğünü sordum.,Çalışanların üç maaşı kayboldu.,opus_opensubtitles_tr
Şimdi onu en son ne zaman gördün?,"- Charlie, önlüğümü nereye koydum?",opus_opensubtitles_tr
- Orada altta.,İyi biri olmalısın.,opus_opensubtitles_tr
"Eğer Charlie yanında oturuyorsa, sen iyi biri olmalısın.",Sana da omlet yapacağım.,opus_opensubtitles_tr
Utica Kid'den bahsediyorduk.,O bekleyebilir.,opus_opensubtitles_tr
Ben Kimball kasabada.,Dün onun vagonunu da perona koydular.,opus_opensubtitles_tr
- Biliyorum.,- Karısı da onunla.,opus_opensubtitles_tr
O kadın mı?,Çoğu kez Verna'nın nasıl olduğunu merak ederdim.,opus_opensubtitles_tr
Onu dün gece gördüm.,Tüm ince ipek ve tüyler.,opus_opensubtitles_tr
O tatlı ve güzel.,Ve şimdi anlayabiliyorum.,opus_opensubtitles_tr
Anlayabiliyor musun?,Kasabada ne kadar kalacaksın?,opus_opensubtitles_tr
- Bu Ben Kimball'a bağlı.,- Yeniden demiryolunda mı çalışacaksın?,opus_opensubtitles_tr
- Eğer istersem?,- Bu iyi olurdu.,opus_opensubtitles_tr
"Akordiyon çalmak senin işin değil, geçimin için de değil.",Sen demiryoluna aitsin ve o da sana ait.,opus_opensubtitles_tr
Eskiden bana ait olan birçok şey vardı ve ben onları bir şekilde kaybettim.,İki omlet geliyor.,opus_opensubtitles_tr
- Yumurta sever misini?,- Hayır.,opus_opensubtitles_tr
Çok kötüydü.,Sana bir omlet geliyor.,opus_opensubtitles_tr
"Evet, birileri onları yemesi lazım, haydi.",O senin demektir.,opus_opensubtitles_tr
- Kutulara koydun mu?,- Omlet mi?,opus_opensubtitles_tr
Yolun sonuna geldiğimde acıkıyorum.,Belki o zaman rahat olur.,opus_opensubtitles_tr
"Rahat veya değil, onu şimdi götürüyorsun.",Onun için ödeme yapamam.,opus_opensubtitles_tr
Sonra istasyonda öğle yekelerini satmam için bana yardım edebilirsin.,Daha fazla tartışma istiyormusun?,opus_opensubtitles_tr
Gel.,"- Beni mi görmek istedi, Ben?",opus_opensubtitles_tr
- Kesinlikle.,"Merhaba, Grant.",opus_opensubtitles_tr
Otursana.,"Pekala, Jeff.",opus_opensubtitles_tr
"Renner, Pete'ye git ve kahvaltı getir yanında kahve de olsun.",- Yemek yemedin mi?,opus_opensubtitles_tr
- Yedim.,Sadece kahve getir.,opus_opensubtitles_tr
Sıcak olsun.,- Herşey yolunda mı?,opus_opensubtitles_tr
- Yaşıyorum.,- Akordiyon mu çalıyorsun?,opus_opensubtitles_tr
- Doğru.,Senin için çalmamı ister misin?,opus_opensubtitles_tr
Demiryolu dışında başka işler var.,"Evet, Colorado çok uzak olabilir.",opus_opensubtitles_tr
İnsanlar oldukça yoksuldur.,"Bu şartlarda işten atılan biradam, benim işten atılma hikayem böyle yayıldı.",opus_opensubtitles_tr
"Evet, ben... üzgünüm.","- Hayır, ben müzik yapmayı severim.",opus_opensubtitles_tr
- Ve o seni demiryolu yanında korur.,"Eğer biri maaşlar hakkında bilgi almak isterse, onu satabilirsin.",opus_opensubtitles_tr
Bunun komik birşey olduğunu biliyorsun.,Ben de seni sevmiyorum.,opus_opensubtitles_tr
- Bu yüzden mi beni gönderdin?,- Hayır.,opus_opensubtitles_tr
Ve bu konuyu kapat.,İstediğin gibi olsun.,opus_opensubtitles_tr
"Utica Kid'den sonra onu gönerdiğimde daha fazlasını yaptım, ama şimdi ona güvenmiyorum.",Ben bir hırsızın arkasına seni yolladım ve sen ona kaçması için bir at verdin.,opus_opensubtitles_tr
- Sana susmanı söyledim.,- Bırak konuşsun.,opus_opensubtitles_tr
Silahım yok.,Size karşı dürüst olacağım.,opus_opensubtitles_tr
Ben de olsam aynı şeyleri söylerdim.,- Sizi görmek güzeldi.,opus_opensubtitles_tr
- Grant.,Jeff'in kaba davranmak istemediğinden eminim.,opus_opensubtitles_tr
O bazı konularda açık sözlüdür.,"Ne yazık ki, Ben çok daha iyi değildir.",opus_opensubtitles_tr
Önemli değil.,Sadece bunlar aceleyle söylendi.,opus_opensubtitles_tr
Çok aceleyle.,"Sana sormayı unuttular, yeniden demiryolunda çalışmak istermiydin?",opus_opensubtitles_tr
Evet isterdim.,Sana bir cevap vermedim.,opus_opensubtitles_tr
- İstediğim cevap bu.,"- Otur, Grant.",opus_opensubtitles_tr
Whitey Harbin'i hatırlıyor musun?,Arizona ve New Mexico'da çalıştı.,opus_opensubtitles_tr
- Evet.,- O Colorado'da görüldü.,opus_opensubtitles_tr
Onun ilgi alanı posta arabası ve bankalar olduğunu zannediyordum.,Biz de öyle.,opus_opensubtitles_tr
Ama demiryolu ödemelerini öğrendi...,- ...ve üç kez parayı gasp etti.,opus_opensubtitles_tr
- Ne yapılabilir?,Onlar şantiyede bir tren hazırlıyorlar.,opus_opensubtitles_tr
O trene binmeni istiyorum.,"- Cebinde bu $10,000 ile.",opus_opensubtitles_tr
- Neden ben?,"İşin açıkcası, çünkü senin bir para taşıyacağın hiçkimsenin aklına gelmez.",opus_opensubtitles_tr
"Kesinlikle 10.000 $ ı götüremem gibi geliyor, yapabilirmiyim?",İhtiyacın olmayan bir köprüyü yaparmısın?,opus_opensubtitles_tr
Para burada.,Neden cumartesi günü adamları buraya getirip ve kasabada ödeme yapmıyorsun.,opus_opensubtitles_tr
Ve ekibin yarısın kaybet?,"Maden çıkaran bir kasabada onlar boş kalırsa, hepsi tepelere altın aramaya gider.",opus_opensubtitles_tr
Çalışmazlar.,Ve kar gelmeden önce bu bölümü bitirmek zorundayız.,opus_opensubtitles_tr
Bir hırsıza atını veren adam için bu büyük bir kumar!,Evet.,opus_opensubtitles_tr
Sen de biliyor olmalısın ki size karşı işlerim hep ters gitti.,Trene bir furgon bağlanacak.,opus_opensubtitles_tr
İçindeki adamlardan biri ben olacağım.,- Bu ne zaman oldu?,opus_opensubtitles_tr
- Geçen hafta.,"- Renner, sen biliyor muydun?",opus_opensubtitles_tr
- Evet.,- Neden bana söylemedin?,opus_opensubtitles_tr
- Bunu ben söyledim.,- Neden?,opus_opensubtitles_tr
- Her planımızdan Whitey'in haberi oluyor.,- Ona söylediğimi mi düşünüyorsun?,opus_opensubtitles_tr
- Yanlış insanlara güvenebilirdin.,"- Eğer o işe alınırsa, ben ondan eminim.",opus_opensubtitles_tr
- İşi almayacağımı umuyorum.,"Daha sonra Jeff, Ben'in sandayesine oturacak.",opus_opensubtitles_tr
"Oh, ben bunu beğenmedim.",A-ah.,opus_opensubtitles_tr
İşi bir şartla kabul ederim.,Eğer ben teslimatı yaparsam onun işini alırım.,opus_opensubtitles_tr
Bir anlaşma yaptın.,Teşekkür ederim.,opus_opensubtitles_tr
Bekle biraz.,Tepeler her zaman soğuk olur.,opus_opensubtitles_tr
Bu palto bana her zaman çok uzun gelmişti.,Teşekkürler.,opus_opensubtitles_tr
Onu istemediğini düşündüm.,O dedi.,opus_opensubtitles_tr
Ona güvenmediğimi söyledim.,Ve hala güvenmiyorum.,opus_opensubtitles_tr
Grant.,Ben'in seni göndermesine şaşırdın mı?,opus_opensubtitles_tr
Onunla konuşuncaya kadar.,O değişmiş gibi görünüyor.,opus_opensubtitles_tr
Haklısın.,O özel vagonda sekreteri ile düşünüldüğünde uygun olmaz ve bürodan baskı gelir.,opus_opensubtitles_tr
Ama sonunda çeteyi kovalayıp demiryolunu tamamlarsa uygun görülebilir.,- O senin gibi çalışan biri.,opus_opensubtitles_tr
"- Evet, ama o da biraz rüya görebilir.",Eğer o fikirlerini onlara satmamış olsaydı Colorado'da demiryolu olmayacaktı.,opus_opensubtitles_tr
"Onun iyiliği için, bunu yapmamasını istedim.",Yolun sonunda mutluydu ama yukarıda ona karşı çıktılar ve bizi Chicago'ya gönderdiler.,opus_opensubtitles_tr
- Ve şimdi biraz yardıma ihtiyacı var.,- Seni bu yüzden gönderdi.,opus_opensubtitles_tr
"Oh, onunla ilgili bir şey olmuş olabilir.",Neden?,opus_opensubtitles_tr
Bir zamanlar benimle ilgileniyordun.,İlgim seninkinden daha fazlaydı.,opus_opensubtitles_tr
Seninle evlenmek istedim.,Dediğini yapmadığım için üzgün olduğum zamanlar.,opus_opensubtitles_tr
Değil mi?,Hayır.,opus_opensubtitles_tr
"Bir erkek, zora düştüğünde kadınını ona dönmesini ister ve sen bunu yapmadın.","Ben, bana hırsız dedi ve sen onunla birlikte gittin.",opus_opensubtitles_tr
Bu kadar basit.,Grant.,opus_opensubtitles_tr
Eski günlerin hatırına.,Eski günlerin hatırına mı?,opus_opensubtitles_tr
Çok fazla değil mi?,Belki biraz daha fazla.,opus_opensubtitles_tr
"Biz maaş bordrosunun gittiğinden emin olmak isteriz, değil mi?",Bilmiyorum.,opus_opensubtitles_tr
Belki Jeff haklıdır.,Bu tipler nadiren değişir.,opus_opensubtitles_tr
Ve eğer biz hata yaptıysak bu herşeyin sonu olur.,Öyleyse neden bu furgonu tedarik treninden ayırmadık.,opus_opensubtitles_tr
Eğer biz herşeyi açık oynuyorsak onlar düştüğünde kartları görmek isterdim.,- Teşekkürler.,opus_opensubtitles_tr
Umarım yolculuğun iyi geçer.,- Teşekkür ederim.,opus_opensubtitles_tr
"- Bayan, hepsi bu mu?",- Evet.,opus_opensubtitles_tr
- İşte öğle yemeğiniz.,Onu hakettiniz.,opus_opensubtitles_tr
- Teşekkürler.,"- Bayım, yolun sonuna kadar gidiyor musunuz?",opus_opensubtitles_tr
- Evet.,Bilet için bana yardım edermiydin?,opus_opensubtitles_tr
Seninle olursam yarım biletle binebilirim.,- Ve sen yetişkin birisin.,opus_opensubtitles_tr
"- Evet, bazen ben de merak ediyorum.",Pekala evlat.,opus_opensubtitles_tr
Yanımıza gelebilirsin.,Biz diğer adamlarla parasız bineceğiz.,opus_opensubtitles_tr
- Açık yük vagonuna mı?,- Haydi.,opus_opensubtitles_tr
Yukarı çık.,Bol temiz hava.,opus_opensubtitles_tr
Büyümene iyi gelir.,Ben burada yokken gelmediğinden emin misin?,opus_opensubtitles_tr
Şu doru atlıdan başka buraya kimse gelmedi.,- Dediğin adam ne renk bir ata biniyordu?,opus_opensubtitles_tr
- Nereden bileyim ben?,Onu mutlaka görmeliyim.,opus_opensubtitles_tr
Onlar Bay Kimball'ın vagonunu da bağlamışlar.,Barley!,opus_opensubtitles_tr
Atını buraya koymasını sana söyleyen adam...,Daha bakımına başlamadım.,opus_opensubtitles_tr
Orada sadece gelen şu doru at var.,İstediğim içerideki o doru at.,opus_opensubtitles_tr
O dostum Grant McLaine'e ait.,McLaine mi?,opus_opensubtitles_tr
Hatırladım.,Yanlış yapmadan önce onu Sante Fe'den teknisyen olarak tanırım.,opus_opensubtitles_tr
- O yanlış yapmadı.,- Onun atı ile ne yapacaksın?,opus_opensubtitles_tr
- Onau getir!,Eyerini değiştireceğim.,opus_opensubtitles_tr
- Pekala.,"Hey, Pilgrim!",opus_opensubtitles_tr
Buraya gel!,O bozuk karaciğerinle heyecan yapma.,opus_opensubtitles_tr
"- Birkez onları kaybedersen, onlar seni kaybeder.",- Bu seni ilgilendirmez.,opus_opensubtitles_tr
- İlgilendirebilir.,O vagona yetişmek istermisin?,opus_opensubtitles_tr
- Mümkün olsa?,- Seni gideceğin yere götürebilirim.,opus_opensubtitles_tr
- Bunlardan biri ile mi?,Onları tren hattın sonuna varmadan önce sen orada olacaksın.,opus_opensubtitles_tr
- Bu anlamsız.,- $100 ver haklı olduğumu gör.,opus_opensubtitles_tr
- Bahse girdin.,- Ve sen kabul ettin.,opus_opensubtitles_tr
İşte.,Sarkık kulaklılara binmene izin veriyorum.,opus_opensubtitles_tr
"- İçeride içebilirsin, bayım.",- İstediğim yerde içebilirim.,opus_opensubtitles_tr
Eğer o seni memnun edcekse yakabilirsin de ama sana iki 25liğe patlar.,- Neden?,opus_opensubtitles_tr
- Birinci sınıf yolculuk.,Aksi takdirde açık wagona bin.,opus_opensubtitles_tr
- Onu çalar mısın?,"- Evet, çalarım.",opus_opensubtitles_tr
- Ne zaman?,- Ne zaman mı?,opus_opensubtitles_tr
Birileri şapkama 10 sent attığı zaman.,- Benim 10 sentim yok.,opus_opensubtitles_tr
- Bu da benden olsun.,- Daha önce buraya bindin mi?,opus_opensubtitles_tr
- Sık değil.,-Yolun sonunda ne yapacaksın?,opus_opensubtitles_tr
- İş.,Junction City'den bir iş almayı düşündüm.,opus_opensubtitles_tr
Onlar bana ustabaşının eleman aldığını söyledi.,Sen kızak sallamak için çok küçüksün.,opus_opensubtitles_tr
- Su taşıyabilirim.,"- Evet, su taşıyabilirsin.",opus_opensubtitles_tr
- Çok önemli iş.,- Hey!,opus_opensubtitles_tr
- Burada ne yapıyorsun?,"- O benimle, Pick.",opus_opensubtitles_tr
- Onu nereden aldın?,- Birileri onu bıraktı.,opus_opensubtitles_tr
Sen onu yanından ayırma.,Dağlarda kaybolur.,opus_opensubtitles_tr
Demiryolunun dağlarda döşendiğini bu adamlara kim söyler ki?,- Nehir.,opus_opensubtitles_tr
- Ha?,Onlar sadece nehri izler.,opus_opensubtitles_tr
- Bunu sana kim söyledi?,- Babamın söylediğini sanıyorum.,opus_opensubtitles_tr
Onunla ilgili şarkısı vardı.,# Nehri izle,opus_opensubtitles_tr
# Nehir yolu bilir,# Gönüller yanlış yola sapabilir,opus_opensubtitles_tr
# Her gün olduğu gibi,# Nehri izle,opus_opensubtitles_tr
# Nerede olursan ol,# Nehri izle bana dön #,opus_opensubtitles_tr
Concho hakkında bilgi edinmek ister misin?,- Concho kim?,opus_opensubtitles_tr
- İple bağladığın adam.,Tanımak ister misin?,opus_opensubtitles_tr
Sen bana söylemezsen tanıyamam.,Sana söylemeliyim.,opus_opensubtitles_tr
Silahında hızlıdır.,Silahında hızlı sadece iki adam tanıyorum.,opus_opensubtitles_tr
Kim bu iki adam?,"Birisi, Whitey Harbin.",opus_opensubtitles_tr
Ben Whitey'den kaçıyorum.,Bunun nedeni Concho idi.,opus_opensubtitles_tr
Sen Whitey'nin adamı mısın?,Hayır.,opus_opensubtitles_tr
Ben Montrose'daydım.,Whitey ve çetesi banka soyuyordu.,opus_opensubtitles_tr
Ben sadece yolu gözlüyordum.,Whitey beni öldürmek istedi ama diğer adam ona izin vermedi.,opus_opensubtitles_tr
Beni eyere bindirdi ve dedi ki...,""" Sen çocuk katili değilsin.",opus_opensubtitles_tr
"Seninle olduğun sürece bunu yapma.""","- Whitey, geri çekildi.",opus_opensubtitles_tr
- Çünkü adam silahta daha hızlıydı.,Şimşek gibi.,opus_opensubtitles_tr
"Bu diğer adamın, bir adı var mı?",Onun bir adı var.,opus_opensubtitles_tr
Utica Kid.,Eğer o patron olsaydı ben o çetede kalırdım.,opus_opensubtitles_tr
- Ama olmadı?,- Henüz değil.,opus_opensubtitles_tr
"O herzaman Whitey'e iğneli laflar söyler, ona güler ve deliye döndürür.",Hatta o ondan daha deli!,opus_opensubtitles_tr
Bir gün Whitey kırılacak ve o kaybedecek.,Senin bahsettiğin temiz hava bu mu?,opus_opensubtitles_tr
O adamlar içeriye nasıl binebiliyorlar?,"Evet, bu iyi ile kötünün eski bir hikayesidir.",opus_opensubtitles_tr
Eğer tüm paranı wiskiye harcarsan bilet alacak paran kalmaz.,İçki içme.,opus_opensubtitles_tr
Sonra ihtiyacın olduğunda 75 senti ararsın.,Bu çok doğru.,opus_opensubtitles_tr
"Bak ne diyeceğim, belki 75 sentim vardır.",Evet.,opus_opensubtitles_tr
Parayı ödeyip içeriye girmemize ne dersin?,Haydi.,opus_opensubtitles_tr
Sanırım bu şekilde nehri izlemek için yeterince güçlü değilim.,Bazen akıntıya karşı yolculuk yapmak kolay olmuyor.,opus_opensubtitles_tr
- Bir dolar vereceksin.,- Bu 75 sent.,opus_opensubtitles_tr
Ben yetişkinim.,İşte.,opus_opensubtitles_tr
Tut şunları.,- Concho konusunda endişelenme.,opus_opensubtitles_tr
- Sen olsaydın...,"Oh, hayır, haydi.",opus_opensubtitles_tr
Otur.,Eğer bana ondan bahsedersen birlikte endişelenebiliriz.,opus_opensubtitles_tr
- Umurumda değil.,"- Eğer o olsaydı, böyle konuşmazdın.",opus_opensubtitles_tr
Pekala.,Ben Whitey'den ayrıldım.,opus_opensubtitles_tr
Konuşmak zorunda olduğum anlamına gelmez.,"Hayır, konuşmak zorunda değilsin.",opus_opensubtitles_tr
Ben hatta Utica Kid'den de ayrıldım.,"- Merhaba, Utica.",opus_opensubtitles_tr
"- Onunla ilgilen, Howdy.",Tabi.,opus_opensubtitles_tr
Haydi.,Bu oldukça iyi bir kemer.,opus_opensubtitles_tr
Sahibi de çok iyi bir adamdı.,"Hatırlasana, bana çekmeyi öğrettmiştin?",opus_opensubtitles_tr
İşe yaradı.,O deri kılıftaki silahıyla gitti.,opus_opensubtitles_tr
"- Ve şimdi sen ""sorunlu"" adamsın.",- Sorunlu mu?,opus_opensubtitles_tr
Evet.,Senin karşındakine çekerken kaybetme olasılığın altıda bir.,opus_opensubtitles_tr
- Eğer vaktin varsa.,- Evet var.,opus_opensubtitles_tr
Söyle.,Çek!,opus_opensubtitles_tr
Etrafındaki diğer aptallardan önce daha iyi çekmeyi öğrenmelisin.,"Sekiz santim yukarı, Whitey.",opus_opensubtitles_tr
Sen o kafatasına iyi bak.,Gelecek sefere seninki olabilir.,opus_opensubtitles_tr
Arkama sessizce sokulma!,Beni sinirlendirir!,opus_opensubtitles_tr
Haberim var.,Başka neyi farkettin?,opus_opensubtitles_tr
Concho'yu gördün mü?,- Onu gördün mü?,opus_opensubtitles_tr
- Yollarda yoktu.,Onun nerede olmadığını sana sordum mu?,opus_opensubtitles_tr
Sana onu gördün mü dedim?,- Öyle demek istedim.,opus_opensubtitles_tr
- Açıkça söylemedin.,Çünkü sen komik bir adamsın.,opus_opensubtitles_tr
Sen her zaman içinden gülüyorsundur.,"İyi, gülmeye devam et.",opus_opensubtitles_tr
"Ama öyle olsun, Kid.",Silahta senden daha iyiyim.,opus_opensubtitles_tr
Yoksa denemek ister misin?,"İlginç bir düşünce, ama senden korktum, Whitey.",opus_opensubtitles_tr
Sen benden korkmazsın.,"Ve senin beynin, ayaklarında, belki sadece biraz daha hızlı olduğunu düşünüyorsun.",opus_opensubtitles_tr
Ve sen bir şey mi biliyorsun?,Olabilir.,opus_opensubtitles_tr
"Bunu devamlı niye taşıyorsun, sence bir özelliği var mı?",O sadece benim bir buluşum.,opus_opensubtitles_tr
Ama sen bir furgonun mandalına dışarıdan onu koyduğunda kapıyı içeriden açamazsın.,Şimdi bana sor furgonun kapısını içeriden kim açmak ister?,opus_opensubtitles_tr
- Jeff Kurth ve bir düzine silahlı adamı.,- Nereden biliyorsun?,opus_opensubtitles_tr
Concho sana söylediğinde ben yukarıda uyuyordum.,Nasıl horlanacağını daha iyi öğren!,opus_opensubtitles_tr
Sen arkadan adam nasıl vurulur bilemezsin.,Öğrenirim.,opus_opensubtitles_tr
"Ne isterdiniz, beyler?","Elimde Büyükbaba, Büyükanne ve Tom Amca var.",opus_opensubtitles_tr
- Ve yaşlı boş şişe.,"- Komik değilsin, Latigo.",opus_opensubtitles_tr
"Böyle bir durumda, kim komik olmak ister ki?","Git, çocuk.",opus_opensubtitles_tr
Bizde bol olsa bile sen daha wiski için çok gençsin,Ukalalık yapma.,opus_opensubtitles_tr
Joey'le konuşmuyorsun.,"Joey'ın demesine göre, yol boyunca ona rastlamamışsın, değil mi?",opus_opensubtitles_tr
O eski Flannelmouth'dan istiyorum.,- Onu gördün mü?,opus_opensubtitles_tr
- Hayır.,Herhangi bir işaret bıraktı mı?,opus_opensubtitles_tr
Biraz.,O Junction City'e doğru gidiyordu.,opus_opensubtitles_tr
Ama onu izlemedin?,Joey herzaman bir baş belasıdır.,opus_opensubtitles_tr
Onu nehre atıyordum.,- Neden yapmadın?,opus_opensubtitles_tr
- Ve beynimi mi dağıtsaydın?,Beni öldürmek için daha iyi bir neden bulmalısın.,opus_opensubtitles_tr
Concho'nun Kasabada Joey'u yakalamadığını ve çocuğun konuşmadığını farzet.,- O konuşmayacak.,opus_opensubtitles_tr
"- Belki konuşmaz, ama Concho dönmedi.","O dönene kadar, biz parayı nasıl taşıdıklarını öğrenemeyiz.",opus_opensubtitles_tr
Doğru.,Biriyle gitmesine izin verseydi belki akıllıca olurdu.,opus_opensubtitles_tr
Neden?,Kargaşalıkta üç kez parayı kaptık.,opus_opensubtitles_tr
Onlara biraz nefes aldıralım.,Aklıma yattı.,opus_opensubtitles_tr
Ben Utica ile gidiyorum.,Seninle birlikteyim.,opus_opensubtitles_tr
Biz buna katlanmak zorundayız Whitey.,Kimse bir yere gitmiyor!,opus_opensubtitles_tr
Neden?,İşçi paraları hakkında bilgi sende ve ben şimdi onları istiyorum.,opus_opensubtitles_tr
- Ben de.,- Onu satın alacağım.,opus_opensubtitles_tr
Bazen amaca ulaşmak zahmetli olabilir.,- Ben Whitey ile beraberim.,opus_opensubtitles_tr
- Ben de.,"Sen ne diyorsun, Torgenson?",opus_opensubtitles_tr
Benim şikayetim yok.,"Onu sen çağırdın, ben seninleyim.",opus_opensubtitles_tr
Senin oy üstünlüğün sağlanmış görünüyor.,Anlatmak ister misin?,opus_opensubtitles_tr
- Şimdi bir içki içmek istiyorum.,- Sen bilirsin.,opus_opensubtitles_tr
"Eğer bir kavgayı satın alamazsan, içkiyi satın alırım.",Doldur onları.,opus_opensubtitles_tr
"Üzgünüm, bar kapalı.",Bizim iyi wiskimiz olmadığından dolayı.,opus_opensubtitles_tr
Ya bu zemini sabitle ya da yeni bir barmen al.,Ne zaman saldırıyoruz?,opus_opensubtitles_tr
Hazır olduğun herhangi bir zaman Ben okulu bıraktığımda o yarısındaydı.,Neden bana söylemedin?,opus_opensubtitles_tr
Neden bana sormadın?,Komik adam!,opus_opensubtitles_tr
Atlara binin!,Sakinleş.,opus_opensubtitles_tr
Sadece başka bir iş.,Ama eğer sen patron olsaydın biz bunu yapmazdık.,opus_opensubtitles_tr
Eğer ben patron olsaydım biz bunu yapmazdık.,Sen patron değilsin!,opus_opensubtitles_tr
# Bir kürek satın aldım ve bir kazma satın aldım,# Bullfrog Crick'e doğru küçük bir yol yaptım,opus_opensubtitles_tr
# Sonra 20 boş teneke kutudan lokomotif yaptım,# Ve ıslıkla tren sesi çıkardım and the darned thing ran,opus_opensubtitles_tr
"# Oh, demiryolu olmadan uzağa gidemezsin # demiryolu olmadan uzağa gidemezsin",# Bir şey seni oradan alıp tekrar geri getirmelidir,opus_opensubtitles_tr
# Sen bir çocuk arabası ya da beygirle her yere gidemezsin,Ağaç desteklere ip bağlayın.,opus_opensubtitles_tr
Onu çekelim.,Torgenson!,opus_opensubtitles_tr
"- Tamam, John.","- Acele et, Jubilee!",opus_opensubtitles_tr
"- Çocuk, bugün treni hızlı götürüyorlar.",- Evet!,opus_opensubtitles_tr
Belki on bin $ a acele ihtiyacımız olduğunu duymuşlardır.,- Şu su kulesi senin fikrin mi?,opus_opensubtitles_tr
- Ne oldu?,Herhangi bir onurlu Kızılderili onu indirebilirdi.,opus_opensubtitles_tr
Komik adam!,Herşey hakkında bilgisi var.,opus_opensubtitles_tr
Gidelim ve vagonun kapısını kilitleyelim.,Durdurulduk!,opus_opensubtitles_tr
Whitey yapmış olmalı.,- McLaine bizi sattı!,opus_opensubtitles_tr
"- Hayır, Ben.",Onlara Grant söylemedi.,opus_opensubtitles_tr
Leary!,- Duramayız!,opus_opensubtitles_tr
- Gene onların işi!,Sızlanmayı bırak ve şapkanı tut!,opus_opensubtitles_tr
Onlar ihtiyar Tommy Shannon'u dolu bir su tankı ile durduramazlar.,"Bir demiryolu malına böyle davranamazsın, Bay Shannon.",opus_opensubtitles_tr
Elini oradan çek ve treni durdur.,Pekala.,opus_opensubtitles_tr
Oturun ve uslu durun!,Yanım gel.,opus_opensubtitles_tr
Kasayı aç!,- Ha!,opus_opensubtitles_tr
- yürüyün!,Son kez aynısını yapın.,opus_opensubtitles_tr
- Senin kaybolduğunu veya sızdığını sandık.,- Burada hiçbir şey yok.,opus_opensubtitles_tr
Jubilee!,Orada neler yapıyorsunuz?,opus_opensubtitles_tr
Sizinkilerle konuşmayı dene!,"- Üzgünüm, Renner ile irtibatı kaybettim.",opus_opensubtitles_tr
- Boş ver.,Para nerede?,opus_opensubtitles_tr
- Kasada yok.,- O zaman nerede?,opus_opensubtitles_tr
Jeff'in adamları ile Junction City'e gidiyor olabilir.,Bu doğru değil.,opus_opensubtitles_tr
Renner Jeff'in maaşları taşımayacağını bize söyledi.,"Bize faydası, en azından parayı kimin taşımadığını öğrendik.",opus_opensubtitles_tr
Komik adam!,Sen orada güleceğine kırmızı vagonda ne var bak.,opus_opensubtitles_tr
Tabi.,Sevinirim.,opus_opensubtitles_tr
Hemen atımı alıyorum.,O benim için bu trende bulacağım herhangi bir şeyden daha değerlidir.,opus_opensubtitles_tr
Şu yolcuları dışarı çıkar.,Belki onlardan biri onu taşıyordur.,opus_opensubtitles_tr
Diğer vagonları da yokla!,Bak bakalım bulabilecek misin.,opus_opensubtitles_tr
Dışarı!,Hepiniz!,opus_opensubtitles_tr
Bana söylemek istediğin bu mu?,"İçeriye baktın mı, Latigo!",opus_opensubtitles_tr
Eğer bu McLaine ise...,"Hayır, Ben.",opus_opensubtitles_tr
Onu yere bırak.,Rahatınıza bakabilirsiniz.,opus_opensubtitles_tr
- Konuğum ol.,- Memnuniyetle.,opus_opensubtitles_tr
Eğer ev sahibimin ismini sorsam önemser misin?,"Hayır, önemsemem.",opus_opensubtitles_tr
Maaşlar burada mı?,Hayır.,opus_opensubtitles_tr
Neden sadece emin olmak için bir bakmadın?,"Çocuk, bu yıllanmış bir şey.",opus_opensubtitles_tr
Ayrıca bağda şişelenmiş.,- Unuttum.,opus_opensubtitles_tr
Herzaman ilki hanımlaradır.,"-Teşekkür ederim, istemiyorum.",opus_opensubtitles_tr
Senin için baktım.,"Merhaba, Joey.",opus_opensubtitles_tr
Burada ne yapıyorsun?,Soygun!,opus_opensubtitles_tr
Zahmet etme.,Onlarda iki dolardan fazla para yoktur.,opus_opensubtitles_tr
Whitey!,Paralar burada da yok.,opus_opensubtitles_tr
Nasıl oldu da sen atladın?,- Küçük bir sorunum oldu.,opus_opensubtitles_tr
"- Şimdi, çok daha kötü olmadı mı?",- Belki sana bunun hesabını sormalıyım.,opus_opensubtitles_tr
- Whitey!,Kimball arkada karısıyla birlikte.,opus_opensubtitles_tr
Sadece şansın var!,Onları vagona bindir!,opus_opensubtitles_tr
Binin!,Yürü.,opus_opensubtitles_tr
İyi küçük çocuklar kaçmaz.,Bu sefer sana öğreteceğim!,opus_opensubtitles_tr
- Paralar nerede?,- O bilmediğini söylüyor.,opus_opensubtitles_tr
Hatırlamasına yardım edebilirim.,Bayanı dışarı çıkartın.,opus_opensubtitles_tr
Sen kendin çıkart.,Ben kadınlardan korkarım.,opus_opensubtitles_tr
Onlar çığlık atar ve tırmalarlar ve bazen de ayak parmağına basarlar.,Bana hayır deme.,opus_opensubtitles_tr
Elimde silah varken bunu yapma.,Yapmam.,opus_opensubtitles_tr
Bende de silah olmadıkça.,- Dışarı.,opus_opensubtitles_tr
- Eğer parayı istiyorsan...,Sonraki iş trenini beklemek zorunda kalacaksın.,opus_opensubtitles_tr
Biz onu bu trenle yollamamayı kararlaştırdık.,Oh?,opus_opensubtitles_tr
Beklemeye aldırmam.,Ödeme yerinde olacağım.,opus_opensubtitles_tr
Onu bana getirebilirsin.,"Şimdi ben onu götürüyorum, 12 saat sonra karını geri alırsın.",opus_opensubtitles_tr
Beynini ayaklarında taşımadığın zaman ne olduğunu gördün mü?,Ben sizi yürütmeliyim.,opus_opensubtitles_tr
"Jubilee, onları götür.",Latigo'nun yanına bin.,opus_opensubtitles_tr
Joey'e ne olacak?,Onu bırakacak mısın?,opus_opensubtitles_tr
O benimle gelecek.,Yoksa hoşuna gitmedi mi?,opus_opensubtitles_tr
Sakin ol.,"Biz bu hanım için $10,000 alacağız, unuttun mu?",opus_opensubtitles_tr
Ben kimin atına biniyorum?,Aklından geçen kim?,opus_opensubtitles_tr
"Onu yolun sonuna götür, Bay Shannon!",İşte üzengi.,opus_opensubtitles_tr
Geliyormusun?,Kutuyu alayım.,opus_opensubtitles_tr
Eyerin arkasına sıkışma.,Daha kolay gidersin.,opus_opensubtitles_tr
"Hoo, katırlar!",Tırmanmaktan yorulmuş olmalı.,opus_opensubtitles_tr
- Haydi oğlum!,- Bir dakika.,opus_opensubtitles_tr
Buralarda maden çıkartılan bir kasaba var.,Ödemeler gidiyor olmalı.,opus_opensubtitles_tr
Ödemeler hala gönderiliyor ama orada hiçkimse yaşamıyor.,- O şu ilerideki tepenin ötesinde bitiyor.,opus_opensubtitles_tr
- Hangi tepe?,- Birinci tepeyi gördün mü?,opus_opensubtitles_tr
- Evet.,Şu ikinciyi?,opus_opensubtitles_tr
Üçüncü tepe.,Pay Load onun arkasında.,opus_opensubtitles_tr
- Bu katıra ne istersin?,- $50.,opus_opensubtitles_tr
"Sarkık kulak, bu serseriyi sırtından indirdiğinde, eve anneye gel.",- Haydi gidin!,opus_opensubtitles_tr
- Yeh!,Dolandırıcı ile bahse girmek!,opus_opensubtitles_tr
Hiçbir zaman bu demiryolu insanlarını anlayamadım.,Haydi!,opus_opensubtitles_tr
Haydi!,- Bay Kimball.,opus_opensubtitles_tr
- Telgraf kulübesine gidelim.,- Önden buyrun.,opus_opensubtitles_tr
Paraları getirdin mi?,- Şimdi değil!,opus_opensubtitles_tr
- Onu getirdin mi?,- Getirmedim.,opus_opensubtitles_tr
- Şimdi ne olacak?,- Demiryolunun sonu.,opus_opensubtitles_tr
"- Kapa çeneni, Feeney.",- Bırak beni yoksa bunu boğazından aşağıya iteceğim.,opus_opensubtitles_tr
Senin erkeğini isteyen kim?,Onların hiçbirini istemiyorum!,opus_opensubtitles_tr
Hepsi züğürt!,- Denver'de görüşürüz.,opus_opensubtitles_tr
- Ben de Denver'e gidiyorum.,- Ben de öyle!,opus_opensubtitles_tr
- Kimsenin Kimball'dan emir almasına gerek yok!,- Ben bırakıyorum.,opus_opensubtitles_tr
- Bırakmıyorsun.,Sen bu kasabada o boyalı sürtüklerle hiçbir yere gitmiyorsun.,opus_opensubtitles_tr
Biz bunu çok bekledik .,Bir gece daha bizi incitmez.,opus_opensubtitles_tr
"Ama eğer para sabaha kadar burada olmazsa, biz gideriz!",İşinize geri dönün!,opus_opensubtitles_tr
"Biz yenildik, Bay Kimball.",Ekip para almadan Junction City'e gidecek.,opus_opensubtitles_tr
- Biliyorum.,- Jeff'den bir ses var mı?,opus_opensubtitles_tr
O Junction City.,Yol boyunca vagonu tuttukları söyleniyor.,opus_opensubtitles_tr
O ve adamları Whitey'den sonra içeri girecekler...,Öyle yapmayacaklar!,opus_opensubtitles_tr
Ona söyle ikinci bir emre kadar orada kalsın.,Peki efendim.,opus_opensubtitles_tr
Acaba kendi özel malı olduğunu mu düşünüyor.,"Ganimeti paylaştığı gibi onu paylaşmaya çalışırsa, o zaman çatışma çıkar.",opus_opensubtitles_tr
- Çamaşırların mı?,- Sandoviç.,opus_opensubtitles_tr
Bir tane istermisin?,Hayır.,opus_opensubtitles_tr
Onları nereden aldın?,Junction City'den.,opus_opensubtitles_tr
Onları bana lokantadaki kız verdi.,- Güzel miydi?,opus_opensubtitles_tr
- Mm-hm.,- Benimle tanıştırırmısın?,opus_opensubtitles_tr
- O tür bir kız değil.,Çocuklar içinizde içki alacak kadar parası olan var mı?,opus_opensubtitles_tr
- Sende içki yoktur.,- Bu ne.,opus_opensubtitles_tr
- Sende olmadığını düşündüm.,- Siz vuruşurken ben onları yapıyordum.,opus_opensubtitles_tr
"Sen orada olmayan parayı ararken, benim önemli işim vardı.","Haydi, ona doldur.",opus_opensubtitles_tr
Latigo bu birlikten kaçıyor olmalı.,Yiyeceğimiz yok ama içkimiz var.,opus_opensubtitles_tr
Ha ha!,Sen komik adamsın.,opus_opensubtitles_tr
Neden gülmüyorsun?,- Ben de mi gülmeliyim?,opus_opensubtitles_tr
- Akıllıysan gülme.,- Akıllı olduğunu sanıyorum.,opus_opensubtitles_tr
- Ve başka ne düşünüyorsunuz?,Sen bir hata yaptın.,opus_opensubtitles_tr
O sana sadece sorun ve silahlı adamlar getirecek.,"Ne zamandır $10,000 sorun oluyor?",opus_opensubtitles_tr
Senin değerin tam olarak bu.,Sen çok yağcısın.,opus_opensubtitles_tr
Ama ben sana kabul ettirmek için istekliyim.,Bunu alışkanlık haline getirme.,opus_opensubtitles_tr
"Latigo, içki istiyorum!",Ve sevmediğim birkaç alışkanlığın var.,opus_opensubtitles_tr
Sakin ol.,Onun için neyin iyi olduğunu biliyormusun?,opus_opensubtitles_tr
Seni anlayabiliyorum.,Ve gördüklerim hoşuma gitmiyor.,opus_opensubtitles_tr
- Bir tane alabilirsiniz sanırım.,"- Teşekkür ederim, hayır.",opus_opensubtitles_tr
- En iyisidir.,Onu sana getirdim.,opus_opensubtitles_tr
- Kendin iç.,"Üzgünüm bayan, içemem.",opus_opensubtitles_tr
Ben barmen olarak çalışıyorum.,- İçmiyor musun?,opus_opensubtitles_tr
- Yalnız içmem.,Eşlik etmemi ister misin?,opus_opensubtitles_tr
- Sakıncası var mı?,- Ne oldu?,opus_opensubtitles_tr
Onu sıkıştırma.,Bir süre için senin bana ve benim de sana ihtiyacım var.,opus_opensubtitles_tr
Senin yürüyüşünü izledim.,Daha önce karşılaştığımıza yemin edebilirim.,opus_opensubtitles_tr
Edermisin?,Yaptığın komik şeyler.,opus_opensubtitles_tr
Gülümsediğin zaman gibi.,Garip.,opus_opensubtitles_tr
Senin bütün yapmacıklarını hatırlıyorum gibi eğer ne manaya geldiğini biliyorsan.,- Anlamını biliyorum.,opus_opensubtitles_tr
- Biliyor musun?,Sizin yüzünden Whitey ile dövüşeceğimi sandım.,opus_opensubtitles_tr
Biraz şansla biz birbirimizi öldürecektik.,- İlginç bir düşünce.,opus_opensubtitles_tr
- İlginç olan ne?,- Kız.,opus_opensubtitles_tr
- Haklısın.,Seni geri göndermeyebilirim.,opus_opensubtitles_tr
Bana 10.000 $ ı harcamada yardım edene kadar.,- Eğer aklında bir parti yapmak varsa?,opus_opensubtitles_tr
- Evet!,"Yapmamalıydın, çünkü eğer yanlış tahmin yaparsan yanlız asılmazsın.",opus_opensubtitles_tr
Bir tane daha ister misin?,"- Teşekkürler, daha bu bitmedi.",opus_opensubtitles_tr
- İkisini de iç.,Dans etmek isteyen var mı?,opus_opensubtitles_tr
Sadece bir kız ile mi?,Ait olduğun bara dön.,opus_opensubtitles_tr
Haydi hep birlikte ait olduğumuz bara dönelim.,- Neredeyse istediğini aldın.,opus_opensubtitles_tr
- Onlardan biri.,- Diğeri mi?,opus_opensubtitles_tr
- Adını bilmek istiyorum.,Onun adı mı?,opus_opensubtitles_tr
O Utica Kid.,Bu ismi sevmem.,opus_opensubtitles_tr
Ailem bana Lee derdi.,Neden onu söylemeyesin?,opus_opensubtitles_tr
İstersen dışarı çıkabilirsin.,Ellerini yukarıda dışarıya gel .,opus_opensubtitles_tr
- Burada ne yapıyorsun?,- Utica Kid'i görmek istiyorum.,opus_opensubtitles_tr
- Sen kimsin?,- Onun bir dostu.,opus_opensubtitles_tr
"Komik şey, o bana kız arkadaşından hiç bahsetmedi.",Bunu yapmasının bir sebebi var mı?,opus_opensubtitles_tr
- Adın ne?,- Charlie Drew.,opus_opensubtitles_tr
O silahı yerine koyabilirsin.,Yoksa çok tehlikeli mi görünüyorum?,opus_opensubtitles_tr
Kesinlikle değil.,Şu ipi bana ver.,opus_opensubtitles_tr
- Buraya ne zaman geldin?,- Onlar gelmeden hemen önce.,opus_opensubtitles_tr
Utica zamanında kötü bir iş yaptı.,Uzun zamandan beri bu işden haberin olduğunu sanıyorum.,opus_opensubtitles_tr
Hayır yok.,Utica bana işden hiç bahsetmedi.,opus_opensubtitles_tr
Öyle biri değil.,- Hiç başka tür bir iş yaptı mı?,opus_opensubtitles_tr
- Yakında yapacak.,O zaman neden ona karşı çıkmadın?,opus_opensubtitles_tr
Hırsızlığı bırakana kadar neden ondan uzak durmadın?,Ne yapabileceğimi ona söyledim.,opus_opensubtitles_tr
Sadece bana baktı ve gülümsedi.,"""Keşke yapabilsen."" Dedi.",opus_opensubtitles_tr
Bu gece cevabını alacak.,Sen buradasın.,opus_opensubtitles_tr
"Evet, ama sadece ona söyle...",Sadece ona benim kasabada olduğumu ve onu aramaya geldiğimi söyle.,opus_opensubtitles_tr
Onun yaşamasını istiyorum.,Senin de yaşamanı istiyorum.,opus_opensubtitles_tr
- Silahıyla ne yapabileceğini biliyorsun.,- Biliyorum.,opus_opensubtitles_tr
"- Peki, o zaman, neden?",- Çünkü bu küçük şey kendine saygıdır.,opus_opensubtitles_tr
Belki sen bu konuda her şeyi anlayamazsın.,"Ben, beş yıl boyunca bir şapkaya atılan nikel ve on sent için bu şeyi çaldım.",opus_opensubtitles_tr
Beş yıldır da Utica Kid gülüyordu.,"Yanlış yapmış olabilirim, Charlie ama aynı hatayı iki kere yapmayacağım.",opus_opensubtitles_tr
Grant...,Onu gördüğünde benim burada olduğumu söyler misin?,opus_opensubtitles_tr
Ona dokunmayın!,"Kızın getireceği sorun ve silahlı adam, ha?",opus_opensubtitles_tr
Parayı da birlikte getirdin mi?,Hayır.,opus_opensubtitles_tr
- Yakında onu nasıl ele geçiririz?,- O konuda bilgim yok.,opus_opensubtitles_tr
Sen yapmalıydın!,"$10,000 çok para.",opus_opensubtitles_tr
Ve bu benim için istenen değer.,"Şey, ben onun ucuza sattığını söyliyecekdim.",opus_opensubtitles_tr
Senin sözlerinin önemi yok.,Kimball ne dedi?,opus_opensubtitles_tr
"Eğer para hakkında bilgin yoksa, neden seni gönderdi.",Beni o göndermedi.,opus_opensubtitles_tr
Ben kendim geldim.,Neden?,opus_opensubtitles_tr
- Ona sor.,- Evet?,opus_opensubtitles_tr
Bilmiyorum.,"O zaman, ben çağırmış olabilirim.",opus_opensubtitles_tr
İlk kez haklıydın.,Gece sessizce yürüyebilirim ve iyi silah kullanırım.,opus_opensubtitles_tr
Size katılmak istiyorum.,"Bilirsin, bir adam demiryolundan atıldığında onun için iş bulmak biraz sorun olur.",opus_opensubtitles_tr
Ve iş bulamadığı zaman onun karnı acıkır.,Benim karnım son beş yıldır aç.,opus_opensubtitles_tr
Değil mi?,- Bunu nereden biliyordun?,opus_opensubtitles_tr
- Ben onun kardeşiyim.,- Kardeşin mi?,opus_opensubtitles_tr
- Küçük kardeşiyim.,Beş yıl önce Kimball için teknisyen olarak çalışıyordu.,opus_opensubtitles_tr
Ben sürüyü çaldım ve o sonra yanıma geldi.,Sonra sana kaçman için atını verdi.,opus_opensubtitles_tr
Ama o zaman kadar iyi ve kötü hakkında her şeyi duymamıştım.,Onun satmak zorunda olduklarını satın almadım.,opus_opensubtitles_tr
Şimdi de satın almıyorum.,"- Bu yüzden onun katılmasını istemiyorsun, ha?",opus_opensubtitles_tr
- Hayır.,Komik şey.,opus_opensubtitles_tr
Ben katılmasını istiyorum.,- İtirazı olan?,opus_opensubtitles_tr
"- Bu yeterli değil, Whitey.",Onunla aramızda özel bir mesele var.,opus_opensubtitles_tr
- Ne hakkında?,- İşimi engelledi.,opus_opensubtitles_tr
Doğru.,"Oh, evet, seni hatırlıyorum.",opus_opensubtitles_tr
Sen şu çocukları döven adamsın.,Hangi yolu istersin?,opus_opensubtitles_tr
"Kalk, haydi, ayağa kalk!",Şimdi biriniz ona silahını versin.,opus_opensubtitles_tr
"Pekala, Harbin, burada patron sensin.",Sen söyle.,opus_opensubtitles_tr
Bunu ben yapmalıyım.,"Şey, onu yalnız başıma haklayamam.",opus_opensubtitles_tr
O zaman belki de gitsen iyi olacak.,İtirazı olan var mı?,opus_opensubtitles_tr
- Evet.,- Şimdi bu harika olmadı mı?,opus_opensubtitles_tr
- Onu çağırdına sevindim.,- Sana şans getirebilir.,opus_opensubtitles_tr
Sakıncası yoksa Utica Kid ve ben biraz konuşabilirmiyiz?,Sorun değil.,opus_opensubtitles_tr
Hazır olduğunda bana söyle.,"Bilmek isteyeceğini sanıyorum, ben demiryoluna geri döndüm.",opus_opensubtitles_tr
Çok düşündüm.,- Teknisyen olarak mı?,opus_opensubtitles_tr
- Bu gece ben maaşları taşıyordum.,- Onu nereye sakladın?,opus_opensubtitles_tr
- Çocuğa verdim.,Şu ayakkabı kutusunun içinde.,opus_opensubtitles_tr
Şimdi herşeyi biliyorsun git ve Whitey'e söyle.,Sen kumarbazsın ben değilim?,opus_opensubtitles_tr
- İyilk ve kötülüğün aynı eski hikayesi.,- Aynı eski hikaye.,opus_opensubtitles_tr
"Kaybettin, Grant.","Evet, sen güldüğünde ben düşündüm.",opus_opensubtitles_tr
Bana verdiğin aynı fırsatı sana vereceğim.,"On dakika bekle, sonra ben seni gönderdiğimi Whitey'e söylerim.",opus_opensubtitles_tr
Ben parayla birlikte gidiyorum Böylece Kimball'ın karısı da geliyor.,- Hayır.,opus_opensubtitles_tr
"- Bekle, Lee.",Bu konuda beni dinle.,opus_opensubtitles_tr
"Eğer buradan gidersem, o çocuk da benimle gelecek.",Joey mu?,opus_opensubtitles_tr
Onu neden istiyorsun?,Belki ruhunun iyi olduğu için.,opus_opensubtitles_tr
"Bu sözü senden duymayalı uzun zaman oldu, değil mi?",Biz çocukken annemle babam bir süreliğine birini bize getirmişti.,opus_opensubtitles_tr
Sen hemen hemen Joey'un yaşındaydın.,"O seni çok düşünüyor, değil mi?",opus_opensubtitles_tr
- O büyüyüp senin gibi olmak isteyecek.,- Pratikte onu yapabilir.,opus_opensubtitles_tr
"Yakında o, sen ve Whitey banka soyarken atları tutuyor olacak.",Samanlıkta yatan başka bir çocuk var.,opus_opensubtitles_tr
"O da böyle başladı, ha?",- Sen Howdy'i öldürmedin mi?,opus_opensubtitles_tr
- Onu inciltmedim.,- Ve sen Joey'ı inciltmeyeceksin.,opus_opensubtitles_tr
- Onu nasıl yapabilirim?,Bu çok zor değil.,opus_opensubtitles_tr
Çok zor değil.,Seninle birlikte olmadığı zaman.,opus_opensubtitles_tr
Yoksa ona bakmaktan vazgeçtiğin zaman mı?,Ne gerek var?,opus_opensubtitles_tr
"Onu aldım, benimle gelecek.","Lee, tekrar rica ediyorum.",opus_opensubtitles_tr
Joey'e bir şans ver.,Hayır.,opus_opensubtitles_tr
On dakikan var.,Ona ihtiyacım olmayacak.,opus_opensubtitles_tr
Charlie orada seni bekliyor.,Onu düşün.,opus_opensubtitles_tr
Beş yıldır senin peşinde.,Sebebi var.,opus_opensubtitles_tr
Yoksa onunla evleneceğimi sana söylemedim mi?,Konuşmanın ne kadarını duydun?,opus_opensubtitles_tr
Sadece duymak istediğimi duydum.,Benimle evlenecek olduğunu.,opus_opensubtitles_tr
Nezaman?,"Bizim çok paramız olacak, Charlie.",opus_opensubtitles_tr
"$10,000.",Pek çok yeni elbiseler ve güzel yeni ayakkabıların olabilir.,opus_opensubtitles_tr
Ve yepyeni bir kocan.,- Yarın.,opus_opensubtitles_tr
- Hayır.,Şimdi!,opus_opensubtitles_tr
"Eğer beni istiyorsan, şimdi al götür.","Lütfen, lütfen beni götür.",opus_opensubtitles_tr
Bu telaşın ne?,Abim sana iyi ve kötünün hikayesini anlattı mı?,opus_opensubtitles_tr
Onunla alay etme.,Niçin?,opus_opensubtitles_tr
Neden ona gülmemeliyim?,Belki daha iyi olurdu eğer eğer biraz daha onun gibi olmayı deneseydin.,opus_opensubtitles_tr
Bu harika değil mi?,Şimdi beni iyi dinle!,opus_opensubtitles_tr
Çocukluğumdan beri hatırlayabildiklerimin hepsi bu.,"""Neden abin gibi yapmadın?",opus_opensubtitles_tr
"Neden Grant gibi olamadın?""",Onun gibi olmak istemiyorum.,opus_opensubtitles_tr
Onun bir parçası olmak istemiyorum.,- Bu gerçek değil.,opus_opensubtitles_tr
"- Evet, gerçek!",Küçük kardeş olmanın nasıl olduğunu bilemezsin.,opus_opensubtitles_tr
Yaptığın her şey yanlıştır.,Denediğin herşey.,opus_opensubtitles_tr
Ta ki bir silahı denediğim güne kadar.,Gerçekten elime iyi oturdu.,opus_opensubtitles_tr
Ve ben artık küçük kardeş değildim.,"O iyi bir silah, Charlie.",opus_opensubtitles_tr
Bize istediğimiz herşeyi alacak.,Ama ben onu istemiyorum.,opus_opensubtitles_tr
Bu şekilde değil.,Neden çalman gerekiyor?,opus_opensubtitles_tr
Çünkü çalmak hoşuma gidiyor.,Ben insanlardan aldığım zaman onların ne yapacağını görmek istiyorum.,opus_opensubtitles_tr
Senden birşeyler alındığı zaman ne olacak?,Hiçkimse benden bir şey alamaz.,opus_opensubtitles_tr
"Charlie, benimle evlenmeni istiyorum.",Hayır.,opus_opensubtitles_tr
Grant haklıydı.,Asla şansın olmayacak.,opus_opensubtitles_tr
Ve bana hırsız mı diyecek?,Joey.,opus_opensubtitles_tr
Devam et.,Biraz daha çal.,opus_opensubtitles_tr
Akordiyon sesi duymayalı çok uzun zaman oldu.,Özellikle istediğiniz bir parça var mı?,opus_opensubtitles_tr
Yoksa bunu mu çalayım?,"# Oh, demiryolu olmadan uzağa gidemezsin",opus_opensubtitles_tr
# Demiryolu olmadan uzağa gidemezsin,# Bir makinen ve yolun olmalı,opus_opensubtitles_tr
"# Oh, demiryolu olmadan uzağa gidemezsin",# Çayırlığın karşısında yollar var,opus_opensubtitles_tr
# Nerede şahinin yaptığı yuva,# Kayaların karşısında yollar var,opus_opensubtitles_tr
# Altın Batıda #,Oraya nasıl gidilir?,opus_opensubtitles_tr
"Oraya nasıl gidilir, Lee?",Herkes komşu olacak,opus_opensubtitles_tr
Gördüğüm bu küçük rüyamda,Ülkeyi baştan sona temizledin,opus_opensubtitles_tr
Bullfrog Line'de,"# Oh, demiryolu olmadan uzağa gidemezsin",opus_opensubtitles_tr
- # Demiryolu olmadan uzağa gidemezsin #,- Beyler!,opus_opensubtitles_tr
- Renner!,- Sen onun bana çalıştığını bilmiyormuydun?,opus_opensubtitles_tr
- Bin dolarımı almaya geldim.,- Ne bin doları?,opus_opensubtitles_tr
Hafızan oldukça zayıf.,Sana şu vagon hakkında bilgi getirdim.,opus_opensubtitles_tr
Getirdiğim bilgi şu para hakkında.,- Concho randevu yerine gelmedi.,opus_opensubtitles_tr
- Öyle mi?,Bu yüzden paranın yüzde onu benim.,opus_opensubtitles_tr
Seni hayal kırıklığına uğrattığım için üzgünüm ama biz parayı bulamadık.,Para yok mu oldu?,opus_opensubtitles_tr
Bu durumda ben daha iyi bir anlaşma yapmak için hazırım.,"$2,000 karşılığında Paranın yerini söyleyebilirim.",opus_opensubtitles_tr
Anlaştık.,Ben Kimball parayı taşıması için bir adam tuttu.,opus_opensubtitles_tr
Eğer adamın akerdiyon çaldığını duymamış olsaydım asla kim olduğunu bilemezdim.,Para onda.,opus_opensubtitles_tr
Ona sorun!,Joey!,opus_opensubtitles_tr
"Buraya gel, Joey!",Grant!,opus_opensubtitles_tr
"McLaine, yanında bir kadın var!",- Doğru.,opus_opensubtitles_tr
- Seni yakalamadan önce onu dışarı gönder.,"İşte, acele et!",opus_opensubtitles_tr
"Haydi, Charlie.",Kurtulmuş.,opus_opensubtitles_tr
Geliyor.,"Evet, geliyor.",opus_opensubtitles_tr
Benden sonra.,- Niçin durduk?,opus_opensubtitles_tr
- Kestirmeden değirmene gidiyoruz.,Değirmene gidin!,opus_opensubtitles_tr
Haydi!,Koruyun kendinizi!,opus_opensubtitles_tr
Gelin.,Bu halatların sonunda bir maden şaftı var.,opus_opensubtitles_tr
O dağların üzerinden çalışır.,"Diğer tarafta, yaklaşık yarım mil ilerde, demiryolu var.",opus_opensubtitles_tr
Yolun sonuna iki sat var.,Sizi teker teker yollamak zorundayım.,opus_opensubtitles_tr
"Haydi, Verna.",- Parayı bir şekilde getireceğimi Ben'e söyle.,opus_opensubtitles_tr
- Ona daha fazla şey söyleyeceğim.,"Kendi kardeşini öldürmek zorunda kalsan da, o parayı alacak mısın?",opus_opensubtitles_tr
Bir sonraki kova geldiğinde içine atla.,Ben seni korurum.,opus_opensubtitles_tr
"Açık, Charlie.",Çık!,opus_opensubtitles_tr
"Bak, ona arkadan dolanmayı dene.","O onları durduramaz, yalnız yapamaz.",opus_opensubtitles_tr
Yardım etmeyi mi düşünüyorsun?,Grant!,opus_opensubtitles_tr
Dikkat et!,O gerçekten iyidir.,opus_opensubtitles_tr
Colorado'nun en iyi silah kullanan adamıdır.,Charlie!,opus_opensubtitles_tr
Git buradan!,-Sana git buradan dediğimi sanıyorum.,opus_opensubtitles_tr
- Ben burada kalıyorum.,Pekala.,opus_opensubtitles_tr
Şimdi sen içeri gir ve ben seni koruyacağım.,"Teşekkürler, Charlie.",opus_opensubtitles_tr
"Lee, o daha çocuk!",Çocuğa dikkat et.,opus_opensubtitles_tr
Yapabilirsem onları kuşatmaya çalışacağım.,Sadece şu an abimin yanında kalmamın bir sakıncası var mı?,opus_opensubtitles_tr
- Yükseğe ateş ediyor.,- Sen mi yoksa silahın mı?,opus_opensubtitles_tr
- Joey iyi mi?,- Evet iyi.,opus_opensubtitles_tr
Bunu sen başarabilirsin.,Git ve o çocuğu iyi birisi yap.,opus_opensubtitles_tr
Ona iyilik ve kötülüğü tamamıyla anlat.,Demiryoluna işe koy ve çalışsın.,opus_opensubtitles_tr
Her zaman on sent ve nikel için akordiyon çalabilir.,"Bunlar eskiden duyduğum seslere benziyor, Lee.",opus_opensubtitles_tr
Evine hoşgeldin.,Abimin sırıtışını bana verme.,opus_opensubtitles_tr
- Yukarıda!,- Onu hakladım!,opus_opensubtitles_tr
Benimkileri saydım.,Bir tane kaldı.,opus_opensubtitles_tr
"Seni fena vurmuş, Lee.",Senin Bullfrog Line'deki gibi o kadar kötü değil.,opus_opensubtitles_tr
O babanın favori melodisiydi ve sen onu biliyorsun.,Biliyorum.,opus_opensubtitles_tr
Sen ve senin kokuşmuş akordiyonun!,Charlie.,opus_opensubtitles_tr
Charlie?,Joey'le birlikte atları getirin.,opus_opensubtitles_tr
Ne...?,Ben kardeşime bakacağım.,opus_opensubtitles_tr
İşte paranız.,"Ödemeyi yap, Tim.",opus_opensubtitles_tr
"Teşekkür ederim, Grant.",İşini kazandın gibi geliyor.,opus_opensubtitles_tr
Benimkini.,Hayır o bana uymaz.,opus_opensubtitles_tr
Palton nasıl uymadıysa.,Eski işini ister misin?,opus_opensubtitles_tr
Teşekkürler.,"Pekala, Joey.",opus_opensubtitles_tr
Bir kova al ve su taşımaya başla.,Yolun sonuna geldik.,opus_opensubtitles_tr
Şimdi git.,# Bazen ayın üzerinden atlayabileceğimi hissediyorum,opus_opensubtitles_tr
# Ve yukarıdaki gökyüzü söyle,# Dolunayın nasıl olduğu fark eder mi,opus_opensubtitles_tr
# Kalbin boş olduğu zaman,# Nehri izle,opus_opensubtitles_tr
# Her yerde olabilirsin,# Nehri izle bana dön,opus_opensubtitles_tr
"Bekle, Sincap!","Al, giy şunu.",opus_opensubtitles_tr
Bak!,"Leylekler, gökyüzünde gemiler gibi süzülüyorlar...",opus_opensubtitles_tr
"Beyaz leylekler, gri leylekler, uzun gagalarıyla, uçuyorlar!",Bak!,opus_opensubtitles_tr
"Halimize bak sen ve ""gemi gibi leyleklerin"".",Altyazı Çevirisi Bülent ATUK Ankara - 10.Kasım.2005,opus_opensubtitles_tr
LEYLEKLER UÇARKEN,Yönetmen M. KALATAZOV,opus_opensubtitles_tr
T. SAMOILOVA:,Veronica A. BATALOV:,opus_opensubtitles_tr
Boris,Kimse var mı?,opus_opensubtitles_tr
Bekle!,"Peki, tamam.",opus_opensubtitles_tr
"Ne zaman öyleyse, söyle.","Perşembe günü, setin orada.",opus_opensubtitles_tr
"Yapma, çok uzak.",Sincap!,opus_opensubtitles_tr
Zamanını söylemedin!,"Sincap, saat kaçta?",opus_opensubtitles_tr
"Perşembe günü, kaçta?","Hayır, yapamam.",opus_opensubtitles_tr
İşteyim o saatte.,- Tamam.,opus_opensubtitles_tr
- Geç kalma.,Sincap!,opus_opensubtitles_tr
- Oğlana deli oluyor.,- O da kıza.,opus_opensubtitles_tr
"Bu aşk işte, canım.",Zararsız bir akıl rahatsızlığı.,opus_opensubtitles_tr
"Büyükanne, neden uyumuyorsun?","Çünkü kalkma zamanı, Boris!",opus_opensubtitles_tr
Çiğnemeyi kes!,Bütün gece sürtüyorsun...,opus_opensubtitles_tr
Kıskandın mı?,Yırtmadın değil mi?,opus_opensubtitles_tr
Ceketin iyi durumda.,Rezalet!,opus_opensubtitles_tr
"Öğlen oldu, hala uyuyor.",Pazar günü iyice dinlenmeye hakkı var.,opus_opensubtitles_tr
Çok fazla çalışıyor.,Onun bu sıkı çalışması evlilikle sonuçlanacak.,opus_opensubtitles_tr
İşte o zaman cidden kıskanacaksın.,Irina için diploması her şeyden önce gelir.,opus_opensubtitles_tr
"Dikkatli ol, Fedya Amca.",Sen hala doktor ünvanındayken o tam bir profesör olacak.,opus_opensubtitles_tr
"Eğer çocuklar ana-babalarından daha üstün olmazlarsa o zaman çocuklar aptal demektir, ana-babalar da bundan aşağı kalmazlar.","Teşekkürler, anne.",opus_opensubtitles_tr
"Burası, Sovyetler Birliği'ne yayın yapan Moskova Radyosu!",- Bu da ne?,opus_opensubtitles_tr
- Ne oldu?,Boris!,opus_opensubtitles_tr
Savaşa girdik!,Duyuyor musun?,opus_opensubtitles_tr
Savaşa girdik!,Beni rahat bırak!,opus_opensubtitles_tr
Selam!,Boris gece gündüz çalışıyor.,opus_opensubtitles_tr
Onu mu bekliyorsun?,Ben kimseyi falan beklemiyorum.,opus_opensubtitles_tr
Veronica!,"Savaş zamanında, kimsenin kafası karışmamalı.",opus_opensubtitles_tr
Herkes normal yaşamını sürdürmeli.,Beni ele al.,opus_opensubtitles_tr
İlk senfonimi sana adamayı düşlüyorum.,Konsere gelir misin?,opus_opensubtitles_tr
Ya Ordu seni çağırırsa?,Ordu mu?,opus_opensubtitles_tr
Pek sanmam.,Çok zor.,opus_opensubtitles_tr
Neden zormuş?,En yetenekli kişiler askere alınmayacaklardır.,opus_opensubtitles_tr
- Sen en yeteneklilerden misin?,- Ben mi?,opus_opensubtitles_tr
Elbette.,Neden beni izleyip duruyorsun?,opus_opensubtitles_tr
Utanmıyor musun?,Utanıyorum.,opus_opensubtitles_tr
Senden uzak durmaya çalıştım.,"Tamam, Boris benim kuzenim.",opus_opensubtitles_tr
Ama elimde değil!,Bekle!,opus_opensubtitles_tr
- Bekle!,- Eve yalnız gidiyorum.,opus_opensubtitles_tr
"Hey, ağır ol!",Daha yeni ameliyat geçirdin.,opus_opensubtitles_tr
Sırt çantası taşımaya hazır olmalıyım.,Orduda senin gibi adamları harcamazlar.,opus_opensubtitles_tr
"Bir tek istisna olacak yalnız, içimizden biri hem de.",En iyisi seni orduya almasınlar.,opus_opensubtitles_tr
Bilgi ve deneyimin var.,Sen de yeteneklisin.,opus_opensubtitles_tr
Piyeslerine sahip çık.,Eşim çoktan eşyalarımı hazırladı.,opus_opensubtitles_tr
"Dedikleri gibi, süngülerimizi hazırlayalım.","Hey, Stepan!",opus_opensubtitles_tr
"Çocuklar, bana yardım edin...",Stepan!,opus_opensubtitles_tr
"Affedersin, Sachkov.",- Celpler nerede?,opus_opensubtitles_tr
- Daha gelmedi.,Bekleyemem.,opus_opensubtitles_tr
- İzinli misin şimdi?,"- Hayır, şu piyeslerim...",opus_opensubtitles_tr
- Anlıyorum.,Kendine iyi bak.,opus_opensubtitles_tr
- Tamam.,- Hey!,opus_opensubtitles_tr
- Evet?,- Kıza söyledin mi?,opus_opensubtitles_tr
"- Hayır, çok erken daha...",- Haklısın.,opus_opensubtitles_tr
Yarın görüşürüz.,- Olur.,opus_opensubtitles_tr
- Bırak.,- Bırakmam.,opus_opensubtitles_tr
- Düşeceksin.,"- Hayır, bırakmam.",opus_opensubtitles_tr
- Karartmayı engelleyeceksin.,- Bu battaniye.,opus_opensubtitles_tr
Milisleri çağırırım.,Karartmadan midem bulanıyor.,opus_opensubtitles_tr
Battaniyeyi bana ver.,- Bırak şunu.,opus_opensubtitles_tr
Düşeceksin.,"- Hayır, bırakmam.",opus_opensubtitles_tr
"Haydi, Sincap, kes şunu.",Bırak şunu asayım.,opus_opensubtitles_tr
"Sen sete gelmedin, ama Mark geldi.",- Çok yakışıklı.,opus_opensubtitles_tr
- Ne olmuş yani?,- Kıskanmıyor musun?,opus_opensubtitles_tr
- Ne?,- Kıskanmıyor musun?,opus_opensubtitles_tr
- Kıskanmak için zamanım yok.,Mimarlık fakültesine gittiğimde de benim fazla zamanım olmayacak.,opus_opensubtitles_tr
Giriş sınavlarını asla geçemezsin.,- Geçerim!,opus_opensubtitles_tr
- Kuşkuluyum.,"Leylekler, gökyüzünde gemiler gibi süzülüyorlar...",opus_opensubtitles_tr
"Beyaz leylekler, gri leylekler, uzun gagalarıyla, uçuyorlar!",- Şarkım nasıl?,opus_opensubtitles_tr
- Çok etkileyici.,"Kurbağalar, vıraklamaya devam edin.",opus_opensubtitles_tr
Neden yukarı bakmayı düşünmediniz?,"Çamurdan sırılsıklam, sıçramaya devam ettiniz.",opus_opensubtitles_tr
Bu yüzden sonunuz yiyilip bitirilmek oldu.,"- Tamam, sen kazandın, kahraman.",opus_opensubtitles_tr
"- Ben kazandım, ben kazandım!",Ben kazandım.,opus_opensubtitles_tr
Tamam.,- Askere alınacağını düşünüyor musun?,opus_opensubtitles_tr
- Tabii.,- Gönüllü olmayacak mısın?,opus_opensubtitles_tr
- Olabilirim.,Neden olmasın?,opus_opensubtitles_tr
"Hayır, olmayacaksın!",İzin vermeyeceğim.,opus_opensubtitles_tr
Muaf tutulacağını biliyorsun.,Bu yüzden yüksekten atıyorsun.,opus_opensubtitles_tr
- Neden böyle düşünüyorsun?,- Zeki olan herkes muaf tutulacak.,opus_opensubtitles_tr
O zaman savaşanların hepsi aptallardan oluşur.,Bir daha seninle hiç konuşmak istemiyorum.,opus_opensubtitles_tr
"Veronica, sana söylemek zorunda olduğum bir şey var.",Duymak istemiyorum.,opus_opensubtitles_tr
Lütfen bana Veronica deme.,- Kimim ben?,opus_opensubtitles_tr
- Sincap.,Dinle...,opus_opensubtitles_tr
- Yarın bana ne vereceksin?,- Bu bir sır.,opus_opensubtitles_tr
"Bana tatlı filan verirsen, yerim ve onu unuturum.",Seni anımsatacak bir şey ver bana.,opus_opensubtitles_tr
Şimdi öp beni.,"Seninle birlikteyken, hiçbir şeyden korkmuyorum.",opus_opensubtitles_tr
Savaştan bile.,"Yine de, milislerden korkuyorum.",opus_opensubtitles_tr
- Veronica...,"- Biliyor musun, nedir?",opus_opensubtitles_tr
- Biliyor musun?,- Hayır.,opus_opensubtitles_tr
Düğünümüzde çok güzel beyaz bir gelinliğim olacak.,Büyükanneminki gibi bir gelinlik.,opus_opensubtitles_tr
Ve bir duvak...,Çok uzun ve beyaz.,opus_opensubtitles_tr
Sen de siyah damatlık giymelisin.,"- Sen ve ben, nereye gide...",opus_opensubtitles_tr
- Nikah memurluğuna.,- Anlaştık mı?,opus_opensubtitles_tr
- Anlaştık.,- Karartmadan hoşlanıyorum.,opus_opensubtitles_tr
- Neymiş onu bu kadar iyi yapan?,Selam!,opus_opensubtitles_tr
- Stepan!,- Veronica!,opus_opensubtitles_tr
- İkinize hoş bir sürprizim var.,- Güzel.,opus_opensubtitles_tr
- Nedir?,- Sır.,opus_opensubtitles_tr
- Geldi mi?,"- Evet, bu sabah.",opus_opensubtitles_tr
- Neden öyle söylemedin?,Anlat.,opus_opensubtitles_tr
- Devam et.,Fabrikada olup bitenleri görmeliydin.,opus_opensubtitles_tr
"Kısa kes, olur mu?",Sana söyleyeyim:,opus_opensubtitles_tr
çok fazla heyecan var.,- Bunu boşver.,opus_opensubtitles_tr
- Seninkiler bana anlattı...,- Resmen ne zaman yazılacağız?,opus_opensubtitles_tr
"- Bugün, 05:30'da.",Şu kirazlara bakın!,opus_opensubtitles_tr
Kötü bir şey mi oldu?,- Çok güzeller!,opus_opensubtitles_tr
- Ordunun emirleri.,- Hayır!,opus_opensubtitles_tr
Sana mı?,- Bana da.,opus_opensubtitles_tr
İkimiz de gönüllü olduk...,Ne zaman?,opus_opensubtitles_tr
- Gönüllü mü oldunuz?,- Ordunun emirleri.,opus_opensubtitles_tr
Dur bakalım!,Ya bize ne olacak?,opus_opensubtitles_tr
Stepan...,"Olmaz, gitmem gerek.",opus_opensubtitles_tr
Bizimkiler gidiyor...hoşçakal.,Sincap!,opus_opensubtitles_tr
Doğum gününden önce söylemek istemedim.,- Şimdi gitmem gerek.,opus_opensubtitles_tr
- Tabii.,Boris!,opus_opensubtitles_tr
"Sincap, ne var?",Beyaz leylekler uçuyor...,opus_opensubtitles_tr
Bunu seviyorum.,Her şey iyi olacak benim için.,opus_opensubtitles_tr
Duyuyor musun?,Daha sonra da birlikte yaşayacağız...,opus_opensubtitles_tr
tam yüzyıl.,Git şimdi.,opus_opensubtitles_tr
Sonra vedalaşırız.,Geç kalma.,opus_opensubtitles_tr
Bir gün sonra gitseydi ne fark ederdi?,Hala Veronica ile birlikteyse ne büyük metanet.,opus_opensubtitles_tr
- Boris!,- Baba aradı mı?,opus_opensubtitles_tr
Küplere binmişti.,Neden kimseye söylemedin?,opus_opensubtitles_tr
Böyle sahnelerle karşılaşmayalım diye.,Yarın bunları fabrikaya geri götür.,opus_opensubtitles_tr
- Onları mühendis Kuzmin'e ver.,"- Veririm, merak etme.",opus_opensubtitles_tr
Ne koyuyorsun içine?,Bir şişe şarap için dışarı çıkıyorum.,opus_opensubtitles_tr
"Büyükanne, bana bir iyilik yap.",Bir dakika...,opus_opensubtitles_tr
- Seni cepheye sürecekler mi?,- Büyük olasılıkla.,opus_opensubtitles_tr
"Al, Büyükanne...",Bekle.,opus_opensubtitles_tr
"Yarın sabah kalktığında, bunu ona götür...",- Nedir o?,opus_opensubtitles_tr
- Onun doğum günü armağanı.,Ve ona yardımcı ol.,opus_opensubtitles_tr
"Ne de olsa, savaş bu...","Lütfen, ona nazik davran.",opus_opensubtitles_tr
Ya ben ölürsem?,"Saklaman gereken bu kadar sır varken özellikle bu zamanda, ölmeye hakkın yok.",opus_opensubtitles_tr
"- Peki, de ki öldüm...",- Yapma haydi...,opus_opensubtitles_tr
"Şimdi sessiz ol, büyükanne.","Bu gelen, Veronica!",opus_opensubtitles_tr
"Hayır, Irina.","Tanrı'ya şükür, geldin.",opus_opensubtitles_tr
- Boris!,- Evet?,opus_opensubtitles_tr
Buraya gel.,25 yaşındasın ve bir aptal gibi davranıyorsun.,opus_opensubtitles_tr
"Neyiz biz, çocuk mu?",Bu ne?,opus_opensubtitles_tr
Saklambaç mı oynuyoruz?,Maceraya mı susadın?,opus_opensubtitles_tr
Ne tür bir adamsın sen?,Irina ile Mark nerede?,opus_opensubtitles_tr
"Irina kahve pişiriyor, Mark şarap almaya gitti.","Kahve, şarap...",opus_opensubtitles_tr
Bu nasıl uğurlama böyle?,Irina!,opus_opensubtitles_tr
İlaç kutusundan şu şeyi getir.,"Boris, buraya gel.",opus_opensubtitles_tr
- Veronica nerede?,- Burada olacak.,opus_opensubtitles_tr
- İyi de nerede?,- İşi var.,opus_opensubtitles_tr
Burada olması gerekirdi.,Nişanlısı gidiyor.,opus_opensubtitles_tr
Nişanlısı değilim.,- Nesin o zaman?,opus_opensubtitles_tr
- Yalnızca bir arkadaş...,- Bu biraz kuşku götürür...,opus_opensubtitles_tr
"- Onu kastetmedim, baba.",- O zaman neyi kastettin?,opus_opensubtitles_tr
"- Bak, bana zaman tanı.",- İşte alkol.,opus_opensubtitles_tr
- Onu sulandır.,Portekiz şarabı aldım.,opus_opensubtitles_tr
Otur kendin iç.,Daha sert bir içki içeceğiz.,opus_opensubtitles_tr
"Peki, herkes burada mı?",Oturalım.,opus_opensubtitles_tr
"Bu, Veronica.","Ona hoşgeldin demeyecek misin, arkadaşına?",opus_opensubtitles_tr
Nihayet!,Boris evde mi?,opus_opensubtitles_tr
Biz fabrikadan geliyoruz.,"Lütfen, içeri girin.",opus_opensubtitles_tr
Nişanlısı olduğunu sanmıştım.,- Biz fabrikadan geliyoruz.,opus_opensubtitles_tr
- Armağanlara ne dersiniz?,- Affedersiniz.,opus_opensubtitles_tr
Sizinki bu.,- Evet...,opus_opensubtitles_tr
Teşekkür ederim.,Fabrika Komitesi adına...,opus_opensubtitles_tr
"Yurttaş Boris, kanının son damlasına kadar savaşmalısın.","Melun faşistleri mahvetmelisin bizler de, fabrikada, üstümüze düşeni şevkle ve azimle yapalım.",opus_opensubtitles_tr
Bu lafları daha önce de duyduk biz.,"İyisi mi, oturun oğlum Boris için bizimle birlikte için.",opus_opensubtitles_tr
"Sanıyorum ki bu dünyadaki yaşantımız, daha bizim arzu ettiğimiz şekilde değildir.","Şimdi savaşmaya gidiyorsun, Boris...",opus_opensubtitles_tr
- İçelim.,- Sana.,opus_opensubtitles_tr
Irina!,Büyükanneye?,opus_opensubtitles_tr
Dün gece erkek kardeşimiz askere gitmiş.,Annem ağlıyordu...,opus_opensubtitles_tr
- Ya sen?,- Ben de ağlıyordum.,opus_opensubtitles_tr
"- Kimin adına, komitenin mi?",- Bunu düşünmemiştim.,opus_opensubtitles_tr
"Bizim ailede askere gidecek kimse yok, 3 kızız bir de annem.",Bir parça utanç verici...,opus_opensubtitles_tr
Dışlanmış gördüm kendimi...,"Evet, geri döndüklerinde, işte asıl o zaman bizi kıskanacaksınız.",opus_opensubtitles_tr
"Sorun şu ki, tümü birden geri dönmeyecek.","Dönemeyenler için, görkemli bir anıt olacak altın harflerle isimleri yazılmış olarak.",opus_opensubtitles_tr
"Irina, orada öyle oturma.",Bardakları doldur.,opus_opensubtitles_tr
"Ve siz gerideki millet, şevkle ve azimle!","Peki, büyükanne, unutma.",opus_opensubtitles_tr
"Mark, babamla kal.",Babanı merak etme.,opus_opensubtitles_tr
Seni uğurlayacağım.,Geriii dön!,opus_opensubtitles_tr
"Takım, ileriii marş!","Al şunu, büyükanne!",opus_opensubtitles_tr
- Boris!,- Anne!,opus_opensubtitles_tr
- Onu tekrar görmeyeceğim.,"- Üzgünüm, anne.",opus_opensubtitles_tr
İç.,İyi gelir.,opus_opensubtitles_tr
- Nereye gidiyorsun?,- Hastaneye.,opus_opensubtitles_tr
Ama şimdi görevli değilsin.,"Varvara Kapitonovna, Boris'i görmem gerek...",opus_opensubtitles_tr
Gitti.,- Gitti mi?,opus_opensubtitles_tr
Nereye?,- Orduya yazılmaya.,opus_opensubtitles_tr
- Olamaz!,- İçeri gir.,opus_opensubtitles_tr
- Nerede yazılabilir acaba?,- Bilmiyorum.,opus_opensubtitles_tr
Bu ne?,Boris'ten sana.,opus_opensubtitles_tr
Doğum günün için.,İçinde bir de not var.,opus_opensubtitles_tr
- Not nerede?,- Ne oldu?,opus_opensubtitles_tr
İçinde değil mi?,Belki de düşmüştür.,opus_opensubtitles_tr
Ya da aceleden unutmuş olabilir.,- Unutmak mı?,opus_opensubtitles_tr
- Sana yazar.,Neredeydin?,opus_opensubtitles_tr
- Boris nereye gitti?,- Parkın yakınındaki okulun bahçesine.,opus_opensubtitles_tr
"Sakin ol, gelir buraya.",Bu kalabalıkta birini bulmak çok zordur.,opus_opensubtitles_tr
Ne yapıyorsun?,Bana yaz.,opus_opensubtitles_tr
Her gün yaz.,Karnabahar göndermeni söylemiş miydim mi sana?,opus_opensubtitles_tr
"Bir uçak yüksekte, çatıların üstünde dolanıyor.","Sevgilerini gönderen, benim sevgilimdir, arşa kadar çıkan yükseklikten.",opus_opensubtitles_tr
"Eskiden, önceleri beni kapıma dek uğurlayan kişi o idi.",Öylesine tatsız bir durum ki şimdi:,opus_opensubtitles_tr
ona hoşçakal diyecek kişi benim!,Askeri Postane numarasını yazmayı unutma.,opus_opensubtitles_tr
"- Moralini düzelt, yassı burun!",- Sen gelene dek bekleyeceğiz.,opus_opensubtitles_tr
"Hoşçakal, Boris!",Kendine iyi bak!,opus_opensubtitles_tr
Sıraya girin!,Gelecek.,opus_opensubtitles_tr
Boris!,Boris!,opus_opensubtitles_tr
Hizaya girin!,Dikkat!,opus_opensubtitles_tr
İleri marş!,Boris!,opus_opensubtitles_tr
Bu benim küçük pilicim!,Boris!,opus_opensubtitles_tr
Boris!,Büyükanne...,opus_opensubtitles_tr
Bir şey yok mu?,Bana da yazmadı.,opus_opensubtitles_tr
- Hiç haber var mı?,- Yok.,opus_opensubtitles_tr
Şu lanet savaş!,Bir şekilde hayatımızı sürdürmeliyiz.,opus_opensubtitles_tr
İş için karar verdin mi?,Yarın savaş fabrikasında işe başlıyorum.,opus_opensubtitles_tr
Hava saldırısı alarmı!,Çabuk metroya.,opus_opensubtitles_tr
Bunu bitirmem gerek.,Eşyalarını topla.,opus_opensubtitles_tr
- Sırt çantası nerede?,- Şurada.,opus_opensubtitles_tr
Siz olmadan gitmem.,"Eğer durum kötüye giderse, aşağı kaçarız.",opus_opensubtitles_tr
"Git, haydi.",Metroda dikkatli ol!,opus_opensubtitles_tr
"Çok korktu, zavallı şey.",Sen korkmadın mı?,opus_opensubtitles_tr
"Veronica'nın güvende olduğunu, senin de yanımda olduğunu bilince o kadar ödlek olmuyorum.",İğrenç katiller!,opus_opensubtitles_tr
"Acısını çıkaracağız bunun, görürsünüz!",Bana yazmıyor.,opus_opensubtitles_tr
Yazmış olmalı.,Postadadır.,opus_opensubtitles_tr
Tehlike geçti!,Hava saldırısı sona erdi.,opus_opensubtitles_tr
Gidelim!,İşte şimdi oturduğum yer burası.,opus_opensubtitles_tr
"Bizimle çalışmaya karar verirsen, fabrikada bana gel.",- Gelirim.,opus_opensubtitles_tr
- Hoşçakal.,Aşağı in!,opus_opensubtitles_tr
Geri dön!,Neyin var?,opus_opensubtitles_tr
Deli misin?,Özür dilerim.,opus_opensubtitles_tr
"Veronica, bundan sonra bizimle kalabilirsin.",Boris'in odasına geç.,opus_opensubtitles_tr
"Mark, Fedya ile kalacak...","Mark, kara kara düşünmemesi için biraz ilgiye ihtiyacı olacaktır.",opus_opensubtitles_tr
Irina'yla benim hastanede çok işimiz var.,"Elimden geleni yaparım, Fedya Amca.",opus_opensubtitles_tr
Boris'e söz verdim.,Anlaştık mı?,opus_opensubtitles_tr
Fabrika mı?,Kuzmin'le konuşabilir miyim?,opus_opensubtitles_tr
O da mı askere alındı?,"Affedersiniz, Boriz Borozdin'den haberi olan var mı?",opus_opensubtitles_tr
Şu lanet savaş olmasaydı bunu Tchaikovsky Salonu'nda çalıyor olacaktım.,Senin için.,opus_opensubtitles_tr
Veronica!,Metroya gidelim.,opus_opensubtitles_tr
- Ben gitmiyorum.,- Aptal olma.,opus_opensubtitles_tr
Haydi.,- Korkuyor musun?,opus_opensubtitles_tr
- Senin için.,Benimle gel.,opus_opensubtitles_tr
Ben hiçbir şeyden korkmuyorum.,"- Veronica, metroya gidelim!",opus_opensubtitles_tr
"- Hayır, gitmiyorum.",- Kes şunu!,opus_opensubtitles_tr
Sen çıldırmışsın!,- Gitmiyorum.,opus_opensubtitles_tr
Seni seviyorum.,Hayır.,opus_opensubtitles_tr
- Seni seviyorum!,- Hayır!,opus_opensubtitles_tr
Hayır!,- Seni seviyorum!,opus_opensubtitles_tr
- Uzak dur!,- Seni seviyorum!,opus_opensubtitles_tr
- Hayır!,Hayır!,opus_opensubtitles_tr
Hayır!,Böyle kuşatılmış olmak aptalca.,opus_opensubtitles_tr
"- Stepan, sızlanmayı bırak.",- Kim sızlanıyormuş?,opus_opensubtitles_tr
Ben sızlanmıyorum.,Yüzbaşı geceye kadar yarıp çıkabileceğimizi söyledi.,opus_opensubtitles_tr
"Evet, onun lafı bu.",Sachkov!,opus_opensubtitles_tr
Şu çaylağı nereden buldun?,Kuluçka makinesinde.,opus_opensubtitles_tr
O bizim takviye kuvvetimiz.,Kuşatmayı yarıp çıkacağız mutlaka.,opus_opensubtitles_tr
Evli bir askerin konuşma tarzı mı bu acaba?,Okulun son yılında öküz gibi çalıştım.,opus_opensubtitles_tr
Çok yoğun eğitim almanın bir sonucu.,Komiksin.,opus_opensubtitles_tr
"Kendine gülerken dosdoğru tuzağa düşersin, herhalde.","- Volodya, gerçekten evli misin?",opus_opensubtitles_tr
- Önemli görünmek için söyledim.,- Borozdin!,opus_opensubtitles_tr
- Evet?,Keşfe çıkacaksınız.,opus_opensubtitles_tr
Bu gece kuşatmayı yarmak için bize en uygun yeri bulmalısınız.,- Evraklarınızı teslim edin.,opus_opensubtitles_tr
- Peki efendim.,"Hey, Sachkov!",opus_opensubtitles_tr
"Bunu al, olur mu?",Neden dinlenmiyoruz?,opus_opensubtitles_tr
Ve sigara içmiyoruz?,Hep böyle gülümser mi?,opus_opensubtitles_tr
Büyük olasılıkla hepimizin öldüğünü düşünüyordur.,Şu güzeli görelim bakalım.,opus_opensubtitles_tr
"Hey, askerin yaşama nedeni!","- Sen buradasın, o ise...",opus_opensubtitles_tr
- O ise ne?,"Hey, dur şunu bir deneyeyim.",opus_opensubtitles_tr
"- Şunu tutar mısın, Sachkov?",- Elbette.,opus_opensubtitles_tr
İlk deneme için hiç fena değil.,Kesin şunu!,opus_opensubtitles_tr
- Utanmıyor musun?,"- Hayır, efendim.",opus_opensubtitles_tr
- Beş gün hapis!,"- Peki, efendim.",opus_opensubtitles_tr
- Siz ikiniz keşfe gidiyorsunuz.,- Neden?,opus_opensubtitles_tr
Evraklarınızı teslim edin!,"Boris, al.",opus_opensubtitles_tr
Onun yüzünden mi kapıştınız?,"- Buna değermiş, benden söylemesi.",opus_opensubtitles_tr
- Elbette değer!,"Yine de, disiplini elden bırakmayalım!",opus_opensubtitles_tr
Duydunuz mu?,Disiplin...,opus_opensubtitles_tr
"Stepan, tut şunu.","Dikkat et, kaybetme sakın.",opus_opensubtitles_tr
Biz...,"Biz evleneceğiz, Fedya Amca.",opus_opensubtitles_tr
Unutmuşum.,Biraz sosis kalmıştı.,opus_opensubtitles_tr
- Başını eğik tut!,- Olur olmaz emir vermeyi kes!,opus_opensubtitles_tr
Herifler farkına varmadan buradan çıkalım.,"- Korkuyorsan, koş.",opus_opensubtitles_tr
"- Haydi, seni aptal!",Hey!,opus_opensubtitles_tr
Müzisyen!,Sağır mısın?,opus_opensubtitles_tr
"Nereden bu adama bulaştım, bilmem ki?",Neyin var senin?,opus_opensubtitles_tr
Beni duyabiliyor musun?,- Sen git.,opus_opensubtitles_tr
Biraz dinlenmek istiyorum.,- Yaralandın mı?,opus_opensubtitles_tr
Bana tutun.,- Beni yalnız bırak.,opus_opensubtitles_tr
"- Sana diyorum, ayağa kalk!","Şimdi tutun, sıkı tutun.",opus_opensubtitles_tr
Böyle olmuyor.,Seni taşımam gerek.,opus_opensubtitles_tr
"Haydi, beni bırak burada.",Sana vurduğum için hala bana kızgın mısın?,opus_opensubtitles_tr
"- Yalnızca şansın vardı, yoksa...","- Kes sesini, sonra konuşuruz.",opus_opensubtitles_tr
"İşte, tamam...",İyi misin?,opus_opensubtitles_tr
"Dayan, arkadaş.",Ormana çok az kaldı.,opus_opensubtitles_tr
Orada güvende olacağız.,Soluğum kesildi.,opus_opensubtitles_tr
Biraz dinlenelim.,Burası daha sessiz.,opus_opensubtitles_tr
Nasılsın?,Soluk almak zor.,opus_opensubtitles_tr
"Dayan, daha seni evlendirmemiz gerekiyor...","Hey, dostum!",opus_opensubtitles_tr
Neyin var?,Ne oldu?,opus_opensubtitles_tr
"Affet beni, arkadaşım, affet beni...",Benim hatam...affet beni...arkadaşım...,opus_opensubtitles_tr
"Hey, kimse yok mu?",Yardım edin!,opus_opensubtitles_tr
Yardım edin!,Yardım edin!,opus_opensubtitles_tr
"Beni duyabiliyor musun, Boris?",Vuruldun mu?,opus_opensubtitles_tr
"Bir şey yok, ben yalnızca...","Sovyet Haber Bürosu, son 24 saatte cephede önemli değişiklikler olmadığını bildiriyor.",opus_opensubtitles_tr
Olmayan haber iyi haberdir.,326 nolu binadan boşaltılan aileler Vosstaniya Caddesi'ne yerleşecekler.,opus_opensubtitles_tr
"Yurttaşlar, lütfen buraya kayıt olun.","- Irina, yaralılar için bana yardım et.",opus_opensubtitles_tr
- Bir hastane hademesi bulurum.,Herkes gitmiş!,opus_opensubtitles_tr
Sibirya!,Bundan daha ileri gidemeyiz.,opus_opensubtitles_tr
Zavallı Rusya Ana.,Lütfen dikkat!,opus_opensubtitles_tr
"Askeri Hastane Başhekimi, Yurttaş Borozdin hemen askeri komutanı görün.",Nihayet burada huzur buluruz belki.,opus_opensubtitles_tr
"Sapa bir yer, boşaltılmış, tahliye edilmiş.",Soban tütüyor.,opus_opensubtitles_tr
Affedersin.,Hayallerini savaşın bitimine sakla.,opus_opensubtitles_tr
Nereye gidiyorsun?,Hastaneye.,opus_opensubtitles_tr
Görevliyim.,"Ruh gibi dolaşıyor ortalıkta, sinirleri berbat.",opus_opensubtitles_tr
"Zavallı şey, bir mektup bekliyor.",Kimden?,opus_opensubtitles_tr
Kocası bizimkiler gibi cephede değil ki.,Mektup filan beklemiyor.,opus_opensubtitles_tr
- Okulda ikinci vardiyan var mı senin?,- Evet.,opus_opensubtitles_tr
"Leylekler, gökyüzünde gemiler gibi süzülüyorlar...",Şu aptal dizeleri aklımdan çıkaramıyorum.,opus_opensubtitles_tr
İşte o!,- Kim?,opus_opensubtitles_tr
- Mektup getiren.,"Elliye kadar sayabilirsem, bana bir mektup var demektir.",opus_opensubtitles_tr
"- Bir, iki, üç, dört...","- Bırak şunu, Veronica.",opus_opensubtitles_tr
"- Onbeş, onaltı...","- Veronica, seninkisi delilik.",opus_opensubtitles_tr
"- Ondokuz, yirmi...",- Kes şunu!,opus_opensubtitles_tr
"Kırkyedi, kırksekiz...",- Günaydın!,opus_opensubtitles_tr
- Günaydın!,"Üzgünüm, sana bir şey yok.",opus_opensubtitles_tr
Bu sana.,- Lebedeva?,opus_opensubtitles_tr
- Benim.,- Paliukaitis?,opus_opensubtitles_tr
- Yok.,En büyük oğlumdan.,opus_opensubtitles_tr
Ukrayna Cephesi'nden.,Boris'i tanımıyordum.,opus_opensubtitles_tr
"Ama herkes ne kadar iyi, yetenekli bir çocuk olduğunu söylüyor.",Olduğunu mu?,opus_opensubtitles_tr
"""Harekat sırasındaki kayıplar"" listesinde yer alması öldüğü anlamına gelmez.",Tabii gelmez.,opus_opensubtitles_tr
"Doğru ifade edemedim, hepsi bu.","- Neyin var, Veronica?",opus_opensubtitles_tr
"- Ölüyorum, Anna Mikhailovna.","Böyle söyleme, Veronica.",opus_opensubtitles_tr
Zavallı çocuk.,Her şeyi kaybettim.,opus_opensubtitles_tr
Önünde koca bir ömür var.,İstemiyorum!,opus_opensubtitles_tr
Neye yararı var ki?,Geçmişi unutman gerek.,opus_opensubtitles_tr
Unutmak insanın doğasında var.,Unutmak istemiyorum.,opus_opensubtitles_tr
Gerek duymuyorum.,Hataların için kendine eziyet etmeye devam edemezsin.,opus_opensubtitles_tr
Etmeliyim.,Ömrüm boyunca.,opus_opensubtitles_tr
"Tarih dersi veren, bilge bir kadınsın.","Yaşamın anlamı nedir, söyle bana?",opus_opensubtitles_tr
Yaşamın anlamı mı?,Belki anlamı...,opus_opensubtitles_tr
- Chernov buraya geldi mi?,- Daha gelmedi.,opus_opensubtitles_tr
"Açlıktan geberdim, ha!",Chernov geldiğinde lütfen ona iyi davran.,opus_opensubtitles_tr
Beni hasta ediyor o.,"Ben de aynı şeyleri hissediyorum, ama yine de o benim patronum.",opus_opensubtitles_tr
Onun çizmelerini yalaman için bir neden mi bu?,"Lütfen, Veronica, böyle devam edemez.",opus_opensubtitles_tr
"Hep hırçınsın, hep eleştiriyorsun.","Söylesene, seni nasıl mutlu edebilirim?",opus_opensubtitles_tr
Gözümün önünden kaybol yeter.,"Girin, kapı açık.",opus_opensubtitles_tr
Girin!,"Mark, rahatsız ettiğim için bağışla.",opus_opensubtitles_tr
"Olur mu öyle şey, memnuniyetle.",Şunu alayım.,opus_opensubtitles_tr
Gazeteyi okudun mu?,Alman'lar Kafkas'larda ilerlemişler.,opus_opensubtitles_tr
"Evet, bu korkunç.",Ama onlara kim olduğumuzu göstereceğiz.,opus_opensubtitles_tr
Lütfen rahatına bak.,Burası sıcak.,opus_opensubtitles_tr
Yerin çok hoş ve sıcak.,"Eşim ve çocuklarım Taşkent'te, bir tür evsiz barksız sayılırım.",opus_opensubtitles_tr
"- İyi günler, Veronica.",- İyi günler.,opus_opensubtitles_tr
"- Nereye gidiyorsun, sevgilim?",- Hastaneye.,opus_opensubtitles_tr
Görevliyim.,Sarıp sarmalan.,opus_opensubtitles_tr
Hava çok soğuk.,Eşine hayranım.,opus_opensubtitles_tr
Çok dürüst biri...,Seninle çok mutlu olmalı.,opus_opensubtitles_tr
- Filarmoni orkestrasında aradım seni.,- Konser mi vardı?,opus_opensubtitles_tr
Hayır.,Bu gece doğum günü partisine gidecek misin?,opus_opensubtitles_tr
Gidebilirim.,- Ona ne vereceksin?,opus_opensubtitles_tr
- Ne verebilirim?,Savaş!,opus_opensubtitles_tr
"Evet, şu savaş.","Muhteşem bir şey değil tabii, ama biraz hoşuna gidecektir Antonina memnun kalacaktır.",opus_opensubtitles_tr
Bu harika!,Borcum ne kadar?,opus_opensubtitles_tr
"- Gerçekten önemsiz, boşver.",- Çok teşekkür ederim.,opus_opensubtitles_tr
"Mark, bana bir iyilik yapar mısın?",- Yukarıda kimse var mı?,opus_opensubtitles_tr
- Hayır.,Feodor Ivanovich'ten bana biraz ilaç getirebilir misin?,opus_opensubtitles_tr
"İyi işti, Irina.",Paçayı kurtaracak.,opus_opensubtitles_tr
Öyle umarım.,Kurtarmasa keşke demek dobra dobra konuşmak olurdu.,opus_opensubtitles_tr
"Irina, sen erkek olmalıymışsın!",Kız olmaktan şikayetim yok.,opus_opensubtitles_tr
Veronica!,Bu kadar erken ne işin var burada?,opus_opensubtitles_tr
Saat ileriymiş.,Zavallı kız...,opus_opensubtitles_tr
Boris'e yaptıkları yüzünden onu affedemem.,Yine yeni hastalar!,opus_opensubtitles_tr
Başka yerimin olmadığını söylemiştim onlara.,"Ben hastane yönetiyorum, balıkhane değil!",opus_opensubtitles_tr
- Bunlar Kalach'tan mı?,- Stalingrad'dan.,opus_opensubtitles_tr
"Kimisi cepheden, kimisi de başka hastanelerden.",Burada da bize yer yok.,opus_opensubtitles_tr
"Merak etme, yer bulurlar.",80 kişi alabilirim.,opus_opensubtitles_tr
Kalanlar başka hastanelere gitmek zorunda.,Şimdi bir düşüneyim...,opus_opensubtitles_tr
"Lütfen saygılarımı ilet, Sergei'ye, Feodor'a, Vassily'ye Maria Teyze'ye, Agraphyona'ya Catherine'e, Barbara'ya Nikolai'ya, Catherine'e...",- Catherine demiştin zaten.,opus_opensubtitles_tr
- Bu başkası.,- Açıklamak istemez misin?,opus_opensubtitles_tr
- Bunu anlarlar.,"Yine, Zinaida'ya, Antonina'ya, Kuzma'ya...",opus_opensubtitles_tr
Hemşire!,"- Ne istiyorsun, Vorobyov?",opus_opensubtitles_tr
- Boşver.,Hemşire!,opus_opensubtitles_tr
- Tuvalet için şey istiyor.,- Veririm.,opus_opensubtitles_tr
Teşekkürler.,Bu çok güzel müzik!,opus_opensubtitles_tr
"Sesini biraz açar mısın, lütfen?",Kes şu müziği!,opus_opensubtitles_tr
Kıs şunu!,Duyuyor musun beni?,opus_opensubtitles_tr
Bağıran kimdi?,"Bendim, ne olmuş?",opus_opensubtitles_tr
"- Zakharov, neyin var?",- Beni rahat bırak!,opus_opensubtitles_tr
Öfkeden çıldırdı.,Bu sabah evinden kötü haberler aldı.,opus_opensubtitles_tr
"Sevgilisi onun arkadaşıyla evlenmiş hemen, fahişe.",Bir lokma bile yemedi.,opus_opensubtitles_tr
"Bir çaresine baksanız, hemşire.","Bu kahpeler faşistlerden bile kötü, tam kalbe nişan alıyorlar.",opus_opensubtitles_tr
Yemeye çalışmalısın.,İyileşmenin tek yolu bu.,opus_opensubtitles_tr
İyileşmek istemiyorum!,Nalları dikmek istiyorum!,opus_opensubtitles_tr
Doktoru çağırın.,Sakin ol.,opus_opensubtitles_tr
"Lütfen, sakin ol.",Bir kadın yüzünden...,opus_opensubtitles_tr
Tam bir gerzeklik!,Doktoru çağırın!,opus_opensubtitles_tr
Hemen doktoru çağırın!,Kesin şu bağırtıyı!,opus_opensubtitles_tr
Tavuk sürüsü gibi gıdaklamayın!,Bizi şimdi nereye götürecekler acaba?,opus_opensubtitles_tr
Bu memlekette hastaneden çok ne var?,"Çocuklar, başhekim geliyor!",opus_opensubtitles_tr
Piçler!,Susun!,opus_opensubtitles_tr
Kızıl Ordu'nun askerisin!,Orduyu bırakıp kaçmak mı istiyorsun?,opus_opensubtitles_tr
"Eğer sana iyi bakmadığımızdan korkuyorsan, orduya geri dönebilirsin!",İnsaflı olun.,opus_opensubtitles_tr
Evinden kötü haber aldı.,Biliyorum.,opus_opensubtitles_tr
Bu yalnızca bir bahane.,Sevgilisi onu terk ettiyse ne olmuş yani?,opus_opensubtitles_tr
Kurtulmuş işte!,"Kıytırık bir asker kaçağı için bunun gibi yakışıklı bir askeri, gerçek bir kahramanı bıraktıysa o kız beş para etmez zaten.",opus_opensubtitles_tr
Doğru.,Mutluluğu elinden kaçıran o kızın kendisi!,opus_opensubtitles_tr
"Ve her neye sahip olduysa, onu hak ediyor demektir!",Ne kadar basit bir kız!,opus_opensubtitles_tr
"Böyle bir kadın, senin çektiğin acıları anlayabilir mi acaba?","Onu gebertmek, bu tipler için iyi bir ceza olurdu.",opus_opensubtitles_tr
En zor sınavı başarıyla geçtin sen.,"Ölümle yüz yüze geldin, onunla cebelleştin.",opus_opensubtitles_tr
O ise kısacık bir süre bile tahammül etme başarısını gösteremedi.,"Onurlu erkeklerin, bu tür kadınları pislik gibi görmekten başka yapabilecekleri bir şey yoktur.",opus_opensubtitles_tr
Böyle yaratıklar asla affedilemez!,Sargılarını düzeltin!,opus_opensubtitles_tr
"Sima Teyze, ona taze lapa ve biraz sıcak çay getir.",Topla kendini şimdi.,opus_opensubtitles_tr
Veronica...,Ne biçim anasın sen?,opus_opensubtitles_tr
Çocuğuna göz-kulak olsana!,Bir de beni sorumlu tutacaklar!,opus_opensubtitles_tr
"Ayakta uyuyorsun, seni aptal!",- Kimsin sen?,opus_opensubtitles_tr
- Annemin oğluyum.,- Nerelisin?,opus_opensubtitles_tr
- Voroshilovgradlı.,- Kaç yaşındasın?,opus_opensubtitles_tr
- Üç yıl üç aylık.,- Adın ne peki?,opus_opensubtitles_tr
- Boris.,- Ne?,opus_opensubtitles_tr
- Boris.,- Bu keyifli uyanma neden?,opus_opensubtitles_tr
- Hastanede konser var.,- Mantıklı bir hikaye!,opus_opensubtitles_tr
"- Tamam, tamam.",- Mark burada mı?,opus_opensubtitles_tr
"- Şu ana dek, evet.",Bunu senin için saklıyordum.,opus_opensubtitles_tr
"Çok teşekkürler, Anna Mikhailovna.",Tanıdığımız küçük bir oğlan için.,opus_opensubtitles_tr
Onun doğum günü de.,"Keşke herkes senin kadar şefkatli olsaydı, Mark.",opus_opensubtitles_tr
Bu tür bileşik yaralanmalarda tedavi biçimi yara bölgesindeki değişikliklere önemli ölçüde bağlıdır...,"- İlginç, ama beni aşar.",opus_opensubtitles_tr
"- Neden, aslında oldukça basit.",Klinik pratisyen hekim için kolayca anlaşılır olmamakla birlikte çoğu durumda hastalığın nedenlerini araştırma bilimince...,opus_opensubtitles_tr
- Bu ne?,- Ne dolaplar çeviriyorsun?,opus_opensubtitles_tr
Dolap çevirmek de ne demek?,Zavallı çocuk ailesini kaybetmiş.,opus_opensubtitles_tr
Annemi istiyorum!,Bulunan Çocuklar Merkezi'ne götürmen gerekir onu.,opus_opensubtitles_tr
Sen kendin git o Merkez'e!,- Kaba çocuk!,opus_opensubtitles_tr
"- Kaba değilim, sensin kaba!",Ağlama artık.,opus_opensubtitles_tr
Anneni Voroshilovgrad'da buluruz.,Sus artık şimdi.,opus_opensubtitles_tr
"- Zavallı çocuk, annesini istiyor.","- Bak, bir keçi geliyor...",opus_opensubtitles_tr
Şıngırdatmayı kes.,Kulaklarımı acıtıyorsun.,opus_opensubtitles_tr
"Al, bununla oyna.",İstemiyor musun?,opus_opensubtitles_tr
Tanrım.,Al sana bir simit.,opus_opensubtitles_tr
Onu sustur!,Beni çıldırtıyor.,opus_opensubtitles_tr
Keşke oynayabileceği oyuncaklarımız olsaydı...,"Irina, biraz tutsana onu.",opus_opensubtitles_tr
"Hah, başka derdin?","Ağlamayı kes, olur mu?",opus_opensubtitles_tr
Bana ver onu.,"Haydi, küçüğüm, küçük Boris'im...",opus_opensubtitles_tr
Üstünü çıkarıp uyutayım seni...,Sincabımı gören var mı?,opus_opensubtitles_tr
"Evet, Mark aldı onu.",- Neden?,opus_opensubtitles_tr
- Bir çocuğa verecekmiş.,Benim sincabımı mı verecek?,opus_opensubtitles_tr
- Mark nerede?,- Bilmiyorum.,opus_opensubtitles_tr
- Mark nerede?,- Bilmiyorum.,opus_opensubtitles_tr
Benden bir şey saklıyorsunuz.,"Nerede olduğunu biliyorsunuz, değil mi?",opus_opensubtitles_tr
Nerede o?,Büyük olasılıkla Antonina'nın partisine gitmiştir.,opus_opensubtitles_tr
- Ne Antonina'sı?,- Neden Mark'a sormuyorsun?,opus_opensubtitles_tr
"- Kim o kız, söyle!",- Emir verip durma.,opus_opensubtitles_tr
Mark ara sıra onu ziyarete gider.,Anladın mı?,opus_opensubtitles_tr
- Beni kızdırmak için söylüyorsun bunu.,- Neden bunu isteyeyim ki?,opus_opensubtitles_tr
"Çünkü evliyim, seviliyorum, sen hala bir kız kurususun!","Kes şunu, Veronica!",opus_opensubtitles_tr
Antonina yiyecek dükkanının yanında oturuyor hemen yandaki küçük evde.,Oraya git de kendi gözünle gör.,opus_opensubtitles_tr
Sakin ol.,Bir şeyler yapmalıyım.,opus_opensubtitles_tr
Mark eve gelince konuşursun.,Ama şimdi beklemen gerek.,opus_opensubtitles_tr
"Tabii, beklemeliyim...",Yaptığım hep beklemek olmuştur zaten.,opus_opensubtitles_tr
Bu kadarı yeter!,Dudaklarımız hissizleşsin.,opus_opensubtitles_tr
Sözler boşuna.,Çoğunlukla yalan olabilirler.,opus_opensubtitles_tr
"Yalnızca gözlerimiz, asla yalana cüret etmez...",Gözlerdeki ışıltı sonsuza dek gerçektir.,opus_opensubtitles_tr
Gözlerim şimdi üzgün ve karanlık...,Sanki içindeki mum sönmüş gibi...,opus_opensubtitles_tr
"Leningrad'da partilerimden sonra kenti dolaşacağız kentin bir başından, öteki başına dek.",Şimdi gitmeye hazırlan.,opus_opensubtitles_tr
"Orada savaş sürüyor, Antonina.","Arabalar ağırlıklarınca altın ediyor, benzin tümüyle karneye bağlanmış.",opus_opensubtitles_tr
Herhangi bir araba bul!,Yalvarıyorum sana!,opus_opensubtitles_tr
"İtfaiye arabası, ambulans, kamyon, herhangi bir araba!",Artık umudun kalmadığı yerde bırak umutlu olayım.,opus_opensubtitles_tr
Yalnızca ikimiz mi?,Her şeyi yüzüstü bırakarak mı?,opus_opensubtitles_tr
Bir şeyler yapmaya çalışacağım.,Seni seviyorum!,opus_opensubtitles_tr
"Affedersin, dans etmem.",Her şeyi denediğimi sanıyordum ama bu tür kestaneyi hiç denemedim.,opus_opensubtitles_tr
"Bakın, bir not!",- Benim için doğum günü notu.,opus_opensubtitles_tr
- Kutlarım!,Sincap nerede?,opus_opensubtitles_tr
Sincabım nerede?,"Bak, sakın aklına bir şey gelmesin...",opus_opensubtitles_tr
Boris adında birinden bir not var.,"Bir tanem, doğum günün kutlu olsun...",opus_opensubtitles_tr
Doğum günün bugün.,Seni bırakıp gitmek çok zor.,opus_opensubtitles_tr
Ama yapacak bir şey yok.,Savaş bu!,opus_opensubtitles_tr
Gitmem gerek.,"Yaşantımızı bu şekilde sürdüremezdik, keyfimize bakarak ölüm ülkemize sinsice sokulurken.",opus_opensubtitles_tr
Bir gün mutlu olacağız.,"Seni seviyorum, sana güveniyorum.",opus_opensubtitles_tr
"Senin, Boris'in.",Neden böyle telaşlandın?,opus_opensubtitles_tr
Eve git.,Hemen dönerim ben de.,opus_opensubtitles_tr
Neden?,- Paltonu çıkar.,opus_opensubtitles_tr
- Teşekkür ederim.,"Biliyorsun, tüm Filarmoni arabaları bu gece kullanılıyor ben de bir araba bulmak zorundayım.",opus_opensubtitles_tr
"Sen Baş Cerrah'sın, bana bu iyiliği yaparsın herhalde...",Ulaşım bizim en büyük sorunumuz.,opus_opensubtitles_tr
"Benim için de çok zordu, ama ben elimden geleni yapmıştım.",Sen istediğin zaman ben işini halletmiştim...,opus_opensubtitles_tr
- Ne istemiştim senden?,- Ayrıcalık.,opus_opensubtitles_tr
Şimdi imtiyazın süresi doluyor bu kez aynı ayrıcalığı sağlamak neredeyse olanaksız.,- Ayrıcalıktan kastın nedir?,opus_opensubtitles_tr
- Mark'ın askere yazılmaması.,Her şeyi çok gizli ve dikkatlice hallettiğimden emin olabilirsin.,opus_opensubtitles_tr
Senin haberin olmadan Mark bunu yapmış olabilir mi?,Hatta senin adına bana para bile teklif etmişti...,opus_opensubtitles_tr
Affedersin.,"Burada olmana sevindim, Fedya Amca.",opus_opensubtitles_tr
Onunla konuşmanı isterim.,"Çağrılmadan gelip baskın yaptı, kavga başlattı...",opus_opensubtitles_tr
Kapıyı kapat.,Bir insanın oğlunu savaşın ortasına göndermekten zevk duyacağına inanıyor musun?,opus_opensubtitles_tr
Ne demek istiyorsun?,"Başkaları kollarını, bacaklarını, gözlerini, hatta hayatlarını kaybetmek zorunda ama sen adi zevklerin, sağlığın ve mutluluğun için hayatta kalmalısın, inancın bu mu?",opus_opensubtitles_tr
Hiç kimseye bir borcun yok mu?,"Savaştan kaçtığımı öğrenmişsin, Fedya Amca.",opus_opensubtitles_tr
Bu ayrıcalığı nasıl aldığını söyle bize.,"Ne yapıyorsun, Veronica?",opus_opensubtitles_tr
Tamam.,Bir oda kiralayacağım.,opus_opensubtitles_tr
Oğlanı da alıyorum.,Başka birisi oda kiralasa daha iyi olur belki.,opus_opensubtitles_tr
Memnuniyetle.,Uzun zamandır istiyordum bunu.,opus_opensubtitles_tr
Keşke ilk evde beni kovmuş olsaydın.,Korkunç bir sıkıntı yaşıyorsun.,opus_opensubtitles_tr
Yalnızca daha kötü bir şey yapmış birisi seni ayıplayabilirdi.,Bizimle kal.,opus_opensubtitles_tr
Kalamam.,Başka birinin arkasına saklanamam.,opus_opensubtitles_tr
İstemem de.,Bunun üzerinde düşün.,opus_opensubtitles_tr
"Bakar mısın, Borozdin ailesini nerede bulabilirim?",- Hangisini arıyorsun?,opus_opensubtitles_tr
- Feodor Ivanovich.,Şu an içeride değil.,opus_opensubtitles_tr
Boris mi gönderdi?,"Hayır, kendim geldim.",opus_opensubtitles_tr
Feodor Ivanovich'i görmeliyim.,- Oturmaz mısın?,opus_opensubtitles_tr
- Sağol.,Feodor Ivanovich birazdan burada olur.,opus_opensubtitles_tr
- Dışarı çıkabilir miyim?,- Olur.,opus_opensubtitles_tr
- Senin mi?,"- Evet, benim oğlum.",opus_opensubtitles_tr
Benziyor.,Borozdin'lerin akrabası mısın?,opus_opensubtitles_tr
Aslında değilim.,Elimden geldiği kadar savaştım.,opus_opensubtitles_tr
Eve mi dönüyorsun?,Daha değil.,opus_opensubtitles_tr
Leningrad hala kuşatma halinde.,"- Evet, zor bir durumdayım.",opus_opensubtitles_tr
- Neden?,Aileden olmadığın için söylememde bir sakınca yok sanırım.,opus_opensubtitles_tr
Bir adama oğlunun öldüğünü nasıl söylersin ki?,- Nerede oldu?,opus_opensubtitles_tr
- Smolensk yakınında.,Ne çalmamı istersin?,opus_opensubtitles_tr
Fark etmez.,Gömüldüğünü gördün mü onun?,opus_opensubtitles_tr
Hayır.,Bir sedyeye koydular beni ve hastaneye götürdüler o da Stepan adlı bir arkadaşıyla birlikteydi.,opus_opensubtitles_tr
Stepan...,Şimdi sevgilisini bulmak zorundayım.,opus_opensubtitles_tr
Onu gerçekten çok seviyordu.,Sevgilisi benim.,opus_opensubtitles_tr
"Moskova'da bulunursan bizi görmeye gel, Volodya.",Çok teşekkür ederim.,opus_opensubtitles_tr
Gelirim.,Savaş sona erdi.,opus_opensubtitles_tr
"Tuhaf, değil mi?",Hala bekliyor musun?,opus_opensubtitles_tr
Evet.,Kimse umudunu yitirmemeli.,opus_opensubtitles_tr
Beklemenin yararı ne?,Kendi gözlerimle gördüm olayı.,opus_opensubtitles_tr
Ne gördün ki sen?,Yaralı mı gördün onu?,opus_opensubtitles_tr
Yere düşerken mi gördün onu?,Onu ölü olarak görmedin ki.,opus_opensubtitles_tr
"Ama eğer yaşıyorsa, neden sana yazmadı?",Her şey olabilir.,opus_opensubtitles_tr
Stepan'da bir başkasına yazmadı.,Fabrikadakiler onun Özel Harekat'ta olduğunu biliyorlar.,opus_opensubtitles_tr
"Dasha, o döndüğünde bana haber vereceğine söz verdi.",Boris yaşıyor.,opus_opensubtitles_tr
O yaşıyor.,Bakın!,opus_opensubtitles_tr
Zafer kazananlar geliyor!,"Kolia, sevgilim, geri döndün!",opus_opensubtitles_tr
Boris!,Veronica!,opus_opensubtitles_tr
Stepan!,Çiçekler...,opus_opensubtitles_tr
Senin için.,Ee?,opus_opensubtitles_tr
Ne var?,Anlarsın...,opus_opensubtitles_tr
Şey...,Sevgilim!,opus_opensubtitles_tr
"Sevgili anneler, babalar, kardeşler!",Yeniden bir araya gelmekten sonsuz mutluluk duyuyoruz.,opus_opensubtitles_tr
Her Sovyet yurttaşının yüreği neşeyle coşuyor zafer mutluluğuyla!,Hepimiz bu mutlu anı bekledik.,opus_opensubtitles_tr
Mücadelemizin en güç zamanlarında bu anı düşledik.,Ama savaş meydanında sessizce yatanları asla unutmayacağız.,opus_opensubtitles_tr
"Yıllar geçecek, kentlerimiz yeniden inşa edilecek yaralarımız bir gün mutlaka sarılacak.","Yüreklerimizde tek bir şeyi yaşatalım, savaştan duyduğumuz o büyük nefreti!",opus_opensubtitles_tr
"Sevdiklerini bugün kucaklayamayanların acılarını, kederlerini derinden hissediyoruz.",Sözümüzü tutmak için hepimiz yemin etmeliyiz ki sevgililer bir daha asla savaş nedeniyle ayrılmasın anneler çocukları için korkup kaygılanmasın cesur babalarımız gözyaşlarını gizli gizli içlerine akıtmasın.,opus_opensubtitles_tr
"Biz kazandık, hayatta kaldık, ama bu yıkıp yok etmek için değildir yeni, yepyeni bir yaşam kurmak içindir!",Orada öyle dikilip durma.,opus_opensubtitles_tr
Çiçekler kimin içinse ona ver.,"Çok teşekkür ederim, kardeş.",opus_opensubtitles_tr
Canım benim!,Ne de tombişmiş canım benim!,opus_opensubtitles_tr
"Bakın, leylekler Moskova'nın üzerinden geçiyor!",Altyazı Çevirisi Bülent ATUK Ankara - 10.Kasım.2005,opus_opensubtitles_tr
Leylekler Geçerken,altyazılar: t-becks tanbecks@yahoo.co.uk,opus_opensubtitles_tr
Dur.,"Dur, Sincap!",opus_opensubtitles_tr
"Al, giy şunları.",Bak!,opus_opensubtitles_tr
"Gemiler gibi gökyüzünde süzülüyor turnalar,","Uçuyor ak ve kömür renkliler, uzun gagalılar!",opus_opensubtitles_tr
"Bak, bak, bak!",Gördün mü?,opus_opensubtitles_tr
"Sen ve senin şu ""gemi gibi turnalar""ın.",THE CRANES ARE FLYING,opus_opensubtitles_tr
Kimse var mı?,Bekle!,opus_opensubtitles_tr
"Peki, tamam.",Zamanı söyle o halde.,opus_opensubtitles_tr
"Perşembe, rıhtımda.","Yapma, bu çok geç.",opus_opensubtitles_tr
Sincap!,Zamanını söylemedin!,opus_opensubtitles_tr
Sincap!,"Sincap, saat kaçta?",opus_opensubtitles_tr
Perşembe saat kaçta?,"Hayır, hayır, gelemeyebilirim.",opus_opensubtitles_tr
Gelemeyebilirim.,İşte olacağım.,opus_opensubtitles_tr
- Peki.,- Gecikme.,opus_opensubtitles_tr
Sincap!,- Onunla aklını yedi.,opus_opensubtitles_tr
- Oğlan da onunla.,"Aşk bu, hayatım.",opus_opensubtitles_tr
Zararsız bir zihinsel bozukluk.,"Büyükanne, neden uyumuyorsun?",opus_opensubtitles_tr
"Çünkü artık kalkma vakti, Boris!",Şapırdatma!,opus_opensubtitles_tr
Bütün gece dışarılarda sürtüyorsun.,Kıskanıyor musun?,opus_opensubtitles_tr
Yırtmadın ya?,Ceketin iyi durumda.,opus_opensubtitles_tr
Ayıp!,"Öğlen oldu, o ise hala yatakta.",opus_opensubtitles_tr
Çocuk pazarları iyi bir istirahati hak ediyor.,Çok çalışıyor.,opus_opensubtitles_tr
Onun bu işi evlilikle sonuçlanacak.,Asıl o zaman gerçekten kıskanacaksın.,opus_opensubtitles_tr
Irina için diploması her şeyden önce gelir.,"Dikkat et, Fedya amca.",opus_opensubtitles_tr
Sen hala sırf bir tıp doktoruyken o yakında bir ordinaryüs profesör olacak.,Eğer çocuklar anne babalarını geçmezse çocuklar aptal ve anne babaların da aşağı kalır yanı yok demektir.,opus_opensubtitles_tr
"Sağ ol, anne.",Bütün Sovyetler Birliği'nde yayın yapan Radyo Moskova'yı dinliyorsunuz!,opus_opensubtitles_tr
- Ne var böyle?,- Ne oldu acaba?,opus_opensubtitles_tr
Savaşa girdik!,Boris!,opus_opensubtitles_tr
Duyuyor musun?,Savaşa girdik!,opus_opensubtitles_tr
Beni rahat bırak!,Merhaba!,opus_opensubtitles_tr
Boris gece gündüz çalışıyor.,Onu mu bekliyorsun?,opus_opensubtitles_tr
Kimseyi beklemiyorum.,Veronika!,opus_opensubtitles_tr
Savaş zamanında insanın kafası karışık olmamalı.,Kişi normal yaşantısını sürdürmelidir.,opus_opensubtitles_tr
Beni ele al.,İlk senfonimi sana ithaf etmenin düşünü kuruyorum.,opus_opensubtitles_tr
Konsere gelir misin?,Ya Ordu seni askere çağırırsa?,opus_opensubtitles_tr
Ordu mu?,Şüpheliyim.,opus_opensubtitles_tr
Biraz zor.,Neden zormuş?,opus_opensubtitles_tr
En yetenekliler muaf tutulur.,- Sen en yeteneklilerden misin?,opus_opensubtitles_tr
- Ben mi?,Kesinlikle.,opus_opensubtitles_tr
Neden peşime takılıyorsun?,Utanmıyor musun?,opus_opensubtitles_tr
Utanıyorum.,Senden uzak durmaya çalıştım.,opus_opensubtitles_tr
"Biliyorum, Boris benim kuzenim.",Ama kendime hakim olamıyorum!,opus_opensubtitles_tr
Anlıyor musun?,Elimde değil!,opus_opensubtitles_tr
Bekle!,- Bekle!,opus_opensubtitles_tr
- Eve tek başıma gidiyorum.,"Hey, yavaş ol!",opus_opensubtitles_tr
Daha yeni ameliyat geçirdin.,O sırt çantası için formda olsam iyi ederim.,opus_opensubtitles_tr
Senin gibi adamları orduda harcamıyorlar.,Buraya sadece bir muafiyet tanınacak ve onu da içimizden biri alacak.,opus_opensubtitles_tr
Sana tanısalar iyi olur.,Senin bilgi ve tecrüben var.,opus_opensubtitles_tr
Sende de yetenek var.,Skeçlerine sahip çık.,opus_opensubtitles_tr
Karım çantamı çoktan hazırladı bile.,"Aynen dedikleri gibi, süngülerimizi takalım.",opus_opensubtitles_tr
Stepan!,"Hey, Stepan!",opus_opensubtitles_tr
"Çocuklar, yardım edin.",Stepan!,opus_opensubtitles_tr
"Müsaadenle, Sachkov.",- Celp nerede kaldı?,opus_opensubtitles_tr
- Henüz yok.,Artık sabredemiyorum.,opus_opensubtitles_tr
- Boş musun şimdi?,"- Hayır, şu skeçler var.",opus_opensubtitles_tr
- Anladım.,Kendine iyi bak.,opus_opensubtitles_tr
- Tamam.,- Baksana!,opus_opensubtitles_tr
- Evet?,- Ona söyledin mi?,opus_opensubtitles_tr
"- Hayır, daha çok erken.",- Haklısın.,opus_opensubtitles_tr
Yarın görüşürüz.,- Peki.,opus_opensubtitles_tr
- Bırak.,- Bırakmam.,opus_opensubtitles_tr
- Yere düşeceksin.,"- Hayır, düşmem.",opus_opensubtitles_tr
- Raptiyeyi yırtacaksın.,- Battaniye bu.,opus_opensubtitles_tr
Milisleri çağıracağım.,Raptiyeden artık bıkkınlık geldi.,opus_opensubtitles_tr
Ver şu battaniyeyi.,- Bırak.,opus_opensubtitles_tr
Düşeceksin.,"- Hayır, bırakmam.",opus_opensubtitles_tr
"Yapma ama, Sincap, dur.",İzin ver şunu asayım.,opus_opensubtitles_tr
"Sen bugün rıhtıma gelmedin, ama Mark geldi.",- Çok yakışıklı.,opus_opensubtitles_tr
- Ne olmuş?,- Kıskanmıyor musun?,opus_opensubtitles_tr
- Ne?,- Kıskanmıyor musun?,opus_opensubtitles_tr
- Buna vaktim yok.,Mimarlık okuluna gittiğimde benim de pek vaktim olmayacak.,opus_opensubtitles_tr
Giriş sınavlarını asla geçemezsin.,- Geçerim!,opus_opensubtitles_tr
- Şüpheliyim.,"Gemiler gibi gökyüzünde süzülüyor turnalar,",opus_opensubtitles_tr
"Uçuyor ak ve kömür renkliler, uzun gagalılar.",- Şarkımı beğendin mi?,opus_opensubtitles_tr
- Çok anlamlıymış.,"Kurbağalar, vıraklarsınız devamlı, Neden akıl etmediniz başınızı kaldırmayı?",opus_opensubtitles_tr
"Cıvık cıvık çamur içinde zıplayıp durdunuz, İşte bu yüzden silinip süpürüldünüz.","- Pekala, kazandın, kahraman.",opus_opensubtitles_tr
"- Kazandım, kazandım!",Kazandım.,opus_opensubtitles_tr
Pekala.,- Sence askere alınır mısın?,opus_opensubtitles_tr
- Tabii.,- Gönüllü olmayacaksın ya?,opus_opensubtitles_tr
- Olabilirim.,Neden olmasın?,opus_opensubtitles_tr
"Hayır, olmayacaksın!",İzin vermem.,opus_opensubtitles_tr
Muaf tutulacağını biliyorsun.,O yüzden bu kadar büyük konuşuyorsun.,opus_opensubtitles_tr
- Neden öyle düşünüyorsun?,- Akıllı olan herkes muaf tutulur.,opus_opensubtitles_tr
Öyleyse savaşı yapacak kişiler sadece aptallardan oluşur.,Seninle bir daha hiç konuşmak istemiyorum.,opus_opensubtitles_tr
Veronika sana söylemem gereken bir şey var.,Duymak istemiyorum.,opus_opensubtitles_tr
"Ve lütfen, bana Veronika deme.",- Kimim ben?,opus_opensubtitles_tr
Kimim?,- Sincap.,opus_opensubtitles_tr
Dinle...,- Bana yarın ne vereceksin?,opus_opensubtitles_tr
- Sır.,Bana tatlı bir şey verirsen onu yer ve unutur giderim.,opus_opensubtitles_tr
Bana seni hatırlatacak bir şey ver.,Öp beni.,opus_opensubtitles_tr
Seninle birlikteyken hiçbir şeyden korkmuyorum.,Savaştan bile.,opus_opensubtitles_tr
Milislerden korkuyorum ama.,- Veronika...,opus_opensubtitles_tr
- Biliyor musun ne diyeceğim?,- Biliyor musun?,opus_opensubtitles_tr
- Hayır.,Düğünümüz için çok güzel bir beyaz elbise yaptıracağım.,opus_opensubtitles_tr
Büyükanneminki gibi.,Ve bir de duvak...,opus_opensubtitles_tr
Çok uzun ve beyaz.,Ve sen de koyu takım elbiseni giymelisin.,opus_opensubtitles_tr
- Sonra da doğruca...,- Nikah dairesine.,opus_opensubtitles_tr
- Anlaştık mı?,- Anlaştık.,opus_opensubtitles_tr
- Bu raptiyeyi sevdiğimi biliyorsun.,- Ne var onda bu kadar?,opus_opensubtitles_tr
Merhaba!,- Stepan!,opus_opensubtitles_tr
- Veronika!,- İkiniz için de bir ikramım var.,opus_opensubtitles_tr
- Güzel.,- Neymiş?,opus_opensubtitles_tr
- Sır.,- Geldi mi?,opus_opensubtitles_tr
"- Evet, bu sabah.",- Bana neden söylemedin?,opus_opensubtitles_tr
"- Peki, devam et.",Fabrikada neler olduğunu görmeliydin.,opus_opensubtitles_tr
"- Kısa kes, olur mu?",- Kısa keseceğim.,opus_opensubtitles_tr
"Anlatayım, öylesine heyecan vardı ki...",- Bunu boşver.,opus_opensubtitles_tr
- Sizinkiler bana dedi ki...,- Ne zaman teslim oluyoruz?,opus_opensubtitles_tr
- Bugün 5:30'da.,Şu kirazlara bakın!,opus_opensubtitles_tr
Bir sorun mu var?,- Çok güzeller!,opus_opensubtitles_tr
- Ordu emirleri.,- Olamaz!,opus_opensubtitles_tr
Senin için mi?,- Benim için de.,opus_opensubtitles_tr
İkimiz de gönüllü olduk.,Ne zaman?,opus_opensubtitles_tr
- Gönüllü mü oldun?,- Ordu emirleri öyle.,opus_opensubtitles_tr
Bekle!,Biz ne olacağız?,opus_opensubtitles_tr
Stepan...,"Hayır, gitmem gerek.",opus_opensubtitles_tr
Bizimkiler yola çıkıyor...,Hoşça kalın.,opus_opensubtitles_tr
Sincap!,Doğum gününden önce sana söylemek istemedim.,opus_opensubtitles_tr
- Şimdiyse gitmem gerek.,- Elbette.,opus_opensubtitles_tr
Boris!,Sincap!,opus_opensubtitles_tr
Ne oldu?,Ak turnalar uçarken...,opus_opensubtitles_tr
Çok hoşuma gitti.,Bana bir şey olmayacak.,opus_opensubtitles_tr
Duydun mu?,Ondan sonra da birlikte yaşayacağız...,opus_opensubtitles_tr
Yüz sene.,Git.,opus_opensubtitles_tr
Sonra vedalaşırız.,Geç kalma.,opus_opensubtitles_tr
Bir gün sonra gitseydi ne fark ederdi?,Hala Veronika ile birlikteyse iyi cesaret varmış demek.,opus_opensubtitles_tr
- Boris!,Boris!,opus_opensubtitles_tr
- Babam aradı mı?,Çok öfkeliydi.,opus_opensubtitles_tr
Neden kimseye söylemedin?,Böyle sahneler yaşamayalım diye.,opus_opensubtitles_tr
Bu baskıları yarın fabrikaya çevir.,- Onları mühendis Kuzmin'e ver.,opus_opensubtitles_tr
"- Olur, merak etme.",Ne koyuyorsun oraya?,opus_opensubtitles_tr
Ben bir şişe şarap almaya çıkıyorum.,"Büyükanne, bana bir iyilik yap.",opus_opensubtitles_tr
Bekle biraz.,- Seni cepheye mi gönderecekler?,opus_opensubtitles_tr
- Galiba.,"Büyükanne, al.",opus_opensubtitles_tr
Dur.,Yarın kalktığın zaman bunu ona götür.,opus_opensubtitles_tr
- Nedir bu?,- Onun doğum günü hediyesi.,opus_opensubtitles_tr
Ve ona yardım et.,Ne de olsa savaş hali.,opus_opensubtitles_tr
"Lütfen, ona iyi davran.",Peki ya ölürsem?,opus_opensubtitles_tr
Buna hakkın yok özellikle de şimdi saklayacak o kadar çok sırrın varken.,- Farz edelim ki öldüm...,opus_opensubtitles_tr
- Sakın ha!,"Şimdi ses çıkarma, büyükanne.",opus_opensubtitles_tr
Veronika geldi!,"Hayır, Irina'ymış.",opus_opensubtitles_tr
"Şükürler olsun, geldin.",- Boris!,opus_opensubtitles_tr
- Evet?,Gel buraya.,opus_opensubtitles_tr
25 yaşındasın ve bir budala gibi davranıyorsun.,"Neyiz biz, çocuk mu?",opus_opensubtitles_tr
Ne bu?,Saklambaç mı oynuyoruz?,opus_opensubtitles_tr
Canın macera mı istiyor?,Ne biçim bir adamsın?,opus_opensubtitles_tr
Irina ile Mark nerede?,"Irina kahve yapıyor, Mark şarap almaya çıktı.",opus_opensubtitles_tr
"Kahve, şarap...",Ne çeşit bir uğurlama bu?,opus_opensubtitles_tr
Irina!,Ecza dolabından şu şeyi getir.,opus_opensubtitles_tr
"Boris, buraya gelsene.",- Veronika nerede?,opus_opensubtitles_tr
- Gelecek.,- Ama nerede?,opus_opensubtitles_tr
- Meşgul.,Burada olması lazım.,opus_opensubtitles_tr
Nişanlısı ayrılıyor.,Ben onun nişanlısı değilim.,opus_opensubtitles_tr
- Nesin o zaman?,- Sadece arkadaş...,opus_opensubtitles_tr
- Nasıl arkadaş?,Epey şüphe uyandırıcı.,opus_opensubtitles_tr
"- Öyle demek istemedim, baba.",- Ne demek istedin o halde?,opus_opensubtitles_tr
"- Bak, üzerime gelme.",Neden sıkıştırıyorsun çocuğu?,opus_opensubtitles_tr
- İşte alkol.,- Biraz sulandır.,opus_opensubtitles_tr
Ben biraz port şarabı aldım.,Onu kendin iç.,opus_opensubtitles_tr
Biz daha sert bir içki içeceğiz.,"Peki, hepimiz burada mıyız?",opus_opensubtitles_tr
Oturalım.,Veronika geldi.,opus_opensubtitles_tr
"Onu karşılamayacak mısın, arkadaş?",Sonunda!,opus_opensubtitles_tr
Boris evde mi?,Fabrikadan geliyoruz.,opus_opensubtitles_tr
"Lütfen, buyurun.",Ben nişanlısı sanmıştım.,opus_opensubtitles_tr
- Fabrikadan geliyoruz.,- Hediyeleri ne yapalım?,opus_opensubtitles_tr
- Özür dilerim.,Sizinki bu.,opus_opensubtitles_tr
- Peki...,Teşekkür ederim.,opus_opensubtitles_tr
Fabrika Komitesi adına...,"Yoldaş Boris, kanının son damlasına kadar savaşmalısın.",opus_opensubtitles_tr
"Melun faşistleri bozguna uğratın bizler de fabrikada kotamızı doldurur, hatta aşarız.",Bunların hepsini önceden duyduk.,opus_opensubtitles_tr
İyisi mi bize katılıp oğlum Boris'in şerefine kadeh kaldırın.,Zannediyorum ki bu dünyadaki yaşantılarımız henüz olmasını istediğimiz gibi değil.,opus_opensubtitles_tr
"Şimdi savaşa gidiyorsun, Boris...",- İçelim.,opus_opensubtitles_tr
- Sana.,"Büyükanneme, büyükanneme!",opus_opensubtitles_tr
Geçen gece ağabeyimi uğurladık.,Annem ağlıyordu...,opus_opensubtitles_tr
- Ya sen?,- Ben de.,opus_opensubtitles_tr
"- Kimin adına, komitenin mi?",- Onu düşünmüyordum.,opus_opensubtitles_tr
"Bizim ailede uğurlayacak kimse yok, bizde üç kız, bir de annem var.",Bir bakıma utanç verici...,opus_opensubtitles_tr
Kendimi dışlanmış hissediyorum.,"Evet, döndükleri zaman da bizi gerçekten kıskanacaksın.",opus_opensubtitles_tr
"Kötü tarafıysa, hepsinin geri dönecek olmaması.","Dönmeyenler adına, isimleri altınla işlenmiş görkemli bir anıt.",opus_opensubtitles_tr
"Irina, orada öyle oturma.",Bardakları doldur.,opus_opensubtitles_tr
"Geride kalanlar, kotayı doldurun, hatta aşın!","Büyükanne, sakın unutma.",opus_opensubtitles_tr
"Mark, babamla kal.",Kendini toparlar.,opus_opensubtitles_tr
Seni geçireyim.,Geriye dön!,opus_opensubtitles_tr
"Bölük, ileri marş!","Al şunu, büyükanne.",opus_opensubtitles_tr
- Boris!,- Anne!,opus_opensubtitles_tr
- Onu bir daha göremeyeceğim.,"- Özür dilerim, anne.",opus_opensubtitles_tr
İç.,Kendine gelirsin.,opus_opensubtitles_tr
- Nereye gidiyorsun?,- Hastahaneye.,opus_opensubtitles_tr
Ama şu anda nöbette değilsin ki.,"Varvara Kapitonovna, Boris'i görmem gerek...",opus_opensubtitles_tr
Gitti.,- Gitti mi?,opus_opensubtitles_tr
Nereye?,- Orduya teslim olmaya.,opus_opensubtitles_tr
- Olamaz!,- İçeri gel.,opus_opensubtitles_tr
- Nerede teslim olacaktı?,- Bilmiyorum.,opus_opensubtitles_tr
Bu ne?,Boris'ten.,opus_opensubtitles_tr
Doğum günün için.,İçinde bir not varmış.,opus_opensubtitles_tr
- Not nerede?,- Neden?,opus_opensubtitles_tr
Orada değil mi?,Değil.,opus_opensubtitles_tr
Belki de düştü?,Belki acelede unuttu.,opus_opensubtitles_tr
- Unuttu mu?,- Sana mektup yazar.,opus_opensubtitles_tr
Neredeydin?,- Boris nereye gitti?,opus_opensubtitles_tr
- Parkın yanındaki okul bahçesine.,"Sakinleş, gelecek.",opus_opensubtitles_tr
Bu kalabalığın içinde birini bulmak büyük mesele.,Ne yapıyorsun?,opus_opensubtitles_tr
Bana mektup yaz.,Her gün yaz.,opus_opensubtitles_tr
Sana karnabaharı göndermeni söylememiş miydim?,"Yükseklerde bir uçak, Çatıların üzerinde vızıldıyor.",opus_opensubtitles_tr
Bulutların arasından Sevgilim aşkını gönderiyor.,Eskiden oydu kapıma kadar beni geçiren.,opus_opensubtitles_tr
Şimdi durum epey değişti;,Benim onu uğurlayacak olan!,opus_opensubtitles_tr
Ordu posta numaranı yazmayı unutma.,"- Neşelen, sivri burun!",opus_opensubtitles_tr
- Sen dönene kadar bekleyeceğiz.,"Hoşça kal, Boris!",opus_opensubtitles_tr
Kendine iyi bak!,Sıraya gir!,opus_opensubtitles_tr
Gelecek.,Boris!,opus_opensubtitles_tr
Boris!,Hizaya gir!,opus_opensubtitles_tr
Dikkat!,İleri marş!,opus_opensubtitles_tr
Boris!,İşte benim küçük kız!,opus_opensubtitles_tr
Boris!,Boris!,opus_opensubtitles_tr
Büyükanne...,Yok mu?,opus_opensubtitles_tr
Bana da yazmadı.,- Haber var mı?,opus_opensubtitles_tr
- Hayır.,"Ah, şu lanet savaş!",opus_opensubtitles_tr
Bir şekilde hayatımızı devam ettirmemiz gerekecek.,Bir iş düşündün mü?,opus_opensubtitles_tr
Yarın silah fabrikasında başlıyorum.,Hava saldırısı alarmı!,opus_opensubtitles_tr
Hava saldırısı alarmı!,Metroya koşun.,opus_opensubtitles_tr
Benim bunu bitirmem gerek.,Git eşyanı al.,opus_opensubtitles_tr
- Sırt çantası nerede?,- Çanta...,opus_opensubtitles_tr
Şu tarafta.,Sizsiz gitmeyeceğim.,opus_opensubtitles_tr
Durum kötüleşirse aşağıya kaçarız.,Haydi.,opus_opensubtitles_tr
Metroda dikkatli ol!,"Nasıl da korktu, zavallıcık.",opus_opensubtitles_tr
Ya sen?,"Veronika'nın güvende, senin de yanımda olduğunu bildiğimde o kadar ödleklik etmem.",opus_opensubtitles_tr
Aşağılık katiller!,"Sizden öcümüzü alacağız, bekleyin siz!",opus_opensubtitles_tr
Bana yazmıyor.,Yazmış olmalı.,opus_opensubtitles_tr
Postadan gelmiyordur.,Tehlike geçti!,opus_opensubtitles_tr
Hava saldırısı sona erdi.,Gidelim!,opus_opensubtitles_tr
Şu an işte burada oturuyorum.,Bizimle çalışmaya karar verirsen beni fabrikadan ara.,opus_opensubtitles_tr
- Olur.,- Hoşça kal.,opus_opensubtitles_tr
İn aşağı!,Geri dön!,opus_opensubtitles_tr
Neyin var senin?,Deli misin?,opus_opensubtitles_tr
Üzgünüm.,"Veronika, bundan böyle bizde kalabilirsin.",opus_opensubtitles_tr
Boris'in odasını alabilirsin.,"Mark, Fedya'nın yanına yerleşir.",opus_opensubtitles_tr
Hepsi bu.,"Mark, derin düşüncelere dalmasını önlemek için biraz ilgiye ihtiyacı olacak.",opus_opensubtitles_tr
Irina ile ben hastahanede çok meşgulüz.,"Elimden geleni yaparım, Fedya amca.",opus_opensubtitles_tr
Boris'e söz verdim.,Kabul mü?,opus_opensubtitles_tr
Fabrika mı?,Kuzmin ile görüşebilir miyim?,opus_opensubtitles_tr
O da mı askere alındı?,"Affedersiniz, Boris Borozdin'den haber alan oldu mu?",opus_opensubtitles_tr
Şu lanet savaş olmasaydı bunu Çaykovski Salonu'nda çalıyor olurdum.,Senin için.,opus_opensubtitles_tr
Veronika!,Metroya gidelim.,opus_opensubtitles_tr
- Ben gitmiyorum.,- Saçmalama.,opus_opensubtitles_tr
Haydi.,- Korkuyor musun?,opus_opensubtitles_tr
- Senin için.,Benimle gel.,opus_opensubtitles_tr
Hiçbir şeyden korkmuyorum.,"- Veronika, metroya gidelim!",opus_opensubtitles_tr
"- Hayır, ben gelmiyorum.",- Kes şunu!,opus_opensubtitles_tr
Aklını kaçırmışsın!,"- Gelmiyorum, gelmiyorum!",opus_opensubtitles_tr
Seni seviyorum.,Hayır.,opus_opensubtitles_tr
- Seni seviyorum!,- Hayır!,opus_opensubtitles_tr
Hayır!,Hayır!,opus_opensubtitles_tr
- Seni seviyorum!,- Hayır!,opus_opensubtitles_tr
Hayır!,Hayır!,opus_opensubtitles_tr
- Seni seviyorum!,- Çekil!,opus_opensubtitles_tr
- Seni seviyorum!,- Hayır!,opus_opensubtitles_tr
Hayır!,Hayır!,opus_opensubtitles_tr
Bu şekilde kuşatılmak çok aptalca.,"- Stepan, sızlanmayı bırak.",opus_opensubtitles_tr
- Kim sızlanıyor?,Ben sızlanmıyorum.,opus_opensubtitles_tr
Yüzbaşı bu geceye kadar kurtulabileceğimizi söyledi.,"Evet, öyle diyor.",opus_opensubtitles_tr
Sachkov!,Bu acemiyi nerede buldun?,opus_opensubtitles_tr
Kuvözde.,Bizim takviye gücümüz o.,opus_opensubtitles_tr
Artık cepheyi kesin yararız.,Evli bir askerden bu şekilde mi bahsedilir?,opus_opensubtitles_tr
Okuldaki son senemde evlendim.,Çok fazla eğitimin sonucu.,opus_opensubtitles_tr
Pek komiksin.,Güle oynaya kendini ateşe attın galiba.,opus_opensubtitles_tr
"- Volodya, gerçekten evli misin?",- Etkili olsun diye söyledim.,opus_opensubtitles_tr
- Borozdin!,- Evet?,opus_opensubtitles_tr
Keşif görevine çıkacaksın.,Bu gece cepheyi yarmamız için bize en uygun mevzii bulman gerek.,opus_opensubtitles_tr
- Belgelerini teslim et.,- Emredersiniz.,opus_opensubtitles_tr
"Hey, Sachkov!","Şunu al, olur mu?",opus_opensubtitles_tr
Dinlensek ya.,Bir de sigara yakarız.,opus_opensubtitles_tr
Hep böyle gülüyor mu?,Muhtemelen hepimizin öldüğünü sanıyordur.,opus_opensubtitles_tr
Bir göreyim şu güzeli.,"Hey, askerin kaderi de böyle işte!",opus_opensubtitles_tr
"- Sen buradasın, o ise...",- O ise ne?,opus_opensubtitles_tr
"Hey, bir deneyeyim şu şeyi.","- Şunu tutar mısın, Sachkov?",opus_opensubtitles_tr
- Tabii.,İlk deneme için fena sayılmaz.,opus_opensubtitles_tr
Kesin şunu!,- Utanmıyor musun?,opus_opensubtitles_tr
"- Hayır, efendim.",- Beş gün tutuklusun!,opus_opensubtitles_tr
- Baş üstüne.,- İkiniz de keşfe çıkıyorsunuz.,opus_opensubtitles_tr
- Neden?,Belgelerini teslim et!,opus_opensubtitles_tr
"Boris, al.",Onun yüzünden mi?,opus_opensubtitles_tr
- Kabul etmeliyim ki buna değermiş.,- Elbette değer!,opus_opensubtitles_tr
Ancak disiplini korumalıyız!,Duydunuz mu?,opus_opensubtitles_tr
Disiplin...,"Stepan, bu sende kalsın.",opus_opensubtitles_tr
"Dikkatli ol, sakın kaybetme.",Biz...,opus_opensubtitles_tr
"Biz evleneceğiz, Fedya amca.","Ah, unuttum.",opus_opensubtitles_tr
Biraz sosis kalmıştı.,- Başını aşağıda tut!,opus_opensubtitles_tr
- Emir yağdırıp durma!,Karşıdakiler durumu çakmadan buradan kaybolalım.,opus_opensubtitles_tr
- Korkuyorsan kaç.,"- Haydi oradan, budala!",opus_opensubtitles_tr
Hey!,Müzisyen!,opus_opensubtitles_tr
Sağır mısın?,Ne diye takıldım ki ona?,opus_opensubtitles_tr
Neyin var?,Beni duyabiliyor musun?,opus_opensubtitles_tr
- Devam et.,Ben biraz dinlenmek istiyorum.,opus_opensubtitles_tr
- Yaralandın mı?,Bana tutun.,opus_opensubtitles_tr
- Beni rahat bırak.,"- Sana diyorum, kalk!",opus_opensubtitles_tr
"Tutun şimdi, sıkı tut.",Böyle olmuyor.,opus_opensubtitles_tr
Seni taşımam gerekecek.,"Haydi, beni burada bırak.",opus_opensubtitles_tr
Sana yumruk attım diye hala kızgın mısın?,"- Sadece şanslıydın, yoksa...",opus_opensubtitles_tr
"- Sus, sonra konuşuruz.",İşte böyle...,opus_opensubtitles_tr
İyi misin?,"Dayan, dostum.",opus_opensubtitles_tr
Ormanlığa az bir yol kaldı.,Orada güvende olacağız.,opus_opensubtitles_tr
Nefesim kesildi.,Biraz dinlenelim.,opus_opensubtitles_tr
Burası biraz daha sessiz.,Nasılsın?,opus_opensubtitles_tr
Nefes almak çok zor.,"Dayan, daha seni evlendirmemiz gerekecek.",opus_opensubtitles_tr
"Hey, arkadaş!",Neyin var?,opus_opensubtitles_tr
Ne oldu?,"Affet beni, dostum, affet beni...",opus_opensubtitles_tr
Benim hatam...,Affet beni...,opus_opensubtitles_tr
Dostum...,Biri yardım etsin!,opus_opensubtitles_tr
Yardım edin!,"Beni duyabiliyor musun, Boris?",opus_opensubtitles_tr
Vuruldun mu?,"Vuruldun mu, Boris?",opus_opensubtitles_tr
"Yok bir şey, ben sadece...",Sovyet İstihbarat Servisinin bildirdiğine göre geçen 24 saat içerisinde cephede önemli bir değişiklik yaşanmadı.,opus_opensubtitles_tr
Haber yoksa merak etme iyidir.,326. atölyeden tahliye edilen aileler Vosstaniya Caddesi'ne yerleştirilecektir.,opus_opensubtitles_tr
"Yoldaşlar, buraya rapor verin lütfen.","- Irina, yaralılar için yardımın lazım.",opus_opensubtitles_tr
- Bir emir eri bulayım.,Herkes insin!,opus_opensubtitles_tr
Sibirya!,Daha uzağa kaçamayız.,opus_opensubtitles_tr
Zavallı Rusya Ana!,"Lütfen, dikkat!",opus_opensubtitles_tr
Askeri Hastahane Başhekimi Yoldaş Borozdin lütfen derhal askeri komutana rapor veriniz.,Belki nihayet burada huzur buluruz.,opus_opensubtitles_tr
"Odun getiriyorum, yol verin.",Ocağın tütüyor.,opus_opensubtitles_tr
Özür dilerim.,Hayallerini savaştan sonraya sakla.,opus_opensubtitles_tr
Nereye gidiyorsun?,Hastahaneye.,opus_opensubtitles_tr
Nöbetim var.,"Kuruntu içinde, bir hayalet gibi ortalıkta geziniyor.",opus_opensubtitles_tr
Mektup bekliyor zavallıcık.,Kimden?,opus_opensubtitles_tr
Onun kocası bizimkiler gibi cephede değil.,Onun mektup filan beklediği yok.,opus_opensubtitles_tr
- Okulda ikinci vardiya mı senin?,- Evet.,opus_opensubtitles_tr
Gemiler gibi gökyüzünde süzülüyor turnalar...,Şu budala mısraları aklımdan atamıyorum.,opus_opensubtitles_tr
İşte geldi!,- Kim?,opus_opensubtitles_tr
- Postacı.,Elliye kadar sayabilirsem bana bir mektup gelecek.,opus_opensubtitles_tr
"- Bir, iki, üç, dört...","- Kes şunu, Veronika.",opus_opensubtitles_tr
"...sekiz, dokuz, on, on bir, on iki, on üç, on dört...","- On beş, on altı...",opus_opensubtitles_tr
"- Veronika, delilik bu.","- On dokuz, yirmi...",opus_opensubtitles_tr
- Kes şunu!,"Kırk yedi, kırk sekiz...",opus_opensubtitles_tr
- Günaydın.,- Günaydın.,opus_opensubtitles_tr
"Üzgünüm, sana bir şey yok.",Al bakalım.,opus_opensubtitles_tr
- Lebedeva?,- Benim.,opus_opensubtitles_tr
- Paliukaitis?,- Hiçbir şey yok.,opus_opensubtitles_tr
En büyüğümden.,Ukrayna Cephesi'nden.,opus_opensubtitles_tr
Boris'i tanımazdım.,"Ama herkes ne kadar iyi, yetenekli bir çocuktu diyor.",opus_opensubtitles_tr
"""Çocuktu""?",Savaşta kayıp olanlar listesinde yer alması öldü anlamına gelmez.,opus_opensubtitles_tr
Elbette değil.,Düzgün biçimde ifade edemedim.,opus_opensubtitles_tr
"- Sorun ne, Veronika?","- Ölüyorum, Anna Mikhajlovna.",opus_opensubtitles_tr
"Yapma ama, Veronika.",Zavallı yavrucak.,opus_opensubtitles_tr
Her şeyi kaybettim.,"Önünde koca bir hayatın var, Veronika.",opus_opensubtitles_tr
İstemiyorum!,Neye faydası var?,opus_opensubtitles_tr
Geçmişi unutmak zorundasın.,Unutmak insanın doğasında var.,opus_opensubtitles_tr
Unutmak istemiyorum.,Buna ihtiyacım yok.,opus_opensubtitles_tr
İyi ama hataların yüzünden kendine azap çektirmeye devam edemezsin.,Etmeliyim.,opus_opensubtitles_tr
Ömrüm boyunca.,Tarih dersi veriyorsun.,opus_opensubtitles_tr
Akıllı bir kadınsın.,Hayatın anlamı nedir bana söylesene.,opus_opensubtitles_tr
Hayatın anlamı mı?,Belki de anlamı...,opus_opensubtitles_tr
- Tyernov gelmedi mi daha?,- Hayır.,opus_opensubtitles_tr
Karnım gerçekten zil çalıyor.,"Gelince Tyernov'a iyi davranmaya çalış, lütfen.",opus_opensubtitles_tr
Beni sinir ediyor.,"Tamamen aynı düşüncedeyim, ama ne de olsa o benim patronum.",opus_opensubtitles_tr
Bu ona yalakalık yapman için sana gerekçe mi sağlıyor?,"Lütfen, Veronika, böyle devam edemez.",opus_opensubtitles_tr
"Hep çok sinirlisin, hep kusur buluyorsun.","Söyle bana, seni nasıl mutlu edebilirim?",opus_opensubtitles_tr
Gözüme gözükme yeter.,"Girin, açık.",opus_opensubtitles_tr
Girin!,"Mark, rahatsızlık verişimi mazur gör.",opus_opensubtitles_tr
Ne demek!,Bir zevktir.,opus_opensubtitles_tr
"Verin, bunu alayım.",Gazeteyi gördün mü?,opus_opensubtitles_tr
Almanlar Kafkaslar'ın içlerine doğru ilerlemiş.,"Evet, çok korkunç.",opus_opensubtitles_tr
Ama daha onlara kim olduğumuzu göstereceğiz!,Lütfen rahatınıza bakın.,opus_opensubtitles_tr
Burası sıcaktır.,Kaldığınız yer hoş ve rahatmış.,opus_opensubtitles_tr
"Karımla çocuklarım Taşkent'te, o yüzden adeta evsiz sayılırım.","- İyi günler, Veronika.",opus_opensubtitles_tr
- Merhaba.,"- Nereye gidiyorsun, sevgilim?",opus_opensubtitles_tr
- Hastahaneye.,Nöbetçiyim.,opus_opensubtitles_tr
İyi giyin.,Hava çok soğuk.,opus_opensubtitles_tr
Karına hayranım.,O kadar açık yürekli ki...,opus_opensubtitles_tr
Seninle çok mutlu olmalı.,- Seni filarmoni salonunda arıyordum.,opus_opensubtitles_tr
- Konser mi vardı?,Hayır.,opus_opensubtitles_tr
Ama bu gece doğum günü partisine gidecek misin?,Olabilir.,opus_opensubtitles_tr
- Ona ne veriyorsun?,- Ne verebilirim ki?,opus_opensubtitles_tr
Savaş!,"Evet, evet.",opus_opensubtitles_tr
"Savaş, savaş.","Muhteşem bir şey değil elbette, ama ucuna ucuz bir süs eşyası bağla Antonia da buna bayılsın.",opus_opensubtitles_tr
Şahane!,Borcum ne?,opus_opensubtitles_tr
"- Hiç önemli değil, unut gitsin.",- Çok teşekkür ederim.,opus_opensubtitles_tr
"Mark, bana bir iyilik yapabilir misin?",- Yukarıda kimse var mı?,opus_opensubtitles_tr
- Hayır.,Fyodor Ivanovich'ten bana biraz ilaç getirebilir misin?,opus_opensubtitles_tr
"Güzel iş, Irina.",Paçayı kurtaracak.,opus_opensubtitles_tr
Umarım.,Kurtarmaması epey kötü olurdu.,opus_opensubtitles_tr
"Irina, bir erkek olmalıymışsın!",Kız olmaktan şikayetçi değilim.,opus_opensubtitles_tr
Veronika!,Burada bu kadar erken ne işin var?,opus_opensubtitles_tr
Saat ileri gitmiş.,Zavallı kız...,opus_opensubtitles_tr
Boris'e yaptıkları için onu affedemiyorum.,Yeni hastalar yine!,opus_opensubtitles_tr
Onlara başka odam olmadığını söyledim.,"Ben hastahane idare ediyorum, balık ambarı değil!",opus_opensubtitles_tr
- Bunlar Kalach'tan mı?,- Stalingrad'tan.,opus_opensubtitles_tr
"Bazıları ön cepheden, ötekileri hastahanelerden.",Bize burada da yer yok.,opus_opensubtitles_tr
"Merak etme, oda bulurlar.",80 kişi kabul edeceğim.,opus_opensubtitles_tr
Geri kalanlarının diğer hastahanelere gitmesi gerekecek.,Bir bakalım...,opus_opensubtitles_tr
"Lütfen şu kişilere iyi dileklerimi iletin, Sergey Fyodor, Vassily, Maria Hala Agraphyona, Catherine, Barbara Nikolai, Catherine...",- Catherine demiştin zaten.,opus_opensubtitles_tr
- Bu öbür Catherine.,- Açıklamak istemez misin?,opus_opensubtitles_tr
- Onlar anlar.,"Sonra, Zinaida, Antonina, Kuzma...",opus_opensubtitles_tr
Hemşire!,"- Ne istiyorsun, Vorobyov?",opus_opensubtitles_tr
- Boşver.,Hemşire!,opus_opensubtitles_tr
- Lazımlık istiyor.,- Ben vereyim.,opus_opensubtitles_tr
Teşekkürler.,Çok güzel müzik!,opus_opensubtitles_tr
Sesini biraz açar mısın lütfen?,Kapatın şu müziğinizi!,opus_opensubtitles_tr
Kısın sesini!,Duyuyor musunuz?,opus_opensubtitles_tr
O bağıran kimdi?,- Kimdi o?,opus_opensubtitles_tr
"- Bendim, ne olmuş?",Bendim.,opus_opensubtitles_tr
"- Zakharov, sorun ne?",- Beni yalnız bırak!,opus_opensubtitles_tr
Çılgına döndü.,Bu sabah evden kötü haber aldı.,opus_opensubtitles_tr
"Sevgilisi onun bir arkadaşıyla evlenmiş, kaltak.",Ağzına tek lokma koymadı.,opus_opensubtitles_tr
"Bir icabına bakmaya çalışın, Hemşire.","Şu kadınlar faşistlerden beter, doğrudan kalbi hedef alıyorlar.",opus_opensubtitles_tr
Yemek yemeye gayret etmelisin.,İyileşmenin tek yolu bu.,opus_opensubtitles_tr
Ben iyileşmek istemiyorum!,Gebermek istiyorum!,opus_opensubtitles_tr
Doktoru çağırın.,Sakin ol.,opus_opensubtitles_tr
Sakin ol.,"Lütfen, sakin ol.",opus_opensubtitles_tr
Bir kadın yüzünden...,Amma da budalaymış!,opus_opensubtitles_tr
Doktoru çağırın!,Hemen doktoru çağırın!,opus_opensubtitles_tr
Kesin şu bağrışmayı!,Tavuk sürüsü gibi gıdaklıyorsunuz!,opus_opensubtitles_tr
Bizi şimdi nereye götürecekler?,Bu koca dünyada birsürü hastahane var.,opus_opensubtitles_tr
"Çocuklar, başhekim geliyor!",Pislikler!,opus_opensubtitles_tr
Sessiz olun!,Sen Kızıl Ordu'da bir askersin!,opus_opensubtitles_tr
Görevden kaçmak mı istiyorsun?,Seni tedavi edersek orduya dönebilirsin diye mi korkuyorsun?,opus_opensubtitles_tr
İnsaflı davranmıyorsunuz.,Evden kötü bir mektup aldı.,opus_opensubtitles_tr
Biliyorum.,Bu sadece bir mazeret.,opus_opensubtitles_tr
Ne var yani sevgilisi onu terk etmişse?,Kurtulduğu iyi olmuş!,opus_opensubtitles_tr
"Aciz bir asker kaçağı yüzünden böyle yakışıklı bir askeri, gerçek bir kahramanı bırakıp gittiyse o kadın beş para etmez!",Doğru!,opus_opensubtitles_tr
Mutluluğunu elinden kaçıran asıl ta kendisi!,Başına her ne gelirse de ona haktır!,opus_opensubtitles_tr
Ne adi bir kişilik!,Böyle bir kadın katlandığın ıstırabı anlayabilir mi?,opus_opensubtitles_tr
Öldürmek onun gibiler için iyilik olur.,Sen en güç çileye göğüs gerdin.,opus_opensubtitles_tr
"Ölümle yüz yüze geldin, nefesini bizzat ensende hissettin.",O ise çok geçmeden zamana yenik düştü.,opus_opensubtitles_tr
"Böyle kadınlar için, hiçbir onurlu erkek tiksintiden başka bir şey duyamaz!",Böylesi yaratıklar için af yoktur!,opus_opensubtitles_tr
Yaralarını sarın!,"Sima Hemşire, ona taze yulaf lapası ile biraz sıcak çay getirin.",opus_opensubtitles_tr
Uslu dur şimdi.,Veronika...,opus_opensubtitles_tr
Ne biçim annesin sen öyle?,Çocuğuna göz kulak olsana!,opus_opensubtitles_tr
Bir de ben sorumlu tutulacağım!,"Ayakta uyuyorsun, seni budala!",opus_opensubtitles_tr
- Kimsin sen?,- Annemin çocuğu.,opus_opensubtitles_tr
- Nerelisin?,- Voroshilovgrad.,opus_opensubtitles_tr
- Kaç yaşındasın?,"- Üç yıl, üç aylık.",opus_opensubtitles_tr
- Adın ne?,- Boris.,opus_opensubtitles_tr
- Ne?,- Boris.,opus_opensubtitles_tr
- Bu süslü kılık kıyafet de nesi?,- Hastahanede konser var.,opus_opensubtitles_tr
- Mantıklı bir hikaye!,"- Tamam, tamam.",opus_opensubtitles_tr
- Mark burada mı?,- Şu ana kadar evet.,opus_opensubtitles_tr
Bunu senin için saklıyordum.,"Çok teşekkür ederim, Anna Mikhajlovna.",opus_opensubtitles_tr
Tanıdığımız küçük bir çocuk için.,Bugün doğum günü.,opus_opensubtitles_tr
"Keşke herkes senin kadar düşünceli olsaydı, Mark.",Bu tip açık yaranın semptomatolojisi öncelikle düğüm yapısındaki değişimlere bağlıdır...,opus_opensubtitles_tr
"- İlgi çekici, ama beni aşar.",- Niye ki?,opus_opensubtitles_tr
Sahiden epey kolaydır.,Klinik pratisyenine göre kolay anlaşılır değillerdir ancak birçok durumda etioloji...,opus_opensubtitles_tr
- Bu da nedir?,- Ne biçim bir oyun bu?,opus_opensubtitles_tr
Ne demek oyun?,Çocukcağız anne babasını kaybetmiş.,opus_opensubtitles_tr
Annemi istiyorum!,Onu Kimsesizler Yurduna götürmeliydin.,opus_opensubtitles_tr
O yurda sen kendin git!,- Kaba çocuk!,opus_opensubtitles_tr
"- Ben değilim, sensin kaba!",Ağlama artık.,opus_opensubtitles_tr
Voroshilovgrad'ta anneni bulmaya gideceğiz.,"Yok, yok, sus.",opus_opensubtitles_tr
"- Bebecik, annesini istiyor.","- Bak, bir keçi geliyor.",opus_opensubtitles_tr
Tıkırdatma.,Kulaklarımı acıtıyorsun.,opus_opensubtitles_tr
"Al, kapakla oyna.",İstemiyor musun?,opus_opensubtitles_tr
Aman Tanrım.,İşte sana bir çörek.,opus_opensubtitles_tr
Sustur şunu!,Beni deli ediyor.,opus_opensubtitles_tr
Oynayacağı birkaç oyuncağımız olsaydı...,"Irina, onu biraz alsana.",opus_opensubtitles_tr
Başka?,"Ağlamayı kes, olur mu?",opus_opensubtitles_tr
Ver onu bana.,"Haydi, küçüğüm, küçük Boris'im.",opus_opensubtitles_tr
Seni soyup yatıracağım...,- Sincabımı gören oldu mu?,opus_opensubtitles_tr
"- Evet, onu Mark aldı.",- Mark mı?,opus_opensubtitles_tr
Neden?,- Onu bir çocuğa veriyormuş.,opus_opensubtitles_tr
Sincabımı bir çocuğa mı?,- Mark nerede?,opus_opensubtitles_tr
- Bilmiyorum.,- Mark nerede?,opus_opensubtitles_tr
- Bilmiyorum.,Benden bir şey saklıyorsun.,opus_opensubtitles_tr
"Nerede olduğunu biliyorsun, değil mi?",Nerede o?,opus_opensubtitles_tr
Muhtemelen Antonina'nın partisine gitmiştir.,- Hangi Antonina?,opus_opensubtitles_tr
- Neden Mark'a sormuyorsun?,- Kim olduğunu söyle!,opus_opensubtitles_tr
- Bana emir verme.,Mark ara sıra onu ziyaret eder.,opus_opensubtitles_tr
Anladın mı?,- Bana nispet olsun diye böyle diyorsun.,opus_opensubtitles_tr
- Bunu neden isteyeyim ki?,"Çünkü evliyim, sevenim var, sense hala bir kız kurususun!",opus_opensubtitles_tr
"Veronika, kes şunu!",Antonina bakkalın yanında bitişikteki küçük evde oturuyor.,opus_opensubtitles_tr
Oraya git de kendi gözlerinle şahit ol.,Sakinleş.,opus_opensubtitles_tr
Sakinleş.,Bir şeyler yapmalıyım.,opus_opensubtitles_tr
Bir şeyler yapmalıyım.,Mark eve gelince onunla konuşman gerekecek.,opus_opensubtitles_tr
Ama şimdi beklemelisin.,"Tabii, beklemeliyim...",opus_opensubtitles_tr
Sürekli tek yaptığım bu zaten.,Artık yeter!,opus_opensubtitles_tr
Dudaklarımız kıpırdamaz olsun.,Sözler boşuna.,opus_opensubtitles_tr
Arada bir yalan söylerler kazara.,"Sadece de gözlerimiz cesaret edemez riyaya,",opus_opensubtitles_tr
Ayrılık bakışları doğrudur daima.,"Gözlerim mahzun ve donuk şimdi,",opus_opensubtitles_tr
Sanki bir mum söndürülmüş gibi...,Leningrad'ta partilerimden sonra şehrin bir ucundan ötekine gezintiye çıkardık.,opus_opensubtitles_tr
Bir gezinti ayarla.,"Devam eden bir savaş var, Antonina.",opus_opensubtitles_tr
"Arabalar ağırlıklarınca altın değerinde, benzinse illa karneyle dağıtılıyor.",Herhangi bir çeşit araba bul!,opus_opensubtitles_tr
Sana yalvarırım!,"İtfaiye aracı, ambulans, kamyon...",opus_opensubtitles_tr
Ne olursa!,Çaresizliğin içinde umutlarıma tutunayım!,opus_opensubtitles_tr
Sırf ikimiz mi?,Her şeyi geride bırakırcasına mı?,opus_opensubtitles_tr
Bakayım elimden neler gelir.,Seni seviyorum!,opus_opensubtitles_tr
"Affedersiniz, dans etmiyorum.",Her şeyi denediğimi sanıyordum ama altın kestanelerin tadına hiç bakmamıştım.,opus_opensubtitles_tr
"Bak, bir not!",- Benim için bir doğum günü notu bu.,opus_opensubtitles_tr
- Tebrik ederim!,Sincap nerede?,opus_opensubtitles_tr
Sincabım nerede?,"Bak, aklına bir şey gelmesin...",opus_opensubtitles_tr
Burada Boris isimli birinden bir not var.,"Bir tanem, mutlu yıllar...",opus_opensubtitles_tr
Bu günde doğmuşsun.,Senden ayrılmak çok zor.,opus_opensubtitles_tr
Ama elden bir şey gelmez.,Savaş var!,opus_opensubtitles_tr
Gitmeye mecburum.,Ölüm sinsice yurdumuza sokulurken rahatımıza bakarak eskisi gibi yaşamımızı sürdüremeyiz.,opus_opensubtitles_tr
Bir gün mutlu olacağız.,"Seni seviyorum, sana güveniyorum.",opus_opensubtitles_tr
Senin Boris'in.,Neden o kadar telaşa kapıldın?,opus_opensubtitles_tr
Eve git.,Hemen döneceğim.,opus_opensubtitles_tr
Neden?,- Paltonu çıkar.,opus_opensubtitles_tr
- Teşekkür ederim.,"Biliyorsun, filarmoniye ait arabalar bu gece kullanılıyor bana ise bir araba lazım.",opus_opensubtitles_tr
"Sen başcerrahsın, benden bu ufacık iyiliği esirgemezsin.",Ulaştırma bizim en ciddi sorunumuz.,opus_opensubtitles_tr
"Benim için de zordu, ama elimden geleni yaptım.",Elimden geleni yaptım.,opus_opensubtitles_tr
Benden istedin diye çok zahmete girdim...,- Senden ne istedim?,opus_opensubtitles_tr
- Muafiyet.,Süresi artık dolmak üzere hem bu sefer alabilmek neredeyse imkansız olacak.,opus_opensubtitles_tr
- Ne demek muafiyet?,- Mark için olan muafiyet.,opus_opensubtitles_tr
Bütün meseleyi ihtiyatla idare ettiğimden emin olabilirsin.,Mark sana haber vermeden bunu yapabilir miydi?,opus_opensubtitles_tr
Senin adından bana para bile önerdi.,Üzgünüm.,opus_opensubtitles_tr
"Burada olduğuna sevindim, Fedya amca.",Onunla konuşmanı istiyorum.,opus_opensubtitles_tr
"Davet edilmeden içeri dalıverdi, kavga çıkardı.",Kapıyı kapa.,opus_opensubtitles_tr
Oğlunu askere yolcu etmek herkesin hoşuna mı gidiyor zannediyorsun?,Nasıl yani?,opus_opensubtitles_tr
"Yoksa senin önemsiz keyfin ve mutluluğun için başkalarının kollarını, bacaklarını gözlerini, çenelerini, hatta hayatlarını kaybetmeleri gerektiğini mi zannediyorsun?",Ve kimseye de borçlu değil misin?,opus_opensubtitles_tr
"Bana muafiyet tanındığını biliyorsun, Fedya amca.",Bu muafiyeti nasıl elde ettiğini bize anlatsana.,opus_opensubtitles_tr
"Veronika, ne yapıyorsun?",Sorun değil.,opus_opensubtitles_tr
Bir oda tutacağım.,Çocuğu da alıyorum.,opus_opensubtitles_tr
Belki başka biri oda tutsa daha iyi olur?,Memnuniyetle.,opus_opensubtitles_tr
Uzun zamandır bunu istiyordum.,Keşke en başta beni kovsaydınız.,opus_opensubtitles_tr
Çok eziyet çektin.,Sadece daha beterini yapmış biri seni ayıplayabilirdi.,opus_opensubtitles_tr
Bizimle kal.,Yapamam.,opus_opensubtitles_tr
Başka birisinin arkasına saklanamam.,İstemem.,opus_opensubtitles_tr
Tekrar düşün.,Tekrar düşün.,opus_opensubtitles_tr
"Baksana, Borozdin ailesini nerede bulabilirim?",- Sen hangi Borozdin'i arıyorsun?,opus_opensubtitles_tr
- Fyodor Ivanovich.,- Fyodor Ivanovich mi?,opus_opensubtitles_tr
- Evet.,Fyodor Ivanovich şu an burada değil.,opus_opensubtitles_tr
Boris mi yolladı?,"Hayır, kendim geldim.",opus_opensubtitles_tr
Fyodor Ivanovich ile görüşmem gerek.,- Oturmaz mısın?,opus_opensubtitles_tr
- Sağ ol.,Fyodor Ivanovich'in birazdan gelmesi lazım.,opus_opensubtitles_tr
- Dışarı çıkabilir miyim?,- Tabii.,opus_opensubtitles_tr
- Senin mi?,"- Evet, benim.",opus_opensubtitles_tr
Sana benziyor.,Borozdin'lerin akrabası mısın?,opus_opensubtitles_tr
Pek sayılmaz.,Elimden gelebilecek tüm çatışmaya girdim.,opus_opensubtitles_tr
Eve mi gidiyorsun?,Daha değil.,opus_opensubtitles_tr
Leningrad hala kuşatma altında.,"- Evet, çok zor durumdayım.",opus_opensubtitles_tr
- Neden?,Sen aileden olmadığın için sanırım sana söylemenin zararı yok.,opus_opensubtitles_tr
Ama bir erkeğe oğlunun öldüğünü nasıl söylersin?,- Nerede oldu bu?,opus_opensubtitles_tr
- Smolensk yakınlarında.,Ne çalmamı istersin?,opus_opensubtitles_tr
Fark etmez.,"Söylesene, gömüldüğünü gördün mü?",opus_opensubtitles_tr
Hayır.,Ben bir sedyeye konulup hastahaneye götürüldüm o ise Stepan diye bir arkadaşıyla beraberdi.,opus_opensubtitles_tr
Stepan...,Şimdi onun kızı bulmam gerekiyor.,opus_opensubtitles_tr
Ona gerçekten aşıktı.,Kız benim.,opus_opensubtitles_tr
"Moskova'dayken bizi görmeye gel, Volodya.",Teşekkür ederim.,opus_opensubtitles_tr
Gelirim.,Savaş sona erdi.,opus_opensubtitles_tr
"Çok tuhaf, değil mi?",Hala da bekliyor musun?,opus_opensubtitles_tr
Evet.,Bir kimse ümitlerini daima canlı tutmalı.,opus_opensubtitles_tr
Beklemenin ne yararı var?,Kendi gözlerimle gördüm.,opus_opensubtitles_tr
Ne gördün?,Yaralandığını mı gördün?,opus_opensubtitles_tr
Düştüğünü mü gördün?,Öldüğünü görmedin ki.,opus_opensubtitles_tr
Öyle ama eğer hayattaysa neden sana yazmadı?,Her şey olabilir.,opus_opensubtitles_tr
Stepan da kimseye yazmadı.,Fabrikada onun bir özel harekatta yer aldığı biliniyor.,opus_opensubtitles_tr
Dasha o döndüğünde beni haberdar edeceğine söz verdi.,Boris hayatta.,opus_opensubtitles_tr
O hayatta.,Bakın!,opus_opensubtitles_tr
Fatihler geliyor!,"Kolia, canım, döndün!",opus_opensubtitles_tr
Boris!,Veronika!,opus_opensubtitles_tr
Stepan!,Çiçekler...,opus_opensubtitles_tr
Senin için.,Ha?,opus_opensubtitles_tr
Ne?,Bak...,opus_opensubtitles_tr
Şey...,Canım!,opus_opensubtitles_tr
"Sevgili anneler, babalar, kardeşler!",Yeniden kavuşmamızın coşkusu sınırları aşıyor.,opus_opensubtitles_tr
Her Sovyet vatandaşının kalbi sevinçle şarkı söylüyor zafer sevinciyle!,Hepimiz bu mutlu anı bekledik.,opus_opensubtitles_tr
Mücadelemizin en güç vakitlerinde bunun hayalini kurduk.,Ama muharebe alanında sessizce yatanları hiç unutmayacağız.,opus_opensubtitles_tr
"Yıllar geçecek, şehirlerimiz yeniden ayağa kalkacak yaralarımız da bir gün sarılabilir.","Kalplerimizde tek bir şey kalsın, savaşın soğuk kini!",opus_opensubtitles_tr
Bugün sevdikleriyle görüşemeyenler adına derin üzüntü duyuyoruz.,Sözümüzü tutacağımıza hepimiz yemin etmeliyiz ki sevgililer savaş yüzünden bir daha hiç ayrılmasın analar çocukları için bir daha korkuya hiç düşmesin cesur babalarımız gözyaşlarını içlerine akıtmasın.,opus_opensubtitles_tr
"Yıkım için değil, yeni bir yaşam kurmak için kazandık ve hayatta kaldık!",Orada öyle durma.,opus_opensubtitles_tr
Çiçekleri kime aitse ver.,"Çok teşekkür ederim, yoldaş.",opus_opensubtitles_tr
Aslanım benim!,Tombul aslanım!,opus_opensubtitles_tr
"Bakın, bakın, Moskova üzerinde turnalar uçuyor!",SON,opus_opensubtitles_tr
Dur.,"Dur, Sincap!",opus_opensubtitles_tr
"Al, giy şunları.",Bak!,opus_opensubtitles_tr
"Gemiler gibi gökyüzünde süzülüyor turnalar,","Uçuyor ak ve kömür renkliler, uzun gagalılar!",opus_opensubtitles_tr
"Bak, bak, bak!",Gördün mü?,opus_opensubtitles_tr
"Sen ve senin şu ""gemi gibi turnalar""ın.",THE CRANES ARE FLYING,opus_opensubtitles_tr
Kimse var mı?,Bekle!,opus_opensubtitles_tr
"Peki, tamam.",Zamanı söyle o halde.,opus_opensubtitles_tr
"Perşembe, rıhtımda.","Yapma, bu çok geç.",opus_opensubtitles_tr
Sincap!,Zamanını söylemedin!,opus_opensubtitles_tr
Sincap!,"Sincap, saat kaçta?",opus_opensubtitles_tr
Perşembe saat kaçta?,"Hayır, hayır, gelemeyebilirim.",opus_opensubtitles_tr
Gelemeyebilirim.,İşte olacağım.,opus_opensubtitles_tr
- Peki.,- Gecikme.,opus_opensubtitles_tr
Sincap!,- Onunla aklını yedi.,opus_opensubtitles_tr
- Oğlan da onunla.,"Aşk bu, hayatım.",opus_opensubtitles_tr
Zararsız bir zihinsel bozukluk.,"Büyükanne, neden uyumuyorsun?",opus_opensubtitles_tr
"Çünkü artık kalkma vakti, Boris!",Şapırdatma!,opus_opensubtitles_tr
Bütün gece dışarılarda sürtüyorsun.,Kıskanıyor musun?,opus_opensubtitles_tr
Yırtmadın ya?,Ceketin iyi durumda.,opus_opensubtitles_tr
Ayıp!,"Öğlen oldu, o ise hala yatakta.",opus_opensubtitles_tr
Çocuk pazarları iyi bir istirahati hak ediyor.,Çok çalışıyor.,opus_opensubtitles_tr
Onun bu işi evlilikle sonuçlanacak.,Asıl o zaman gerçekten kıskanacaksın.,opus_opensubtitles_tr
Irina için diploması her şeyden önce gelir.,"Dikkat et, Fedya amca.",opus_opensubtitles_tr
Sen hala sırf bir tıp doktoruyken o yakında bir ordinaryüs profesör olacak.,Eğer çocuklar anne babalarını geçmezse çocuklar aptal ve anne babaların da aşağı kalır yanı yok demektir.,opus_opensubtitles_tr
"Sağ ol, anne.",Bütün Sovyetler Birliği'nde yayın yapan Radyo Moskova'yı dinliyorsunuz!,opus_opensubtitles_tr
- Ne var böyle?,- Ne oldu acaba?,opus_opensubtitles_tr
Savaşa girdik!,Boris!,opus_opensubtitles_tr
Duyuyor musun?,Savaşa girdik!,opus_opensubtitles_tr
Beni rahat bırak!,Merhaba!,opus_opensubtitles_tr
Boris gece gündüz çalışıyor.,Onu mu bekliyorsun?,opus_opensubtitles_tr
Kimseyi beklemiyorum.,Veronika!,opus_opensubtitles_tr
Savaş zamanında insanın kafası karışık olmamalı.,Kişi normal yaşantısını sürdürmelidir.,opus_opensubtitles_tr
Beni ele al.,İlk senfonimi sana ithaf etmenin düşünü kuruyorum.,opus_opensubtitles_tr
Konsere gelir misin?,Ya Ordu seni askere çağırırsa?,opus_opensubtitles_tr
Ordu mu?,Şüpheliyim.,opus_opensubtitles_tr
Biraz zor.,Neden zormuş?,opus_opensubtitles_tr
En yetenekliler muaf tutulur.,- Sen en yeteneklilerden misin?,opus_opensubtitles_tr
- Ben mi?,Kesinlikle.,opus_opensubtitles_tr
Neden peşime takılıyorsun?,Utanmıyor musun?,opus_opensubtitles_tr
Utanıyorum.,Senden uzak durmaya çalıştım.,opus_opensubtitles_tr
"Biliyorum, Boris benim kuzenim.",Ama kendime hakim olamıyorum!,opus_opensubtitles_tr
Anlıyor musun?,Elimde değil!,opus_opensubtitles_tr
Bekle!,- Bekle!,opus_opensubtitles_tr
- Eve tek başıma gidiyorum.,"Hey, yavaş ol!",opus_opensubtitles_tr
Daha yeni ameliyat geçirdin.,O sırt çantası için formda olsam iyi ederim.,opus_opensubtitles_tr
Senin gibi adamları orduda harcamıyorlar.,Buraya sadece bir muafiyet tanınacak ve onu da içimizden biri alacak.,opus_opensubtitles_tr
Sana tanısalar iyi olur.,Senin bilgi ve tecrüben var.,opus_opensubtitles_tr
Sende de yetenek var.,Skeçlerine sahip çık.,opus_opensubtitles_tr
Karım çantamı çoktan hazırladı bile.,"Aynen dedikleri gibi, süngülerimizi takalım.",opus_opensubtitles_tr
Stepan!,"Hey, Stepan!",opus_opensubtitles_tr
"Çocuklar, yardım edin.",Stepan!,opus_opensubtitles_tr
"Müsaadenle, Sachkov.",- Celp nerede kaldı?,opus_opensubtitles_tr
- Henüz yok.,Artık sabredemiyorum.,opus_opensubtitles_tr
- Boş musun şimdi?,"- Hayır, şu skeçler var.",opus_opensubtitles_tr
- Anladım.,Kendine iyi bak.,opus_opensubtitles_tr
- Tamam.,- Baksana!,opus_opensubtitles_tr
- Evet?,- Ona söyledin mi?,opus_opensubtitles_tr
"- Hayır, daha çok erken.",- Haklısın.,opus_opensubtitles_tr
Yarın görüşürüz.,- Peki.,opus_opensubtitles_tr
- Bırak.,- Bırakmam.,opus_opensubtitles_tr
- Yere düşeceksin.,"- Hayır, düşmem.",opus_opensubtitles_tr
- Raptiyeyi yırtacaksın.,- Battaniye bu.,opus_opensubtitles_tr
Milisleri çağıracağım.,Raptiyeden artık bıkkınlık geldi.,opus_opensubtitles_tr
Ver şu battaniyeyi.,- Bırak.,opus_opensubtitles_tr
Düşeceksin.,"- Hayır, bırakmam.",opus_opensubtitles_tr
"Yapma ama, Sincap, dur.",İzin ver şunu asayım.,opus_opensubtitles_tr
"Sen bugün rıhtıma gelmedin, ama Mark geldi.",- Çok yakışıklı.,opus_opensubtitles_tr
- Ne olmuş?,- Kıskanmıyor musun?,opus_opensubtitles_tr
- Ne?,- Kıskanmıyor musun?,opus_opensubtitles_tr
- Buna vaktim yok.,Mimarlık okuluna gittiğimde benim de pek vaktim olmayacak.,opus_opensubtitles_tr
Giriş sınavlarını asla geçemezsin.,- Geçerim!,opus_opensubtitles_tr
- Şüpheliyim.,"Gemiler gibi gökyüzünde süzülüyor turnalar,",opus_opensubtitles_tr
"Uçuyor ak ve kömür renkliler, uzun gagalılar.",- Şarkımı beğendin mi?,opus_opensubtitles_tr
- Çok anlamlıymış.,"Kurbağalar, vıraklarsınız devamlı, Neden akıl etmediniz başınızı kaldırmayı?",opus_opensubtitles_tr
"Cıvık cıvık çamur içinde zıplayıp durdunuz, İşte bu yüzden silinip süpürüldünüz.","- Pekala, kazandın, kahraman.",opus_opensubtitles_tr
"- Kazandım, kazandım!",Kazandım.,opus_opensubtitles_tr
Pekala.,- Sence askere alınır mısın?,opus_opensubtitles_tr
- Tabii.,- Gönüllü olmayacaksın ya?,opus_opensubtitles_tr
- Olabilirim.,Neden olmasın?,opus_opensubtitles_tr
"Hayır, olmayacaksın!",İzin vermem.,opus_opensubtitles_tr
Muaf tutulacağını biliyorsun.,O yüzden bu kadar büyük konuşuyorsun.,opus_opensubtitles_tr
- Neden öyle düşünüyorsun?,- Akıllı olan herkes muaf tutulur.,opus_opensubtitles_tr
Öyleyse savaşı yapacak kişiler sadece aptallardan oluşur.,Seninle bir daha hiç konuşmak istemiyorum.,opus_opensubtitles_tr
Veronika sana söylemem gereken bir şey var.,Duymak istemiyorum.,opus_opensubtitles_tr
"Ve lütfen, bana Veronika deme.",- Kimim ben?,opus_opensubtitles_tr
Kimim?,- Sincap.,opus_opensubtitles_tr
Dinle...,- Bana yarın ne vereceksin?,opus_opensubtitles_tr
- Sır.,Bana tatlı bir şey verirsen onu yer ve unutur giderim.,opus_opensubtitles_tr
Bana seni hatırlatacak bir şey ver.,Öp beni.,opus_opensubtitles_tr
Seninle birlikteyken hiçbir şeyden korkmuyorum.,Savaştan bile.,opus_opensubtitles_tr
Milislerden korkuyorum ama.,- Veronika...,opus_opensubtitles_tr
- Biliyor musun ne diyeceğim?,- Biliyor musun?,opus_opensubtitles_tr
- Hayır.,Düğünümüz için çok güzel bir beyaz elbise yaptıracağım.,opus_opensubtitles_tr
Büyükanneminki gibi.,Ve bir de duvak...,opus_opensubtitles_tr
Çok uzun ve beyaz.,Ve sen de koyu takım elbiseni giymelisin.,opus_opensubtitles_tr
- Sonra da doğruca...,- Nikah dairesine.,opus_opensubtitles_tr
- Anlaştık mı?,- Anlaştık.,opus_opensubtitles_tr
- Bu raptiyeyi sevdiğimi biliyorsun.,- Ne var onda bu kadar?,opus_opensubtitles_tr
Merhaba!,- Stepan!,opus_opensubtitles_tr
- Veronika!,- İkiniz için de bir ikramım var.,opus_opensubtitles_tr
- Güzel.,- Neymiş?,opus_opensubtitles_tr
- Sır.,- Geldi mi?,opus_opensubtitles_tr
"- Evet, bu sabah.",- Bana neden söylemedin?,opus_opensubtitles_tr
"- Peki, devam et.",Fabrikada neler olduğunu görmeliydin.,opus_opensubtitles_tr
"- Kısa kes, olur mu?",- Kısa keseceğim.,opus_opensubtitles_tr
"Anlatayım, öylesine heyecan vardı ki...",- Bunu boşver.,opus_opensubtitles_tr
- Sizinkiler bana dedi ki...,- Ne zaman teslim oluyoruz?,opus_opensubtitles_tr
- Bugün 5:30'da.,Şu kirazlara bakın!,opus_opensubtitles_tr
Bir sorun mu var?,- Çok güzeller!,opus_opensubtitles_tr
- Ordu emirleri.,- Olamaz!,opus_opensubtitles_tr
Senin için mi?,- Benim için de.,opus_opensubtitles_tr
İkimiz de gönüllü olduk.,Ne zaman?,opus_opensubtitles_tr
- Gönüllü mü oldun?,- Ordu emirleri öyle.,opus_opensubtitles_tr
Bekle!,Biz ne olacağız?,opus_opensubtitles_tr
Stepan...,"Hayır, gitmem gerek.",opus_opensubtitles_tr
Bizimkiler yola çıkıyor...,Hoşça kalın.,opus_opensubtitles_tr
Sincap!,Doğum gününden önce sana söylemek istemedim.,opus_opensubtitles_tr
- Şimdiyse gitmem gerek.,- Elbette.,opus_opensubtitles_tr
Boris!,Sincap!,opus_opensubtitles_tr
Ne oldu?,Ak turnalar uçarken...,opus_opensubtitles_tr
Çok hoşuma gitti.,Bana bir şey olmayacak.,opus_opensubtitles_tr
Duydun mu?,Ondan sonra da birlikte yaşayacağız...,opus_opensubtitles_tr
Yüz sene.,Git.,opus_opensubtitles_tr
Sonra vedalaşırız.,Geç kalma.,opus_opensubtitles_tr
Bir gün sonra gitseydi ne fark ederdi?,Hala Veronika ile birlikteyse iyi cesaret varmış demek.,opus_opensubtitles_tr
- Boris!,Boris!,opus_opensubtitles_tr
- Babam aradı mı?,Çok öfkeliydi.,opus_opensubtitles_tr
Neden kimseye söylemedin?,Böyle sahneler yaşamayalım diye.,opus_opensubtitles_tr
Bu baskıları yarın fabrikaya çevir.,- Onları mühendis Kuzmin'e ver.,opus_opensubtitles_tr
"- Olur, merak etme.",Ne koyuyorsun oraya?,opus_opensubtitles_tr
Ben bir şişe şarap almaya çıkıyorum.,"Büyükanne, bana bir iyilik yap.",opus_opensubtitles_tr
Bekle biraz.,- Seni cepheye mi gönderecekler?,opus_opensubtitles_tr
- Galiba.,"Büyükanne, al.",opus_opensubtitles_tr
Dur.,Yarın kalktığın zaman bunu ona götür.,opus_opensubtitles_tr
- Nedir bu?,- Onun doğum günü hediyesi.,opus_opensubtitles_tr
Ve ona yardım et.,Ne de olsa savaş hali.,opus_opensubtitles_tr
"Lütfen, ona iyi davran.",Peki ya ölürsem?,opus_opensubtitles_tr
Buna hakkın yok özellikle de şimdi saklayacak o kadar çok sırrın varken.,- Farz edelim ki öldüm...,opus_opensubtitles_tr
- Sakın ha!,"Şimdi ses çıkarma, büyükanne.",opus_opensubtitles_tr
Veronika geldi!,"Hayır, Irina'ymış.",opus_opensubtitles_tr
"Şükürler olsun, geldin.",- Boris!,opus_opensubtitles_tr
- Evet?,Gel buraya.,opus_opensubtitles_tr
25 yaşındasın ve bir budala gibi davranıyorsun.,"Neyiz biz, çocuk mu?",opus_opensubtitles_tr
Ne bu?,Saklambaç mı oynuyoruz?,opus_opensubtitles_tr
Canın macera mı istiyor?,Ne biçim bir adamsın?,opus_opensubtitles_tr
Irina ile Mark nerede?,"Irina kahve yapıyor, Mark şarap almaya çıktı.",opus_opensubtitles_tr
"Kahve, şarap...",Ne çeşit bir uğurlama bu?,opus_opensubtitles_tr
Irina!,Ecza dolabından şu şeyi getir.,opus_opensubtitles_tr
"Boris, buraya gelsene.",- Veronika nerede?,opus_opensubtitles_tr
- Gelecek.,- Ama nerede?,opus_opensubtitles_tr
- Meşgul.,Burada olması lazım.,opus_opensubtitles_tr
Nişanlısı ayrılıyor.,Ben onun nişanlısı değilim.,opus_opensubtitles_tr
- Nesin o zaman?,- Sadece arkadaş...,opus_opensubtitles_tr
- Nasıl arkadaş?,Epey şüphe uyandırıcı.,opus_opensubtitles_tr
"- Öyle demek istemedim, baba.",- Ne demek istedin o halde?,opus_opensubtitles_tr
"- Bak, üzerime gelme.",Neden sıkıştırıyorsun çocuğu?,opus_opensubtitles_tr
- İşte alkol.,- Biraz sulandır.,opus_opensubtitles_tr
Ben biraz port şarabı aldım.,Onu kendin iç.,opus_opensubtitles_tr
Biz daha sert bir içki içeceğiz.,"Peki, hepimiz burada mıyız?",opus_opensubtitles_tr
Oturalım.,Veronika geldi.,opus_opensubtitles_tr
"Onu karşılamayacak mısın, arkadaş?",Sonunda!,opus_opensubtitles_tr
Boris evde mi?,Fabrikadan geliyoruz.,opus_opensubtitles_tr
"Lütfen, buyurun.",Ben nişanlısı sanmıştım.,opus_opensubtitles_tr
- Fabrikadan geliyoruz.,- Hediyeleri ne yapalım?,opus_opensubtitles_tr
- Özür dilerim.,Sizinki bu.,opus_opensubtitles_tr
- Peki...,Teşekkür ederim.,opus_opensubtitles_tr
Fabrika Komitesi adına...,"Yoldaş Boris, kanının son damlasına kadar savaşmalısın.",opus_opensubtitles_tr
"Melun faşistleri bozguna uğratın bizler de fabrikada kotamızı doldurur, hatta aşarız.",Bunların hepsini önceden duyduk.,opus_opensubtitles_tr
İyisi mi bize katılıp oğlum Boris'in şerefine kadeh kaldırın.,Zannediyorum ki bu dünyadaki yaşantılarımız henüz olmasını istediğimiz gibi değil.,opus_opensubtitles_tr
"Şimdi savaşa gidiyorsun, Boris...",- İçelim.,opus_opensubtitles_tr
- Sana.,"Büyükanneme, büyükanneme!",opus_opensubtitles_tr
Geçen gece ağabeyimi uğurladık.,Annem ağlıyordu...,opus_opensubtitles_tr
- Ya sen?,- Ben de.,opus_opensubtitles_tr
"- Kimin adına, komitenin mi?",- Onu düşünmüyordum.,opus_opensubtitles_tr
"Bizim ailede uğurlayacak kimse yok, bizde üç kız, bir de annem var.",Bir bakıma utanç verici...,opus_opensubtitles_tr
Kendimi dışlanmış hissediyorum.,"Evet, döndükleri zaman da bizi gerçekten kıskanacaksın.",opus_opensubtitles_tr
"Kötü tarafıysa, hepsinin geri dönecek olmaması.","Dönmeyenler adına, isimleri altınla işlenmiş görkemli bir anıt.",opus_opensubtitles_tr
"Irina, orada öyle oturma.",Bardakları doldur.,opus_opensubtitles_tr
"Geride kalanlar, kotayı doldurun, hatta aşın!","Büyükanne, sakın unutma.",opus_opensubtitles_tr
"Mark, babamla kal.",Kendini toparlar.,opus_opensubtitles_tr
Seni geçireyim.,Geriye dön!,opus_opensubtitles_tr
"Bölük, ileri marş!","Al şunu, büyükanne.",opus_opensubtitles_tr
- Boris!,- Anne!,opus_opensubtitles_tr
- Onu bir daha göremeyeceğim.,"- Özür dilerim, anne.",opus_opensubtitles_tr
İç.,Kendine gelirsin.,opus_opensubtitles_tr
- Nereye gidiyorsun?,- Hastahaneye.,opus_opensubtitles_tr
Ama şu anda nöbette değilsin ki.,"Varvara Kapitonovna, Boris'i görmem gerek...",opus_opensubtitles_tr
Gitti.,- Gitti mi?,opus_opensubtitles_tr
Nereye?,- Orduya teslim olmaya.,opus_opensubtitles_tr
- Olamaz!,- İçeri gel.,opus_opensubtitles_tr
- Nerede teslim olacaktı?,- Bilmiyorum.,opus_opensubtitles_tr
Bu ne?,Boris'ten.,opus_opensubtitles_tr
Doğum günün için.,İçinde bir not varmış.,opus_opensubtitles_tr
- Not nerede?,- Neden?,opus_opensubtitles_tr
Orada değil mi?,Değil.,opus_opensubtitles_tr
Belki de düştü?,Belki acelede unuttu.,opus_opensubtitles_tr
- Unuttu mu?,- Sana mektup yazar.,opus_opensubtitles_tr
Neredeydin?,- Boris nereye gitti?,opus_opensubtitles_tr
- Parkın yanındaki okul bahçesine.,"Sakinleş, gelecek.",opus_opensubtitles_tr
Bu kalabalığın içinde birini bulmak büyük mesele.,Ne yapıyorsun?,opus_opensubtitles_tr
Bana mektup yaz.,Her gün yaz.,opus_opensubtitles_tr
Sana karnabaharı göndermeni söylememiş miydim?,"Yükseklerde bir uçak, Çatıların üzerinde vızıldıyor.",opus_opensubtitles_tr
Bulutların arasından Sevgilim aşkını gönderiyor.,Eskiden oydu kapıma kadar beni geçiren.,opus_opensubtitles_tr
Şimdi durum epey değişti;,Benim onu uğurlayacak olan!,opus_opensubtitles_tr
Ordu posta numaranı yazmayı unutma.,"- Neşelen, sivri burun!",opus_opensubtitles_tr
- Sen dönene kadar bekleyeceğiz.,"Hoşça kal, Boris!",opus_opensubtitles_tr
Kendine iyi bak!,Sıraya gir!,opus_opensubtitles_tr
Gelecek.,Boris!,opus_opensubtitles_tr
Boris!,Hizaya gir!,opus_opensubtitles_tr
Dikkat!,İleri marş!,opus_opensubtitles_tr
Boris!,İşte benim küçük kız!,opus_opensubtitles_tr
Boris!,Boris!,opus_opensubtitles_tr
Büyükanne...,Yok mu?,opus_opensubtitles_tr
Bana da yazmadı.,- Haber var mı?,opus_opensubtitles_tr
- Hayır.,"Ah, şu lanet savaş!",opus_opensubtitles_tr
Bir şekilde hayatımızı devam ettirmemiz gerekecek.,Bir iş düşündün mü?,opus_opensubtitles_tr
Yarın silah fabrikasında başlıyorum.,Hava saldırısı alarmı!,opus_opensubtitles_tr
Hava saldırısı alarmı!,Metroya koşun.,opus_opensubtitles_tr
Benim bunu bitirmem gerek.,Git eşyanı al.,opus_opensubtitles_tr
- Sırt çantası nerede?,- Çanta...,opus_opensubtitles_tr
Şu tarafta.,Sizsiz gitmeyeceğim.,opus_opensubtitles_tr
Durum kötüleşirse aşağıya kaçarız.,Haydi.,opus_opensubtitles_tr
Metroda dikkatli ol!,"Nasıl da korktu, zavallıcık.",opus_opensubtitles_tr
Ya sen?,"Veronika'nın güvende, senin de yanımda olduğunu bildiğimde o kadar ödleklik etmem.",opus_opensubtitles_tr
Aşağılık katiller!,"Sizden öcümüzü alacağız, bekleyin siz!",opus_opensubtitles_tr
Bana yazmıyor.,Yazmış olmalı.,opus_opensubtitles_tr
Postadan gelmiyordur.,Tehlike geçti!,opus_opensubtitles_tr
Hava saldırısı sona erdi.,Gidelim!,opus_opensubtitles_tr
Şu an işte burada oturuyorum.,Bizimle çalışmaya karar verirsen beni fabrikadan ara.,opus_opensubtitles_tr
- Olur.,- Hoşça kal.,opus_opensubtitles_tr
İn aşağı!,Geri dön!,opus_opensubtitles_tr
Neyin var senin?,Deli misin?,opus_opensubtitles_tr
Üzgünüm.,"Veronika, bundan böyle bizde kalabilirsin.",opus_opensubtitles_tr
Boris'in odasını alabilirsin.,"Mark, Fedya'nın yanına yerleşir.",opus_opensubtitles_tr
Hepsi bu.,"Mark, derin düşüncelere dalmasını önlemek için biraz ilgiye ihtiyacı olacak.",opus_opensubtitles_tr
Irina ile ben hastahanede çok meşgulüz.,"Elimden geleni yaparım, Fedya amca.",opus_opensubtitles_tr
Boris'e söz verdim.,Kabul mü?,opus_opensubtitles_tr
Fabrika mı?,Kuzmin ile görüşebilir miyim?,opus_opensubtitles_tr
O da mı askere alındı?,"Affedersiniz, Boris Borozdin'den haber alan oldu mu?",opus_opensubtitles_tr
Şu lanet savaş olmasaydı bunu Çaykovski Salonu'nda çalıyor olurdum.,Senin için.,opus_opensubtitles_tr
Veronika!,Metroya gidelim.,opus_opensubtitles_tr
- Ben gitmiyorum.,- Saçmalama.,opus_opensubtitles_tr
Haydi.,- Korkuyor musun?,opus_opensubtitles_tr
- Senin için.,Benimle gel.,opus_opensubtitles_tr
Hiçbir şeyden korkmuyorum.,"- Veronika, metroya gidelim!",opus_opensubtitles_tr
"- Hayır, ben gelmiyorum.",- Kes şunu!,opus_opensubtitles_tr
Aklını kaçırmışsın!,"- Gelmiyorum, gelmiyorum!",opus_opensubtitles_tr
Seni seviyorum.,Hayır.,opus_opensubtitles_tr
- Seni seviyorum!,- Hayır!,opus_opensubtitles_tr
Hayır!,Hayır!,opus_opensubtitles_tr
- Seni seviyorum!,- Hayır!,opus_opensubtitles_tr
Hayır!,Hayır!,opus_opensubtitles_tr
- Seni seviyorum!,- Çekil!,opus_opensubtitles_tr
- Seni seviyorum!,- Hayır!,opus_opensubtitles_tr
Hayır!,Hayır!,opus_opensubtitles_tr
Bu şekilde kuşatılmak çok aptalca.,"- Stepan, sızlanmayı bırak.",opus_opensubtitles_tr
- Kim sızlanıyor?,Ben sızlanmıyorum.,opus_opensubtitles_tr
Yüzbaşı bu geceye kadar kurtulabileceğimizi söyledi.,"Evet, öyle diyor.",opus_opensubtitles_tr
Sachkov!,Bu acemiyi nerede buldun?,opus_opensubtitles_tr
Kuvözde.,Bizim takviye gücümüz o.,opus_opensubtitles_tr
Artık cepheyi kesin yararız.,Evli bir askerden bu şekilde mi bahsedilir?,opus_opensubtitles_tr
Okuldaki son senemde evlendim.,Çok fazla eğitimin sonucu.,opus_opensubtitles_tr
Pek komiksin.,Güle oynaya kendini ateşe attın galiba.,opus_opensubtitles_tr
"- Volodya, gerçekten evli misin?",- Etkili olsun diye söyledim.,opus_opensubtitles_tr
- Borozdin!,- Evet?,opus_opensubtitles_tr
Keşif görevine çıkacaksın.,Bu gece cepheyi yarmamız için bize en uygun mevzii bulman gerek.,opus_opensubtitles_tr
- Belgelerini teslim et.,- Emredersiniz.,opus_opensubtitles_tr
"Hey, Sachkov!","Şunu al, olur mu?",opus_opensubtitles_tr
Dinlensek ya.,Bir de sigara yakarız.,opus_opensubtitles_tr
Hep böyle gülüyor mu?,Muhtemelen hepimizin öldüğünü sanıyordur.,opus_opensubtitles_tr
Bir göreyim şu güzeli.,"Hey, askerin kaderi de böyle işte!",opus_opensubtitles_tr
"- Sen buradasın, o ise...",- O ise ne?,opus_opensubtitles_tr
"Hey, bir deneyeyim şu şeyi.","- Şunu tutar mısın, Sachkov?",opus_opensubtitles_tr
- Tabii.,İlk deneme için fena sayılmaz.,opus_opensubtitles_tr
Kesin şunu!,- Utanmıyor musun?,opus_opensubtitles_tr
"- Hayır, efendim.",- Beş gün tutuklusun!,opus_opensubtitles_tr
- Baş üstüne.,- İkiniz de keşfe çıkıyorsunuz.,opus_opensubtitles_tr
- Neden?,Belgelerini teslim et!,opus_opensubtitles_tr
"Boris, al.",Onun yüzünden mi?,opus_opensubtitles_tr
- Kabul etmeliyim ki buna değermiş.,- Elbette değer!,opus_opensubtitles_tr
Ancak disiplini korumalıyız!,Duydunuz mu?,opus_opensubtitles_tr
Disiplin...,"Stepan, bu sende kalsın.",opus_opensubtitles_tr
"Dikkatli ol, sakın kaybetme.",Biz...,opus_opensubtitles_tr
"Biz evleneceğiz, Fedya amca.","Ah, unuttum.",opus_opensubtitles_tr
Biraz sosis kalmıştı.,- Başını aşağıda tut!,opus_opensubtitles_tr
- Emir yağdırıp durma!,Karşıdakiler durumu çakmadan buradan kaybolalım.,opus_opensubtitles_tr
- Korkuyorsan kaç.,"- Haydi oradan, budala!",opus_opensubtitles_tr
Hey!,Müzisyen!,opus_opensubtitles_tr
Sağır mısın?,Ne diye takıldım ki ona?,opus_opensubtitles_tr
Neyin var?,Beni duyabiliyor musun?,opus_opensubtitles_tr
- Devam et.,Ben biraz dinlenmek istiyorum.,opus_opensubtitles_tr
- Yaralandın mı?,Bana tutun.,opus_opensubtitles_tr
- Beni rahat bırak.,"- Sana diyorum, kalk!",opus_opensubtitles_tr
"Tutun şimdi, sıkı tut.",Böyle olmuyor.,opus_opensubtitles_tr
Seni taşımam gerekecek.,"Haydi, beni burada bırak.",opus_opensubtitles_tr
Sana yumruk attım diye hala kızgın mısın?,"- Sadece şanslıydın, yoksa...",opus_opensubtitles_tr
"- Sus, sonra konuşuruz.",İşte böyle...,opus_opensubtitles_tr
İyi misin?,"Dayan, dostum.",opus_opensubtitles_tr
Ormanlığa az bir yol kaldı.,Orada güvende olacağız.,opus_opensubtitles_tr
Nefesim kesildi.,Biraz dinlenelim.,opus_opensubtitles_tr
Burası biraz daha sessiz.,Nasılsın?,opus_opensubtitles_tr
Nefes almak çok zor.,"Dayan, daha seni evlendirmemiz gerekecek.",opus_opensubtitles_tr
"Hey, arkadaş!",Neyin var?,opus_opensubtitles_tr
Ne oldu?,"Affet beni, dostum, affet beni...",opus_opensubtitles_tr
Benim hatam...,Affet beni...,opus_opensubtitles_tr
Dostum...,Biri yardım etsin!,opus_opensubtitles_tr
Yardım edin!,"Beni duyabiliyor musun, Boris?",opus_opensubtitles_tr
Vuruldun mu?,"Vuruldun mu, Boris?",opus_opensubtitles_tr
"Yok bir şey, ben sadece...",Sovyet İstihbarat Servisinin bildirdiğine göre geçen 24 saat içerisinde cephede önemli bir değişiklik yaşanmadı.,opus_opensubtitles_tr
Haber yoksa merak etme iyidir.,326. atölyeden tahliye edilen aileler Vosstaniya Caddesi'ne yerleştirilecektir.,opus_opensubtitles_tr
"Yoldaşlar, buraya rapor verin lütfen.","- Irina, yaralılar için yardımın lazım.",opus_opensubtitles_tr
- Bir emir eri bulayım.,Herkes insin!,opus_opensubtitles_tr
Sibirya!,Daha uzağa kaçamayız.,opus_opensubtitles_tr
Zavallı Rusya Ana!,"Lütfen, dikkat!",opus_opensubtitles_tr
Askeri Hastahane Başhekimi Yoldaş Borozdin lütfen derhal askeri komutana rapor veriniz.,Belki nihayet burada huzur buluruz.,opus_opensubtitles_tr
"Odun getiriyorum, yol verin.",Ocağın tütüyor.,opus_opensubtitles_tr
Özür dilerim.,Hayallerini savaştan sonraya sakla.,opus_opensubtitles_tr
Nereye gidiyorsun?,Hastahaneye.,opus_opensubtitles_tr
Nöbetim var.,"Kuruntu içinde, bir hayalet gibi ortalıkta geziniyor.",opus_opensubtitles_tr
Mektup bekliyor zavallıcık.,Kimden?,opus_opensubtitles_tr
Onun kocası bizimkiler gibi cephede değil.,Onun mektup filan beklediği yok.,opus_opensubtitles_tr
- Okulda ikinci vardiya mı senin?,- Evet.,opus_opensubtitles_tr
Gemiler gibi gökyüzünde süzülüyor turnalar...,Şu budala mısraları aklımdan atamıyorum.,opus_opensubtitles_tr
İşte geldi!,- Kim?,opus_opensubtitles_tr
- Postacı.,Elliye kadar sayabilirsem bana bir mektup gelecek.,opus_opensubtitles_tr
"- Bir, iki, üç, dört...","- Kes şunu, Veronika.",opus_opensubtitles_tr
"...sekiz, dokuz, on, on bir, on iki, on üç, on dört...","- On beş, on altı...",opus_opensubtitles_tr
"- Veronika, delilik bu.","- On dokuz, yirmi...",opus_opensubtitles_tr
- Kes şunu!,"Kırk yedi, kırk sekiz...",opus_opensubtitles_tr
- Günaydın.,- Günaydın.,opus_opensubtitles_tr
"Üzgünüm, sana bir şey yok.",Al bakalım.,opus_opensubtitles_tr
- Lebedeva?,- Benim.,opus_opensubtitles_tr
- Paliukaitis?,- Hiçbir şey yok.,opus_opensubtitles_tr
En büyüğümden.,Ukrayna Cephesi'nden.,opus_opensubtitles_tr
Boris'i tanımazdım.,"Ama herkes ne kadar iyi, yetenekli bir çocuktu diyor.",opus_opensubtitles_tr
"""Çocuktu""?",Savaşta kayıp olanlar listesinde yer alması öldü anlamına gelmez.,opus_opensubtitles_tr
Elbette değil.,Düzgün biçimde ifade edemedim.,opus_opensubtitles_tr
"- Sorun ne, Veronika?","- Ölüyorum, Anna Mikhajlovna.",opus_opensubtitles_tr
"Yapma ama, Veronika.",Zavallı yavrucak.,opus_opensubtitles_tr
Her şeyi kaybettim.,"Önünde koca bir hayatın var, Veronika.",opus_opensubtitles_tr
İstemiyorum!,Neye faydası var?,opus_opensubtitles_tr
Geçmişi unutmak zorundasın.,Unutmak insanın doğasında var.,opus_opensubtitles_tr
Unutmak istemiyorum.,Buna ihtiyacım yok.,opus_opensubtitles_tr
İyi ama hataların yüzünden kendine azap çektirmeye devam edemezsin.,Etmeliyim.,opus_opensubtitles_tr
Ömrüm boyunca.,Tarih dersi veriyorsun.,opus_opensubtitles_tr
Akıllı bir kadınsın.,Hayatın anlamı nedir bana söylesene.,opus_opensubtitles_tr
Hayatın anlamı mı?,Belki de anlamı...,opus_opensubtitles_tr
- Tyernov gelmedi mi daha?,- Hayır.,opus_opensubtitles_tr
Karnım gerçekten zil çalıyor.,"Gelince Tyernov'a iyi davranmaya çalış, lütfen.",opus_opensubtitles_tr
Beni sinir ediyor.,"Tamamen aynı düşüncedeyim, ama ne de olsa o benim patronum.",opus_opensubtitles_tr
Bu ona yalakalık yapman için sana gerekçe mi sağlıyor?,"Lütfen, Veronika, böyle devam edemez.",opus_opensubtitles_tr
"Hep çok sinirlisin, hep kusur buluyorsun.","Söyle bana, seni nasıl mutlu edebilirim?",opus_opensubtitles_tr
Gözüme gözükme yeter.,"Girin, açık.",opus_opensubtitles_tr
Girin!,"Mark, rahatsızlık verişimi mazur gör.",opus_opensubtitles_tr
Ne demek!,Bir zevktir.,opus_opensubtitles_tr
"Verin, bunu alayım.",Gazeteyi gördün mü?,opus_opensubtitles_tr
Almanlar Kafkaslar'ın içlerine doğru ilerlemiş.,"Evet, çok korkunç.",opus_opensubtitles_tr
Ama daha onlara kim olduğumuzu göstereceğiz!,Lütfen rahatınıza bakın.,opus_opensubtitles_tr
Burası sıcaktır.,Kaldığınız yer hoş ve rahatmış.,opus_opensubtitles_tr
"Karımla çocuklarım Taşkent'te, o yüzden adeta evsiz sayılırım.","- İyi günler, Veronika.",opus_opensubtitles_tr
- Merhaba.,"- Nereye gidiyorsun, sevgilim?",opus_opensubtitles_tr
- Hastahaneye.,Nöbetçiyim.,opus_opensubtitles_tr
İyi giyin.,Hava çok soğuk.,opus_opensubtitles_tr
Karına hayranım.,O kadar açık yürekli ki...,opus_opensubtitles_tr
Seninle çok mutlu olmalı.,- Seni filarmoni salonunda arıyordum.,opus_opensubtitles_tr
- Konser mi vardı?,Hayır.,opus_opensubtitles_tr
Ama bu gece doğum günü partisine gidecek misin?,Olabilir.,opus_opensubtitles_tr
- Ona ne veriyorsun?,- Ne verebilirim ki?,opus_opensubtitles_tr
Savaş!,"Evet, evet.",opus_opensubtitles_tr
"Savaş, savaş.","Muhteşem bir şey değil elbette, ama ucuna ucuz bir süs eşyası bağla Antonia da buna bayılsın.",opus_opensubtitles_tr
Şahane!,Borcum ne?,opus_opensubtitles_tr
"- Hiç önemli değil, unut gitsin.",- Çok teşekkür ederim.,opus_opensubtitles_tr
"Mark, bana bir iyilik yapabilir misin?",- Yukarıda kimse var mı?,opus_opensubtitles_tr
- Hayır.,Fyodor Ivanovich'ten bana biraz ilaç getirebilir misin?,opus_opensubtitles_tr
"Güzel iş, Irina.",Paçayı kurtaracak.,opus_opensubtitles_tr
Umarım.,Kurtarmaması epey kötü olurdu.,opus_opensubtitles_tr
"Irina, bir erkek olmalıymışsın!",Kız olmaktan şikayetçi değilim.,opus_opensubtitles_tr
Veronika!,Burada bu kadar erken ne işin var?,opus_opensubtitles_tr
Saat ileri gitmiş.,Zavallı kız...,opus_opensubtitles_tr
Boris'e yaptıkları için onu affedemiyorum.,Yeni hastalar yine!,opus_opensubtitles_tr
Onlara başka odam olmadığını söyledim.,"Ben hastahane idare ediyorum, balık ambarı değil!",opus_opensubtitles_tr
- Bunlar Kalach'tan mı?,- Stalingrad'tan.,opus_opensubtitles_tr
"Bazıları ön cepheden, ötekileri hastahanelerden.",Bize burada da yer yok.,opus_opensubtitles_tr
"Merak etme, oda bulurlar.",80 kişi kabul edeceğim.,opus_opensubtitles_tr
Geri kalanlarının diğer hastahanelere gitmesi gerekecek.,Bir bakalım...,opus_opensubtitles_tr
"Lütfen şu kişilere iyi dileklerimi iletin, Sergey Fyodor, Vassily, Maria Hala Agraphyona, Catherine, Barbara Nikolai, Catherine...",- Catherine demiştin zaten.,opus_opensubtitles_tr
- Bu öbür Catherine.,- Açıklamak istemez misin?,opus_opensubtitles_tr
- Onlar anlar.,"Sonra, Zinaida, Antonina, Kuzma...",opus_opensubtitles_tr
Hemşire!,"- Ne istiyorsun, Vorobyov?",opus_opensubtitles_tr
- Boşver.,Hemşire!,opus_opensubtitles_tr
- Lazımlık istiyor.,- Ben vereyim.,opus_opensubtitles_tr
Teşekkürler.,Çok güzel müzik!,opus_opensubtitles_tr
Sesini biraz açar mısın lütfen?,Kapatın şu müziğinizi!,opus_opensubtitles_tr
Kısın sesini!,Duyuyor musunuz?,opus_opensubtitles_tr
O bağıran kimdi?,- Kimdi o?,opus_opensubtitles_tr
"- Bendim, ne olmuş?",Bendim.,opus_opensubtitles_tr
"- Zakharov, sorun ne?",- Beni yalnız bırak!,opus_opensubtitles_tr
Çılgına döndü.,Bu sabah evden kötü haber aldı.,opus_opensubtitles_tr
"Sevgilisi onun bir arkadaşıyla evlenmiş, kaltak.",Ağzına tek lokma koymadı.,opus_opensubtitles_tr
"Bir icabına bakmaya çalışın, Hemşire.","Şu kadınlar faşistlerden beter, doğrudan kalbi hedef alıyorlar.",opus_opensubtitles_tr
Yemek yemeye gayret etmelisin.,İyileşmenin tek yolu bu.,opus_opensubtitles_tr
Ben iyileşmek istemiyorum!,Gebermek istiyorum!,opus_opensubtitles_tr
Doktoru çağırın.,Sakin ol.,opus_opensubtitles_tr
Sakin ol.,"Lütfen, sakin ol.",opus_opensubtitles_tr
Bir kadın yüzünden...,Amma da budalaymış!,opus_opensubtitles_tr
Doktoru çağırın!,Hemen doktoru çağırın!,opus_opensubtitles_tr
Kesin şu bağrışmayı!,Tavuk sürüsü gibi gıdaklıyorsunuz!,opus_opensubtitles_tr
Bizi şimdi nereye götürecekler?,Bu koca dünyada birsürü hastahane var.,opus_opensubtitles_tr
"Çocuklar, başhekim geliyor!",Pislikler!,opus_opensubtitles_tr
Sessiz olun!,Sen Kızıl Ordu'da bir askersin!,opus_opensubtitles_tr
Görevden kaçmak mı istiyorsun?,Seni tedavi edersek orduya dönebilirsin diye mi korkuyorsun?,opus_opensubtitles_tr
İnsaflı davranmıyorsunuz.,Evden kötü bir mektup aldı.,opus_opensubtitles_tr
Biliyorum.,Bu sadece bir mazeret.,opus_opensubtitles_tr
Ne var yani sevgilisi onu terk etmişse?,Kurtulduğu iyi olmuş!,opus_opensubtitles_tr
"Aciz bir asker kaçağı yüzünden böyle yakışıklı bir askeri, gerçek bir kahramanı bırakıp gittiyse o kadın beş para etmez!",Doğru!,opus_opensubtitles_tr
Mutluluğunu elinden kaçıran asıl ta kendisi!,Başına her ne gelirse de ona haktır!,opus_opensubtitles_tr
Ne adi bir kişilik!,Böyle bir kadın katlandığın ıstırabı anlayabilir mi?,opus_opensubtitles_tr
Öldürmek onun gibiler için iyilik olur.,Sen en güç çileye göğüs gerdin.,opus_opensubtitles_tr
"Ölümle yüz yüze geldin, nefesini bizzat ensende hissettin.",O ise çok geçmeden zamana yenik düştü.,opus_opensubtitles_tr
"Böyle kadınlar için, hiçbir onurlu erkek tiksintiden başka bir şey duyamaz!",Böylesi yaratıklar için af yoktur!,opus_opensubtitles_tr
Yaralarını sarın!,"Sima Hemşire, ona taze yulaf lapası ile biraz sıcak çay getirin.",opus_opensubtitles_tr
Uslu dur şimdi.,Veronika...,opus_opensubtitles_tr
Ne biçim annesin sen öyle?,Çocuğuna göz kulak olsana!,opus_opensubtitles_tr
Bir de ben sorumlu tutulacağım!,"Ayakta uyuyorsun, seni budala!",opus_opensubtitles_tr
- Kimsin sen?,- Annemin çocuğu.,opus_opensubtitles_tr
- Nerelisin?,- Voroshilovgrad.,opus_opensubtitles_tr
- Kaç yaşındasın?,"- Üç yıl, üç aylık.",opus_opensubtitles_tr
- Adın ne?,- Boris.,opus_opensubtitles_tr
- Ne?,- Boris.,opus_opensubtitles_tr
- Bu süslü kılık kıyafet de nesi?,- Hastahanede konser var.,opus_opensubtitles_tr
- Mantıklı bir hikaye!,"- Tamam, tamam.",opus_opensubtitles_tr
- Mark burada mı?,- Şu ana kadar evet.,opus_opensubtitles_tr
Bunu senin için saklıyordum.,"Çok teşekkür ederim, Anna Mikhajlovna.",opus_opensubtitles_tr
Tanıdığımız küçük bir çocuk için.,Bugün doğum günü.,opus_opensubtitles_tr
"Keşke herkes senin kadar düşünceli olsaydı, Mark.",Bu tip açık yaranın semptomatolojisi öncelikle düğüm yapısındaki değişimlere bağlıdır...,opus_opensubtitles_tr
"- İlgi çekici, ama beni aşar.",- Niye ki?,opus_opensubtitles_tr
Sahiden epey kolaydır.,Klinik pratisyenine göre kolay anlaşılır değillerdir ancak birçok durumda etioloji...,opus_opensubtitles_tr
- Bu da nedir?,- Ne biçim bir oyun bu?,opus_opensubtitles_tr
Ne demek oyun?,Çocukcağız anne babasını kaybetmiş.,opus_opensubtitles_tr
Annemi istiyorum!,Onu Kimsesizler Yurduna götürmeliydin.,opus_opensubtitles_tr
O yurda sen kendin git!,- Kaba çocuk!,opus_opensubtitles_tr
"- Ben değilim, sensin kaba!",Ağlama artık.,opus_opensubtitles_tr
Voroshilovgrad'ta anneni bulmaya gideceğiz.,"Yok, yok, sus.",opus_opensubtitles_tr
"- Bebecik, annesini istiyor.","- Bak, bir keçi geliyor.",opus_opensubtitles_tr
Tıkırdatma.,Kulaklarımı acıtıyorsun.,opus_opensubtitles_tr
"Al, kapakla oyna.",İstemiyor musun?,opus_opensubtitles_tr
Aman Tanrım.,İşte sana bir çörek.,opus_opensubtitles_tr
Sustur şunu!,Beni deli ediyor.,opus_opensubtitles_tr
Oynayacağı birkaç oyuncağımız olsaydı...,"Irina, onu biraz alsana.",opus_opensubtitles_tr
Başka?,"Ağlamayı kes, olur mu?",opus_opensubtitles_tr
Ver onu bana.,"Haydi, küçüğüm, küçük Boris'im.",opus_opensubtitles_tr
Seni soyup yatıracağım...,- Sincabımı gören oldu mu?,opus_opensubtitles_tr
"- Evet, onu Mark aldı.",- Mark mı?,opus_opensubtitles_tr
Neden?,- Onu bir çocuğa veriyormuş.,opus_opensubtitles_tr
Sincabımı bir çocuğa mı?,- Mark nerede?,opus_opensubtitles_tr
- Bilmiyorum.,- Mark nerede?,opus_opensubtitles_tr
- Bilmiyorum.,Benden bir şey saklıyorsun.,opus_opensubtitles_tr
"Nerede olduğunu biliyorsun, değil mi?",Nerede o?,opus_opensubtitles_tr
Muhtemelen Antonina'nın partisine gitmiştir.,- Hangi Antonina?,opus_opensubtitles_tr
- Neden Mark'a sormuyorsun?,- Kim olduğunu söyle!,opus_opensubtitles_tr
- Bana emir verme.,Mark ara sıra onu ziyaret eder.,opus_opensubtitles_tr
Anladın mı?,- Bana nispet olsun diye böyle diyorsun.,opus_opensubtitles_tr
- Bunu neden isteyeyim ki?,"Çünkü evliyim, sevenim var, sense hala bir kız kurususun!",opus_opensubtitles_tr
"Veronika, kes şunu!",Antonina bakkalın yanında bitişikteki küçük evde oturuyor.,opus_opensubtitles_tr
Oraya git de kendi gözlerinle şahit ol.,Sakinleş.,opus_opensubtitles_tr
Sakinleş.,Bir şeyler yapmalıyım.,opus_opensubtitles_tr
Bir şeyler yapmalıyım.,Mark eve gelince onunla konuşman gerekecek.,opus_opensubtitles_tr
Ama şimdi beklemelisin.,"Tabii, beklemeliyim...",opus_opensubtitles_tr
Sürekli tek yaptığım bu zaten.,Artık yeter!,opus_opensubtitles_tr
Dudaklarımız kıpırdamaz olsun.,Sözler boşuna.,opus_opensubtitles_tr
Arada bir yalan söylerler kazara.,"Sadece de gözlerimiz cesaret edemez riyaya,",opus_opensubtitles_tr
Ayrılık bakışları doğrudur daima.,"Gözlerim mahzun ve donuk şimdi,",opus_opensubtitles_tr
Sanki bir mum söndürülmüş gibi...,Leningrad'ta partilerimden sonra şehrin bir ucundan ötekine gezintiye çıkardık.,opus_opensubtitles_tr
Bir gezinti ayarla.,"Devam eden bir savaş var, Antonina.",opus_opensubtitles_tr
"Arabalar ağırlıklarınca altın değerinde, benzinse illa karneyle dağıtılıyor.",Herhangi bir çeşit araba bul!,opus_opensubtitles_tr
Sana yalvarırım!,"İtfaiye aracı, ambulans, kamyon...",opus_opensubtitles_tr
Ne olursa!,Çaresizliğin içinde umutlarıma tutunayım!,opus_opensubtitles_tr
Sırf ikimiz mi?,Her şeyi geride bırakırcasına mı?,opus_opensubtitles_tr
Bakayım elimden neler gelir.,Seni seviyorum!,opus_opensubtitles_tr
"Affedersiniz, dans etmiyorum.",Her şeyi denediğimi sanıyordum ama altın kestanelerin tadına hiç bakmamıştım.,opus_opensubtitles_tr
"Bak, bir not!",- Benim için bir doğum günü notu bu.,opus_opensubtitles_tr
- Tebrik ederim!,Sincap nerede?,opus_opensubtitles_tr
Sincabım nerede?,"Bak, aklına bir şey gelmesin...",opus_opensubtitles_tr
Burada Boris isimli birinden bir not var.,"Bir tanem, mutlu yıllar...",opus_opensubtitles_tr
Bu günde doğmuşsun.,Senden ayrılmak çok zor.,opus_opensubtitles_tr
Ama elden bir şey gelmez.,Savaş var!,opus_opensubtitles_tr
Gitmeye mecburum.,Ölüm sinsice yurdumuza sokulurken rahatımıza bakarak eskisi gibi yaşamımızı sürdüremeyiz.,opus_opensubtitles_tr
Bir gün mutlu olacağız.,"Seni seviyorum, sana güveniyorum.",opus_opensubtitles_tr
Senin Boris'in.,Neden o kadar telaşa kapıldın?,opus_opensubtitles_tr
Eve git.,Hemen döneceğim.,opus_opensubtitles_tr
Neden?,- Paltonu çıkar.,opus_opensubtitles_tr
- Teşekkür ederim.,"Biliyorsun, filarmoniye ait arabalar bu gece kullanılıyor bana ise bir araba lazım.",opus_opensubtitles_tr
"Sen başcerrahsın, benden bu ufacık iyiliği esirgemezsin.",Ulaştırma bizim en ciddi sorunumuz.,opus_opensubtitles_tr
"Benim için de zordu, ama elimden geleni yaptım.",Elimden geleni yaptım.,opus_opensubtitles_tr
Benden istedin diye çok zahmete girdim...,- Senden ne istedim?,opus_opensubtitles_tr
- Muafiyet.,Süresi artık dolmak üzere hem bu sefer alabilmek neredeyse imkansız olacak.,opus_opensubtitles_tr
- Ne demek muafiyet?,- Mark için olan muafiyet.,opus_opensubtitles_tr
Bütün meseleyi ihtiyatla idare ettiğimden emin olabilirsin.,Mark sana haber vermeden bunu yapabilir miydi?,opus_opensubtitles_tr
Senin adından bana para bile önerdi.,Üzgünüm.,opus_opensubtitles_tr
"Burada olduğuna sevindim, Fedya amca.",Onunla konuşmanı istiyorum.,opus_opensubtitles_tr
"Davet edilmeden içeri dalıverdi, kavga çıkardı.",Kapıyı kapa.,opus_opensubtitles_tr
Oğlunu askere yolcu etmek herkesin hoşuna mı gidiyor zannediyorsun?,Nasıl yani?,opus_opensubtitles_tr
"Yoksa senin önemsiz keyfin ve mutluluğun için başkalarının kollarını, bacaklarını gözlerini, çenelerini, hatta hayatlarını kaybetmeleri gerektiğini mi zannediyorsun?",Ve kimseye de borçlu değil misin?,opus_opensubtitles_tr
"Bana muafiyet tanındığını biliyorsun, Fedya amca.",Bu muafiyeti nasıl elde ettiğini bize anlatsana.,opus_opensubtitles_tr
"Veronika, ne yapıyorsun?",Sorun değil.,opus_opensubtitles_tr
Bir oda tutacağım.,Çocuğu da alıyorum.,opus_opensubtitles_tr
Belki başka biri oda tutsa daha iyi olur?,Memnuniyetle.,opus_opensubtitles_tr
Uzun zamandır bunu istiyordum.,Keşke en başta beni kovsaydınız.,opus_opensubtitles_tr
Çok eziyet çektin.,Sadece daha beterini yapmış biri seni ayıplayabilirdi.,opus_opensubtitles_tr
Bizimle kal.,Yapamam.,opus_opensubtitles_tr
Başka birisinin arkasına saklanamam.,İstemem.,opus_opensubtitles_tr
Tekrar düşün.,Tekrar düşün.,opus_opensubtitles_tr
"Baksana, Borozdin ailesini nerede bulabilirim?",- Sen hangi Borozdin'i arıyorsun?,opus_opensubtitles_tr
- Fyodor Ivanovich.,- Fyodor Ivanovich mi?,opus_opensubtitles_tr
- Evet.,Fyodor Ivanovich şu an burada değil.,opus_opensubtitles_tr
Boris mi yolladı?,"Hayır, kendim geldim.",opus_opensubtitles_tr
Fyodor Ivanovich ile görüşmem gerek.,- Oturmaz mısın?,opus_opensubtitles_tr
- Sağ ol.,Fyodor Ivanovich'in birazdan gelmesi lazım.,opus_opensubtitles_tr
- Dışarı çıkabilir miyim?,- Tabii.,opus_opensubtitles_tr
- Senin mi?,"- Evet, benim.",opus_opensubtitles_tr
Sana benziyor.,Borozdin'lerin akrabası mısın?,opus_opensubtitles_tr
Pek sayılmaz.,Elimden gelebilecek tüm çatışmaya girdim.,opus_opensubtitles_tr
Eve mi gidiyorsun?,Daha değil.,opus_opensubtitles_tr
Leningrad hala kuşatma altında.,"- Evet, çok zor durumdayım.",opus_opensubtitles_tr
- Neden?,Sen aileden olmadığın için sanırım sana söylemenin zararı yok.,opus_opensubtitles_tr
Ama bir erkeğe oğlunun öldüğünü nasıl söylersin?,- Nerede oldu bu?,opus_opensubtitles_tr
- Smolensk yakınlarında.,Ne çalmamı istersin?,opus_opensubtitles_tr
Fark etmez.,"Söylesene, gömüldüğünü gördün mü?",opus_opensubtitles_tr
Hayır.,Ben bir sedyeye konulup hastahaneye götürüldüm o ise Stepan diye bir arkadaşıyla beraberdi.,opus_opensubtitles_tr
Stepan...,Şimdi onun kızı bulmam gerekiyor.,opus_opensubtitles_tr
Ona gerçekten aşıktı.,Kız benim.,opus_opensubtitles_tr
"Moskova'dayken bizi görmeye gel, Volodya.",Teşekkür ederim.,opus_opensubtitles_tr
Gelirim.,Savaş sona erdi.,opus_opensubtitles_tr
"Çok tuhaf, değil mi?",Hala da bekliyor musun?,opus_opensubtitles_tr
Evet.,Bir kimse ümitlerini daima canlı tutmalı.,opus_opensubtitles_tr
Beklemenin ne yararı var?,Kendi gözlerimle gördüm.,opus_opensubtitles_tr
Ne gördün?,Yaralandığını mı gördün?,opus_opensubtitles_tr
Düştüğünü mü gördün?,Öldüğünü görmedin ki.,opus_opensubtitles_tr
Öyle ama eğer hayattaysa neden sana yazmadı?,Her şey olabilir.,opus_opensubtitles_tr
Stepan da kimseye yazmadı.,Fabrikada onun bir özel harekatta yer aldığı biliniyor.,opus_opensubtitles_tr
Dasha o döndüğünde beni haberdar edeceğine söz verdi.,Boris hayatta.,opus_opensubtitles_tr
O hayatta.,Bakın!,opus_opensubtitles_tr
Fatihler geliyor!,"Kolia, canım, döndün!",opus_opensubtitles_tr
Boris!,Veronika!,opus_opensubtitles_tr
Stepan!,Çiçekler...,opus_opensubtitles_tr
Senin için.,Ha?,opus_opensubtitles_tr
Ne?,Bak...,opus_opensubtitles_tr
Şey...,Canım!,opus_opensubtitles_tr
"Sevgili anneler, babalar, kardeşler!",Yeniden kavuşmamızın coşkusu sınırları aşıyor.,opus_opensubtitles_tr
Her Sovyet vatandaşının kalbi sevinçle şarkı söylüyor zafer sevinciyle!,Hepimiz bu mutlu anı bekledik.,opus_opensubtitles_tr
Mücadelemizin en güç vakitlerinde bunun hayalini kurduk.,Ama muharebe alanında sessizce yatanları hiç unutmayacağız.,opus_opensubtitles_tr
"Yıllar geçecek, şehirlerimiz yeniden ayağa kalkacak yaralarımız da bir gün sarılabilir.","Kalplerimizde tek bir şey kalsın, savaşın soğuk kini!",opus_opensubtitles_tr
Bugün sevdikleriyle görüşemeyenler adına derin üzüntü duyuyoruz.,Sözümüzü tutacağımıza hepimiz yemin etmeliyiz ki sevgililer savaş yüzünden bir daha hiç ayrılmasın analar çocukları için bir daha korkuya hiç düşmesin cesur babalarımız gözyaşlarını içlerine akıtmasın.,opus_opensubtitles_tr
"Yıkım için değil, yeni bir yaşam kurmak için kazandık ve hayatta kaldık!",Orada öyle durma.,opus_opensubtitles_tr
Çiçekleri kime aitse ver.,"Çok teşekkür ederim, yoldaş.",opus_opensubtitles_tr
Aslanım benim!,Tombul aslanım!,opus_opensubtitles_tr
"Bakın, bakın, Moskova üzerinde turnalar uçuyor!",SON,opus_opensubtitles_tr
"Bekle, Sincap!","Al, giy şunu.",opus_opensubtitles_tr
Bak!,"Leylekler, gökyüzünde gemiler gibi süzülüyorlar...",opus_opensubtitles_tr
"Beyaz leylekler, gri leylekler, uzun gagalarıyla, uçuyorlar!",Bak!,opus_opensubtitles_tr
"Halimize bak sen ve ""gemi gibi leyleklerin"".",Altyazı Çevirisi Bülent ATUK Ankara - 10.Kasım.2005,opus_opensubtitles_tr
LEYLEKLER UÇARKEN,Yönetmen M. KALATAZOV,opus_opensubtitles_tr
T. SAMOILOVA:,Veronica A. BATALOV:,opus_opensubtitles_tr
Boris,Kimse var mı?,opus_opensubtitles_tr
Bekle!,"Peki, tamam.",opus_opensubtitles_tr
"Ne zaman öyleyse, söyle.","Perşembe günü, setin orada.",opus_opensubtitles_tr
"Yapma, çok uzak.",Sincap!,opus_opensubtitles_tr
Zamanını söylemedin!,"Sincap, saat kaçta?",opus_opensubtitles_tr
"Perşembe günü, kaçta?","Hayır, yapamam.",opus_opensubtitles_tr
İşteyim o saatte.,- Tamam.,opus_opensubtitles_tr
- Geç kalma.,Sincap!,opus_opensubtitles_tr
- Oğlana deli oluyor.,- O da kıza.,opus_opensubtitles_tr
"Bu aşk işte, canım.",Zararsız bir akıl rahatsızlığı.,opus_opensubtitles_tr
"Büyükanne, neden uyumuyorsun?","Çünkü kalkma zamanı, Boris!",opus_opensubtitles_tr
Çiğnemeyi kes!,Bütün gece sürtüyorsun...,opus_opensubtitles_tr
Kıskandın mı?,Yırtmadın değil mi?,opus_opensubtitles_tr
Ceketin iyi durumda.,Rezalet!,opus_opensubtitles_tr
"Öğlen oldu, hala uyuyor.",Pazar günü iyice dinlenmeye hakkı var.,opus_opensubtitles_tr
Çok fazla çalışıyor.,Onun bu sıkı çalışması evlilikle sonuçlanacak.,opus_opensubtitles_tr
İşte o zaman cidden kıskanacaksın.,Irina için diploması her şeyden önce gelir.,opus_opensubtitles_tr
"Dikkatli ol, Fedya Amca.",Sen hala doktor ünvanındayken o tam bir profesör olacak.,opus_opensubtitles_tr
"Eğer çocuklar ana-babalarından daha üstün olmazlarsa o zaman çocuklar aptal demektir, ana-babalar da bundan aşağı kalmazlar.","Teşekkürler, anne.",opus_opensubtitles_tr
"Burası, Sovyetler Birliği'ne yayın yapan Moskova Radyosu!",- Bu da ne?,opus_opensubtitles_tr
- Ne oldu?,Boris!,opus_opensubtitles_tr
Savaşa girdik!,Duyuyor musun?,opus_opensubtitles_tr
Savaşa girdik!,Beni rahat bırak!,opus_opensubtitles_tr
Selam!,Boris gece gündüz çalışıyor.,opus_opensubtitles_tr
Onu mu bekliyorsun?,Ben kimseyi falan beklemiyorum.,opus_opensubtitles_tr
Veronica!,"Savaş zamanında, kimsenin kafası karışmamalı.",opus_opensubtitles_tr
Herkes normal yaşamını sürdürmeli.,Beni ele al.,opus_opensubtitles_tr
İlk senfonimi sana adamayı düşlüyorum.,Konsere gelir misin?,opus_opensubtitles_tr
Ya Ordu seni çağırırsa?,Ordu mu?,opus_opensubtitles_tr
Pek sanmam.,Çok zor.,opus_opensubtitles_tr
Neden zormuş?,En yetenekli kişiler askere alınmayacaklardır.,opus_opensubtitles_tr
- Sen en yeteneklilerden misin?,- Ben mi?,opus_opensubtitles_tr
Elbette.,Neden beni izleyip duruyorsun?,opus_opensubtitles_tr
Utanmıyor musun?,Utanıyorum.,opus_opensubtitles_tr
Senden uzak durmaya çalıştım.,"Tamam, Boris benim kuzenim.",opus_opensubtitles_tr
Ama elimde değil!,Bekle!,opus_opensubtitles_tr
- Bekle!,- Eve yalnız gidiyorum.,opus_opensubtitles_tr
"Hey, ağır ol!",Daha yeni ameliyat geçirdin.,opus_opensubtitles_tr
Sırt çantası taşımaya hazır olmalıyım.,Orduda senin gibi adamları harcamazlar.,opus_opensubtitles_tr
"Bir tek istisna olacak yalnız, içimizden biri hem de.",En iyisi seni orduya almasınlar.,opus_opensubtitles_tr
Bilgi ve deneyimin var.,Sen de yeteneklisin.,opus_opensubtitles_tr
Piyeslerine sahip çık.,Eşim çoktan eşyalarımı hazırladı.,opus_opensubtitles_tr
"Dedikleri gibi, süngülerimizi hazırlayalım.","Hey, Stepan!",opus_opensubtitles_tr
"Çocuklar, bana yardım edin...",Stepan!,opus_opensubtitles_tr
"Affedersin, Sachkov.",- Celpler nerede?,opus_opensubtitles_tr
- Daha gelmedi.,Bekleyemem.,opus_opensubtitles_tr
- İzinli misin şimdi?,"- Hayır, şu piyeslerim...",opus_opensubtitles_tr
- Anlıyorum.,Kendine iyi bak.,opus_opensubtitles_tr
- Tamam.,- Hey!,opus_opensubtitles_tr
- Evet?,- Kıza söyledin mi?,opus_opensubtitles_tr
"- Hayır, çok erken daha...",- Haklısın.,opus_opensubtitles_tr
Yarın görüşürüz.,- Olur.,opus_opensubtitles_tr
- Bırak.,- Bırakmam.,opus_opensubtitles_tr
- Düşeceksin.,"- Hayır, bırakmam.",opus_opensubtitles_tr
- Karartmayı engelleyeceksin.,- Bu battaniye.,opus_opensubtitles_tr
Milisleri çağırırım.,Karartmadan midem bulanıyor.,opus_opensubtitles_tr
Battaniyeyi bana ver.,- Bırak şunu.,opus_opensubtitles_tr
Düşeceksin.,"- Hayır, bırakmam.",opus_opensubtitles_tr
"Haydi, Sincap, kes şunu.",Bırak şunu asayım.,opus_opensubtitles_tr
"Sen sete gelmedin, ama Mark geldi.",- Çok yakışıklı.,opus_opensubtitles_tr
- Ne olmuş yani?,- Kıskanmıyor musun?,opus_opensubtitles_tr
- Ne?,- Kıskanmıyor musun?,opus_opensubtitles_tr
- Kıskanmak için zamanım yok.,Mimarlık fakültesine gittiğimde de benim fazla zamanım olmayacak.,opus_opensubtitles_tr
Giriş sınavlarını asla geçemezsin.,- Geçerim!,opus_opensubtitles_tr
- Kuşkuluyum.,"Leylekler, gökyüzünde gemiler gibi süzülüyorlar...",opus_opensubtitles_tr
"Beyaz leylekler, gri leylekler, uzun gagalarıyla, uçuyorlar!",- Şarkım nasıl?,opus_opensubtitles_tr
- Çok etkileyici.,"Kurbağalar, vıraklamaya devam edin.",opus_opensubtitles_tr
Neden yukarı bakmayı düşünmediniz?,"Çamurdan sırılsıklam, sıçramaya devam ettiniz.",opus_opensubtitles_tr
Bu yüzden sonunuz yiyilip bitirilmek oldu.,"- Tamam, sen kazandın, kahraman.",opus_opensubtitles_tr
"- Ben kazandım, ben kazandım!",Ben kazandım.,opus_opensubtitles_tr
Tamam.,- Askere alınacağını düşünüyor musun?,opus_opensubtitles_tr
- Tabii.,- Gönüllü olmayacak mısın?,opus_opensubtitles_tr
- Olabilirim.,Neden olmasın?,opus_opensubtitles_tr
"Hayır, olmayacaksın!",İzin vermeyeceğim.,opus_opensubtitles_tr
Muaf tutulacağını biliyorsun.,Bu yüzden yüksekten atıyorsun.,opus_opensubtitles_tr
- Neden böyle düşünüyorsun?,- Zeki olan herkes muaf tutulacak.,opus_opensubtitles_tr
O zaman savaşanların hepsi aptallardan oluşur.,Bir daha seninle hiç konuşmak istemiyorum.,opus_opensubtitles_tr
"Veronica, sana söylemek zorunda olduğum bir şey var.",Duymak istemiyorum.,opus_opensubtitles_tr
Lütfen bana Veronica deme.,- Kimim ben?,opus_opensubtitles_tr
- Sincap.,Dinle...,opus_opensubtitles_tr
- Yarın bana ne vereceksin?,- Bu bir sır.,opus_opensubtitles_tr
"Bana tatlı filan verirsen, yerim ve onu unuturum.",Seni anımsatacak bir şey ver bana.,opus_opensubtitles_tr
Şimdi öp beni.,"Seninle birlikteyken, hiçbir şeyden korkmuyorum.",opus_opensubtitles_tr
Savaştan bile.,"Yine de, milislerden korkuyorum.",opus_opensubtitles_tr
- Veronica...,"- Biliyor musun, nedir?",opus_opensubtitles_tr
- Biliyor musun?,- Hayır.,opus_opensubtitles_tr
Düğünümüzde çok güzel beyaz bir gelinliğim olacak.,Büyükanneminki gibi bir gelinlik.,opus_opensubtitles_tr
Ve bir duvak...,Çok uzun ve beyaz.,opus_opensubtitles_tr
Sen de siyah damatlık giymelisin.,"- Sen ve ben, nereye gide...",opus_opensubtitles_tr
- Nikah memurluğuna.,- Anlaştık mı?,opus_opensubtitles_tr
- Anlaştık.,- Karartmadan hoşlanıyorum.,opus_opensubtitles_tr
- Neymiş onu bu kadar iyi yapan?,Selam!,opus_opensubtitles_tr
- Stepan!,- Veronica!,opus_opensubtitles_tr
- İkinize hoş bir sürprizim var.,- Güzel.,opus_opensubtitles_tr
- Nedir?,- Sır.,opus_opensubtitles_tr
- Geldi mi?,"- Evet, bu sabah.",opus_opensubtitles_tr
- Neden öyle söylemedin?,Anlat.,opus_opensubtitles_tr
- Devam et.,Fabrikada olup bitenleri görmeliydin.,opus_opensubtitles_tr
"Kısa kes, olur mu?",Sana söyleyeyim:,opus_opensubtitles_tr
çok fazla heyecan var.,- Bunu boşver.,opus_opensubtitles_tr
- Seninkiler bana anlattı...,- Resmen ne zaman yazılacağız?,opus_opensubtitles_tr
"- Bugün, 05:30'da.",Şu kirazlara bakın!,opus_opensubtitles_tr
Kötü bir şey mi oldu?,- Çok güzeller!,opus_opensubtitles_tr
- Ordunun emirleri.,- Hayır!,opus_opensubtitles_tr
Sana mı?,- Bana da.,opus_opensubtitles_tr
İkimiz de gönüllü olduk...,Ne zaman?,opus_opensubtitles_tr
- Gönüllü mü oldunuz?,- Ordunun emirleri.,opus_opensubtitles_tr
Dur bakalım!,Ya bize ne olacak?,opus_opensubtitles_tr
Stepan...,"Olmaz, gitmem gerek.",opus_opensubtitles_tr
Bizimkiler gidiyor...hoşçakal.,Sincap!,opus_opensubtitles_tr
Doğum gününden önce söylemek istemedim.,- Şimdi gitmem gerek.,opus_opensubtitles_tr
- Tabii.,Boris!,opus_opensubtitles_tr
"Sincap, ne var?",Beyaz leylekler uçuyor...,opus_opensubtitles_tr
Bunu seviyorum.,Her şey iyi olacak benim için.,opus_opensubtitles_tr
Duyuyor musun?,Daha sonra da birlikte yaşayacağız...,opus_opensubtitles_tr
tam yüzyıl.,Git şimdi.,opus_opensubtitles_tr
Sonra vedalaşırız.,Geç kalma.,opus_opensubtitles_tr
Bir gün sonra gitseydi ne fark ederdi?,Hala Veronica ile birlikteyse ne büyük metanet.,opus_opensubtitles_tr
- Boris!,- Baba aradı mı?,opus_opensubtitles_tr
Küplere binmişti.,Neden kimseye söylemedin?,opus_opensubtitles_tr
Böyle sahnelerle karşılaşmayalım diye.,Yarın bunları fabrikaya geri götür.,opus_opensubtitles_tr
- Onları mühendis Kuzmin'e ver.,"- Veririm, merak etme.",opus_opensubtitles_tr
Ne koyuyorsun içine?,Bir şişe şarap için dışarı çıkıyorum.,opus_opensubtitles_tr
"Büyükanne, bana bir iyilik yap.",Bir dakika...,opus_opensubtitles_tr
- Seni cepheye sürecekler mi?,- Büyük olasılıkla.,opus_opensubtitles_tr
"Al, Büyükanne...",Bekle.,opus_opensubtitles_tr
"Yarın sabah kalktığında, bunu ona götür...",- Nedir o?,opus_opensubtitles_tr
- Onun doğum günü armağanı.,Ve ona yardımcı ol.,opus_opensubtitles_tr
"Ne de olsa, savaş bu...","Lütfen, ona nazik davran.",opus_opensubtitles_tr
Ya ben ölürsem?,"Saklaman gereken bu kadar sır varken özellikle bu zamanda, ölmeye hakkın yok.",opus_opensubtitles_tr
"- Peki, de ki öldüm...",- Yapma haydi...,opus_opensubtitles_tr
"Şimdi sessiz ol, büyükanne.","Bu gelen, Veronica!",opus_opensubtitles_tr
"Hayır, Irina.","Tanrı'ya şükür, geldin.",opus_opensubtitles_tr
- Boris!,- Evet?,opus_opensubtitles_tr
Buraya gel.,25 yaşındasın ve bir aptal gibi davranıyorsun.,opus_opensubtitles_tr
"Neyiz biz, çocuk mu?",Bu ne?,opus_opensubtitles_tr
Saklambaç mı oynuyoruz?,Maceraya mı susadın?,opus_opensubtitles_tr
Ne tür bir adamsın sen?,Irina ile Mark nerede?,opus_opensubtitles_tr
"Irina kahve pişiriyor, Mark şarap almaya gitti.","Kahve, şarap...",opus_opensubtitles_tr
Bu nasıl uğurlama böyle?,Irina!,opus_opensubtitles_tr
İlaç kutusundan şu şeyi getir.,"Boris, buraya gel.",opus_opensubtitles_tr
- Veronica nerede?,- Burada olacak.,opus_opensubtitles_tr
- İyi de nerede?,- İşi var.,opus_opensubtitles_tr
Burada olması gerekirdi.,Nişanlısı gidiyor.,opus_opensubtitles_tr
Nişanlısı değilim.,- Nesin o zaman?,opus_opensubtitles_tr
- Yalnızca bir arkadaş...,- Bu biraz kuşku götürür...,opus_opensubtitles_tr
"- Onu kastetmedim, baba.",- O zaman neyi kastettin?,opus_opensubtitles_tr
"- Bak, bana zaman tanı.",- İşte alkol.,opus_opensubtitles_tr
- Onu sulandır.,Portekiz şarabı aldım.,opus_opensubtitles_tr
Otur kendin iç.,Daha sert bir içki içeceğiz.,opus_opensubtitles_tr
"Peki, herkes burada mı?",Oturalım.,opus_opensubtitles_tr
"Bu, Veronica.","Ona hoşgeldin demeyecek misin, arkadaşına?",opus_opensubtitles_tr
Nihayet!,Boris evde mi?,opus_opensubtitles_tr
Biz fabrikadan geliyoruz.,"Lütfen, içeri girin.",opus_opensubtitles_tr
Nişanlısı olduğunu sanmıştım.,- Biz fabrikadan geliyoruz.,opus_opensubtitles_tr
- Armağanlara ne dersiniz?,- Affedersiniz.,opus_opensubtitles_tr
Sizinki bu.,- Evet...,opus_opensubtitles_tr
Teşekkür ederim.,Fabrika Komitesi adına...,opus_opensubtitles_tr
"Yurttaş Boris, kanının son damlasına kadar savaşmalısın.","Melun faşistleri mahvetmelisin bizler de, fabrikada, üstümüze düşeni şevkle ve azimle yapalım.",opus_opensubtitles_tr
Bu lafları daha önce de duyduk biz.,"İyisi mi, oturun oğlum Boris için bizimle birlikte için.",opus_opensubtitles_tr
"Sanıyorum ki bu dünyadaki yaşantımız, daha bizim arzu ettiğimiz şekilde değildir.","Şimdi savaşmaya gidiyorsun, Boris...",opus_opensubtitles_tr
- İçelim.,- Sana.,opus_opensubtitles_tr
Irina!,Büyükanneye?,opus_opensubtitles_tr
Dün gece erkek kardeşimiz askere gitmiş.,Annem ağlıyordu...,opus_opensubtitles_tr
- Ya sen?,- Ben de ağlıyordum.,opus_opensubtitles_tr
"- Kimin adına, komitenin mi?",- Bunu düşünmemiştim.,opus_opensubtitles_tr
"Bizim ailede askere gidecek kimse yok, 3 kızız bir de annem.",Bir parça utanç verici...,opus_opensubtitles_tr
Dışlanmış gördüm kendimi...,"Evet, geri döndüklerinde, işte asıl o zaman bizi kıskanacaksınız.",opus_opensubtitles_tr
"Sorun şu ki, tümü birden geri dönmeyecek.","Dönemeyenler için, görkemli bir anıt olacak altın harflerle isimleri yazılmış olarak.",opus_opensubtitles_tr
"Irina, orada öyle oturma.",Bardakları doldur.,opus_opensubtitles_tr
"Ve siz gerideki millet, şevkle ve azimle!","Peki, büyükanne, unutma.",opus_opensubtitles_tr
"Mark, babamla kal.",Babanı merak etme.,opus_opensubtitles_tr
Seni uğurlayacağım.,Geriii dön!,opus_opensubtitles_tr
"Takım, ileriii marş!","Al şunu, büyükanne!",opus_opensubtitles_tr
- Boris!,- Anne!,opus_opensubtitles_tr
- Onu tekrar görmeyeceğim.,"- Üzgünüm, anne.",opus_opensubtitles_tr
İç.,İyi gelir.,opus_opensubtitles_tr
- Nereye gidiyorsun?,- Hastaneye.,opus_opensubtitles_tr
Ama şimdi görevli değilsin.,"Varvara Kapitonovna, Boris'i görmem gerek...",opus_opensubtitles_tr
Gitti.,- Gitti mi?,opus_opensubtitles_tr
Nereye?,- Orduya yazılmaya.,opus_opensubtitles_tr
- Olamaz!,- İçeri gir.,opus_opensubtitles_tr
- Nerede yazılabilir acaba?,- Bilmiyorum.,opus_opensubtitles_tr
Bu ne?,Boris'ten sana.,opus_opensubtitles_tr
Doğum günün için.,İçinde bir de not var.,opus_opensubtitles_tr
- Not nerede?,- Ne oldu?,opus_opensubtitles_tr
İçinde değil mi?,Belki de düşmüştür.,opus_opensubtitles_tr
Ya da aceleden unutmuş olabilir.,- Unutmak mı?,opus_opensubtitles_tr
- Sana yazar.,Neredeydin?,opus_opensubtitles_tr
- Boris nereye gitti?,- Parkın yakınındaki okulun bahçesine.,opus_opensubtitles_tr
"Sakin ol, gelir buraya.",Bu kalabalıkta birini bulmak çok zordur.,opus_opensubtitles_tr
Ne yapıyorsun?,Bana yaz.,opus_opensubtitles_tr
Her gün yaz.,Karnabahar göndermeni söylemiş miydim mi sana?,opus_opensubtitles_tr
"Bir uçak yüksekte, çatıların üstünde dolanıyor.","Sevgilerini gönderen, benim sevgilimdir, arşa kadar çıkan yükseklikten.",opus_opensubtitles_tr
"Eskiden, önceleri beni kapıma dek uğurlayan kişi o idi.",Öylesine tatsız bir durum ki şimdi:,opus_opensubtitles_tr
ona hoşçakal diyecek kişi benim!,Askeri Postane numarasını yazmayı unutma.,opus_opensubtitles_tr
"- Moralini düzelt, yassı burun!",- Sen gelene dek bekleyeceğiz.,opus_opensubtitles_tr
"Hoşçakal, Boris!",Kendine iyi bak!,opus_opensubtitles_tr
Sıraya girin!,Gelecek.,opus_opensubtitles_tr
Boris!,Boris!,opus_opensubtitles_tr
Hizaya girin!,Dikkat!,opus_opensubtitles_tr
İleri marş!,Boris!,opus_opensubtitles_tr
Bu benim küçük pilicim!,Boris!,opus_opensubtitles_tr
Boris!,Büyükanne...,opus_opensubtitles_tr
Bir şey yok mu?,Bana da yazmadı.,opus_opensubtitles_tr
- Hiç haber var mı?,- Yok.,opus_opensubtitles_tr
Şu lanet savaş!,Bir şekilde hayatımızı sürdürmeliyiz.,opus_opensubtitles_tr
İş için karar verdin mi?,Yarın savaş fabrikasında işe başlıyorum.,opus_opensubtitles_tr
Hava saldırısı alarmı!,Çabuk metroya.,opus_opensubtitles_tr
Bunu bitirmem gerek.,Eşyalarını topla.,opus_opensubtitles_tr
- Sırt çantası nerede?,- Şurada.,opus_opensubtitles_tr
Siz olmadan gitmem.,"Eğer durum kötüye giderse, aşağı kaçarız.",opus_opensubtitles_tr
"Git, haydi.",Metroda dikkatli ol!,opus_opensubtitles_tr
"Çok korktu, zavallı şey.",Sen korkmadın mı?,opus_opensubtitles_tr
"Veronica'nın güvende olduğunu, senin de yanımda olduğunu bilince o kadar ödlek olmuyorum.",İğrenç katiller!,opus_opensubtitles_tr
"Acısını çıkaracağız bunun, görürsünüz!",Bana yazmıyor.,opus_opensubtitles_tr
Yazmış olmalı.,Postadadır.,opus_opensubtitles_tr
Tehlike geçti!,Hava saldırısı sona erdi.,opus_opensubtitles_tr
Gidelim!,İşte şimdi oturduğum yer burası.,opus_opensubtitles_tr
"Bizimle çalışmaya karar verirsen, fabrikada bana gel.",- Gelirim.,opus_opensubtitles_tr
- Hoşçakal.,Aşağı in!,opus_opensubtitles_tr
Geri dön!,Neyin var?,opus_opensubtitles_tr
Deli misin?,Özür dilerim.,opus_opensubtitles_tr
"Veronica, bundan sonra bizimle kalabilirsin.",Boris'in odasına geç.,opus_opensubtitles_tr
"Mark, Fedya ile kalacak...","Mark, kara kara düşünmemesi için biraz ilgiye ihtiyacı olacaktır.",opus_opensubtitles_tr
Irina'yla benim hastanede çok işimiz var.,"Elimden geleni yaparım, Fedya Amca.",opus_opensubtitles_tr
Boris'e söz verdim.,Anlaştık mı?,opus_opensubtitles_tr
Fabrika mı?,Kuzmin'le konuşabilir miyim?,opus_opensubtitles_tr
O da mı askere alındı?,"Affedersiniz, Boriz Borozdin'den haberi olan var mı?",opus_opensubtitles_tr
Şu lanet savaş olmasaydı bunu Tchaikovsky Salonu'nda çalıyor olacaktım.,Senin için.,opus_opensubtitles_tr
Veronica!,Metroya gidelim.,opus_opensubtitles_tr
- Ben gitmiyorum.,- Aptal olma.,opus_opensubtitles_tr
Haydi.,- Korkuyor musun?,opus_opensubtitles_tr
- Senin için.,Benimle gel.,opus_opensubtitles_tr
Ben hiçbir şeyden korkmuyorum.,"- Veronica, metroya gidelim!",opus_opensubtitles_tr
"- Hayır, gitmiyorum.",- Kes şunu!,opus_opensubtitles_tr
Sen çıldırmışsın!,- Gitmiyorum.,opus_opensubtitles_tr
Seni seviyorum.,Hayır.,opus_opensubtitles_tr
- Seni seviyorum!,- Hayır!,opus_opensubtitles_tr
Hayır!,- Seni seviyorum!,opus_opensubtitles_tr
- Uzak dur!,- Seni seviyorum!,opus_opensubtitles_tr
- Hayır!,Hayır!,opus_opensubtitles_tr
Hayır!,Böyle kuşatılmış olmak aptalca.,opus_opensubtitles_tr
"- Stepan, sızlanmayı bırak.",- Kim sızlanıyormuş?,opus_opensubtitles_tr
Ben sızlanmıyorum.,Yüzbaşı geceye kadar yarıp çıkabileceğimizi söyledi.,opus_opensubtitles_tr
"Evet, onun lafı bu.",Sachkov!,opus_opensubtitles_tr
Şu çaylağı nereden buldun?,Kuluçka makinesinde.,opus_opensubtitles_tr
O bizim takviye kuvvetimiz.,Kuşatmayı yarıp çıkacağız mutlaka.,opus_opensubtitles_tr
Evli bir askerin konuşma tarzı mı bu acaba?,Okulun son yılında öküz gibi çalıştım.,opus_opensubtitles_tr
Çok yoğun eğitim almanın bir sonucu.,Komiksin.,opus_opensubtitles_tr
"Kendine gülerken dosdoğru tuzağa düşersin, herhalde.","- Volodya, gerçekten evli misin?",opus_opensubtitles_tr
- Önemli görünmek için söyledim.,- Borozdin!,opus_opensubtitles_tr
- Evet?,Keşfe çıkacaksınız.,opus_opensubtitles_tr
Bu gece kuşatmayı yarmak için bize en uygun yeri bulmalısınız.,- Evraklarınızı teslim edin.,opus_opensubtitles_tr
- Peki efendim.,"Hey, Sachkov!",opus_opensubtitles_tr
"Bunu al, olur mu?",Neden dinlenmiyoruz?,opus_opensubtitles_tr
Ve sigara içmiyoruz?,Hep böyle gülümser mi?,opus_opensubtitles_tr
Büyük olasılıkla hepimizin öldüğünü düşünüyordur.,Şu güzeli görelim bakalım.,opus_opensubtitles_tr
"Hey, askerin yaşama nedeni!","- Sen buradasın, o ise...",opus_opensubtitles_tr
- O ise ne?,"Hey, dur şunu bir deneyeyim.",opus_opensubtitles_tr
"- Şunu tutar mısın, Sachkov?",- Elbette.,opus_opensubtitles_tr
İlk deneme için hiç fena değil.,Kesin şunu!,opus_opensubtitles_tr
- Utanmıyor musun?,"- Hayır, efendim.",opus_opensubtitles_tr
- Beş gün hapis!,"- Peki, efendim.",opus_opensubtitles_tr
- Siz ikiniz keşfe gidiyorsunuz.,- Neden?,opus_opensubtitles_tr
Evraklarınızı teslim edin!,"Boris, al.",opus_opensubtitles_tr
Onun yüzünden mi kapıştınız?,"- Buna değermiş, benden söylemesi.",opus_opensubtitles_tr
- Elbette değer!,"Yine de, disiplini elden bırakmayalım!",opus_opensubtitles_tr
Duydunuz mu?,Disiplin...,opus_opensubtitles_tr
"Stepan, tut şunu.","Dikkat et, kaybetme sakın.",opus_opensubtitles_tr
Biz...,"Biz evleneceğiz, Fedya Amca.",opus_opensubtitles_tr
Unutmuşum.,Biraz sosis kalmıştı.,opus_opensubtitles_tr
- Başını eğik tut!,- Olur olmaz emir vermeyi kes!,opus_opensubtitles_tr
Herifler farkına varmadan buradan çıkalım.,"- Korkuyorsan, koş.",opus_opensubtitles_tr
"- Haydi, seni aptal!",Hey!,opus_opensubtitles_tr
Müzisyen!,Sağır mısın?,opus_opensubtitles_tr
"Nereden bu adama bulaştım, bilmem ki?",Neyin var senin?,opus_opensubtitles_tr
Beni duyabiliyor musun?,- Sen git.,opus_opensubtitles_tr
Biraz dinlenmek istiyorum.,- Yaralandın mı?,opus_opensubtitles_tr
Bana tutun.,- Beni yalnız bırak.,opus_opensubtitles_tr
"- Sana diyorum, ayağa kalk!","Şimdi tutun, sıkı tutun.",opus_opensubtitles_tr
Böyle olmuyor.,Seni taşımam gerek.,opus_opensubtitles_tr
"Haydi, beni bırak burada.",Sana vurduğum için hala bana kızgın mısın?,opus_opensubtitles_tr
"- Yalnızca şansın vardı, yoksa...","- Kes sesini, sonra konuşuruz.",opus_opensubtitles_tr
"İşte, tamam...",İyi misin?,opus_opensubtitles_tr
"Dayan, arkadaş.",Ormana çok az kaldı.,opus_opensubtitles_tr
Orada güvende olacağız.,Soluğum kesildi.,opus_opensubtitles_tr
Biraz dinlenelim.,Burası daha sessiz.,opus_opensubtitles_tr
Nasılsın?,Soluk almak zor.,opus_opensubtitles_tr
"Dayan, daha seni evlendirmemiz gerekiyor...","Hey, dostum!",opus_opensubtitles_tr
Neyin var?,Ne oldu?,opus_opensubtitles_tr
"Affet beni, arkadaşım, affet beni...",Benim hatam...affet beni...arkadaşım...,opus_opensubtitles_tr
"Hey, kimse yok mu?",Yardım edin!,opus_opensubtitles_tr
Yardım edin!,Yardım edin!,opus_opensubtitles_tr
"Beni duyabiliyor musun, Boris?",Vuruldun mu?,opus_opensubtitles_tr
"Bir şey yok, ben yalnızca...","Sovyet Haber Bürosu, son 24 saatte cephede önemli değişiklikler olmadığını bildiriyor.",opus_opensubtitles_tr
Olmayan haber iyi haberdir.,326 nolu binadan boşaltılan aileler Vosstaniya Caddesi'ne yerleşecekler.,opus_opensubtitles_tr
"Yurttaşlar, lütfen buraya kayıt olun.","- Irina, yaralılar için bana yardım et.",opus_opensubtitles_tr
- Bir hastane hademesi bulurum.,Herkes gitmiş!,opus_opensubtitles_tr
Sibirya!,Bundan daha ileri gidemeyiz.,opus_opensubtitles_tr
Zavallı Rusya Ana.,Lütfen dikkat!,opus_opensubtitles_tr
"Askeri Hastane Başhekimi, Yurttaş Borozdin hemen askeri komutanı görün.",Nihayet burada huzur buluruz belki.,opus_opensubtitles_tr
"Sapa bir yer, boşaltılmış, tahliye edilmiş.",Soban tütüyor.,opus_opensubtitles_tr
Affedersin.,Hayallerini savaşın bitimine sakla.,opus_opensubtitles_tr
Nereye gidiyorsun?,Hastaneye.,opus_opensubtitles_tr
Görevliyim.,"Ruh gibi dolaşıyor ortalıkta, sinirleri berbat.",opus_opensubtitles_tr
"Zavallı şey, bir mektup bekliyor.",Kimden?,opus_opensubtitles_tr
Kocası bizimkiler gibi cephede değil ki.,Mektup filan beklemiyor.,opus_opensubtitles_tr
- Okulda ikinci vardiyan var mı senin?,- Evet.,opus_opensubtitles_tr
"Leylekler, gökyüzünde gemiler gibi süzülüyorlar...",Şu aptal dizeleri aklımdan çıkaramıyorum.,opus_opensubtitles_tr
İşte o!,- Kim?,opus_opensubtitles_tr
- Mektup getiren.,"Elliye kadar sayabilirsem, bana bir mektup var demektir.",opus_opensubtitles_tr
"- Bir, iki, üç, dört...","- Bırak şunu, Veronica.",opus_opensubtitles_tr
"- Onbeş, onaltı...","- Veronica, seninkisi delilik.",opus_opensubtitles_tr
"- Ondokuz, yirmi...",- Kes şunu!,opus_opensubtitles_tr
"Kırkyedi, kırksekiz...",- Günaydın!,opus_opensubtitles_tr
- Günaydın!,"Üzgünüm, sana bir şey yok.",opus_opensubtitles_tr
Bu sana.,- Lebedeva?,opus_opensubtitles_tr
- Benim.,- Paliukaitis?,opus_opensubtitles_tr
- Yok.,En büyük oğlumdan.,opus_opensubtitles_tr
Ukrayna Cephesi'nden.,Boris'i tanımıyordum.,opus_opensubtitles_tr
"Ama herkes ne kadar iyi, yetenekli bir çocuk olduğunu söylüyor.",Olduğunu mu?,opus_opensubtitles_tr
"""Harekat sırasındaki kayıplar"" listesinde yer alması öldüğü anlamına gelmez.",Tabii gelmez.,opus_opensubtitles_tr
"Doğru ifade edemedim, hepsi bu.","- Neyin var, Veronica?",opus_opensubtitles_tr
"- Ölüyorum, Anna Mikhailovna.","Böyle söyleme, Veronica.",opus_opensubtitles_tr
Zavallı çocuk.,Her şeyi kaybettim.,opus_opensubtitles_tr
Önünde koca bir ömür var.,İstemiyorum!,opus_opensubtitles_tr
Neye yararı var ki?,Geçmişi unutman gerek.,opus_opensubtitles_tr
Unutmak insanın doğasında var.,Unutmak istemiyorum.,opus_opensubtitles_tr
Gerek duymuyorum.,Hataların için kendine eziyet etmeye devam edemezsin.,opus_opensubtitles_tr
Etmeliyim.,Ömrüm boyunca.,opus_opensubtitles_tr
"Tarih dersi veren, bilge bir kadınsın.","Yaşamın anlamı nedir, söyle bana?",opus_opensubtitles_tr
Yaşamın anlamı mı?,Belki anlamı...,opus_opensubtitles_tr
- Chernov buraya geldi mi?,- Daha gelmedi.,opus_opensubtitles_tr
"Açlıktan geberdim, ha!",Chernov geldiğinde lütfen ona iyi davran.,opus_opensubtitles_tr
Beni hasta ediyor o.,"Ben de aynı şeyleri hissediyorum, ama yine de o benim patronum.",opus_opensubtitles_tr
Onun çizmelerini yalaman için bir neden mi bu?,"Lütfen, Veronica, böyle devam edemez.",opus_opensubtitles_tr
"Hep hırçınsın, hep eleştiriyorsun.","Söylesene, seni nasıl mutlu edebilirim?",opus_opensubtitles_tr
Gözümün önünden kaybol yeter.,"Girin, kapı açık.",opus_opensubtitles_tr
Girin!,"Mark, rahatsız ettiğim için bağışla.",opus_opensubtitles_tr
"Olur mu öyle şey, memnuniyetle.",Şunu alayım.,opus_opensubtitles_tr
Gazeteyi okudun mu?,Alman'lar Kafkas'larda ilerlemişler.,opus_opensubtitles_tr
"Evet, bu korkunç.",Ama onlara kim olduğumuzu göstereceğiz.,opus_opensubtitles_tr
Lütfen rahatına bak.,Burası sıcak.,opus_opensubtitles_tr
Yerin çok hoş ve sıcak.,"Eşim ve çocuklarım Taşkent'te, bir tür evsiz barksız sayılırım.",opus_opensubtitles_tr
"- İyi günler, Veronica.",- İyi günler.,opus_opensubtitles_tr
"- Nereye gidiyorsun, sevgilim?",- Hastaneye.,opus_opensubtitles_tr
Görevliyim.,Sarıp sarmalan.,opus_opensubtitles_tr
Hava çok soğuk.,Eşine hayranım.,opus_opensubtitles_tr
Çok dürüst biri...,Seninle çok mutlu olmalı.,opus_opensubtitles_tr
- Filarmoni orkestrasında aradım seni.,- Konser mi vardı?,opus_opensubtitles_tr
Hayır.,Bu gece doğum günü partisine gidecek misin?,opus_opensubtitles_tr
Gidebilirim.,- Ona ne vereceksin?,opus_opensubtitles_tr
- Ne verebilirim?,Savaş!,opus_opensubtitles_tr
"Evet, şu savaş.","Muhteşem bir şey değil tabii, ama biraz hoşuna gidecektir Antonina memnun kalacaktır.",opus_opensubtitles_tr
Bu harika!,Borcum ne kadar?,opus_opensubtitles_tr
"- Gerçekten önemsiz, boşver.",- Çok teşekkür ederim.,opus_opensubtitles_tr
"Mark, bana bir iyilik yapar mısın?",- Yukarıda kimse var mı?,opus_opensubtitles_tr
- Hayır.,Feodor Ivanovich'ten bana biraz ilaç getirebilir misin?,opus_opensubtitles_tr
"İyi işti, Irina.",Paçayı kurtaracak.,opus_opensubtitles_tr
Öyle umarım.,Kurtarmasa keşke demek dobra dobra konuşmak olurdu.,opus_opensubtitles_tr
"Irina, sen erkek olmalıymışsın!",Kız olmaktan şikayetim yok.,opus_opensubtitles_tr
Veronica!,Bu kadar erken ne işin var burada?,opus_opensubtitles_tr
Saat ileriymiş.,Zavallı kız...,opus_opensubtitles_tr
Boris'e yaptıkları yüzünden onu affedemem.,Yine yeni hastalar!,opus_opensubtitles_tr
Başka yerimin olmadığını söylemiştim onlara.,"Ben hastane yönetiyorum, balıkhane değil!",opus_opensubtitles_tr
- Bunlar Kalach'tan mı?,- Stalingrad'dan.,opus_opensubtitles_tr
"Kimisi cepheden, kimisi de başka hastanelerden.",Burada da bize yer yok.,opus_opensubtitles_tr
"Merak etme, yer bulurlar.",80 kişi alabilirim.,opus_opensubtitles_tr
Kalanlar başka hastanelere gitmek zorunda.,Şimdi bir düşüneyim...,opus_opensubtitles_tr
"Lütfen saygılarımı ilet, Sergei'ye, Feodor'a, Vassily'ye Maria Teyze'ye, Agraphyona'ya Catherine'e, Barbara'ya Nikolai'ya, Catherine'e...",- Catherine demiştin zaten.,opus_opensubtitles_tr
- Bu başkası.,- Açıklamak istemez misin?,opus_opensubtitles_tr
- Bunu anlarlar.,"Yine, Zinaida'ya, Antonina'ya, Kuzma'ya...",opus_opensubtitles_tr
Hemşire!,"- Ne istiyorsun, Vorobyov?",opus_opensubtitles_tr
- Boşver.,Hemşire!,opus_opensubtitles_tr
- Tuvalet için şey istiyor.,- Veririm.,opus_opensubtitles_tr
Teşekkürler.,Bu çok güzel müzik!,opus_opensubtitles_tr
"Sesini biraz açar mısın, lütfen?",Kes şu müziği!,opus_opensubtitles_tr
Kıs şunu!,Duyuyor musun beni?,opus_opensubtitles_tr
Bağıran kimdi?,"Bendim, ne olmuş?",opus_opensubtitles_tr
"- Zakharov, neyin var?",- Beni rahat bırak!,opus_opensubtitles_tr
Öfkeden çıldırdı.,Bu sabah evinden kötü haberler aldı.,opus_opensubtitles_tr
"Sevgilisi onun arkadaşıyla evlenmiş hemen, fahişe.",Bir lokma bile yemedi.,opus_opensubtitles_tr
"Bir çaresine baksanız, hemşire.","Bu kahpeler faşistlerden bile kötü, tam kalbe nişan alıyorlar.",opus_opensubtitles_tr
Yemeye çalışmalısın.,İyileşmenin tek yolu bu.,opus_opensubtitles_tr
İyileşmek istemiyorum!,Nalları dikmek istiyorum!,opus_opensubtitles_tr
Doktoru çağırın.,Sakin ol.,opus_opensubtitles_tr
"Lütfen, sakin ol.",Bir kadın yüzünden...,opus_opensubtitles_tr
Tam bir gerzeklik!,Doktoru çağırın!,opus_opensubtitles_tr
Hemen doktoru çağırın!,Kesin şu bağırtıyı!,opus_opensubtitles_tr
Tavuk sürüsü gibi gıdaklamayın!,Bizi şimdi nereye götürecekler acaba?,opus_opensubtitles_tr
Bu memlekette hastaneden çok ne var?,"Çocuklar, başhekim geliyor!",opus_opensubtitles_tr
Piçler!,Susun!,opus_opensubtitles_tr
Kızıl Ordu'nun askerisin!,Orduyu bırakıp kaçmak mı istiyorsun?,opus_opensubtitles_tr
"Eğer sana iyi bakmadığımızdan korkuyorsan, orduya geri dönebilirsin!",İnsaflı olun.,opus_opensubtitles_tr
Evinden kötü haber aldı.,Biliyorum.,opus_opensubtitles_tr
Bu yalnızca bir bahane.,Sevgilisi onu terk ettiyse ne olmuş yani?,opus_opensubtitles_tr
Kurtulmuş işte!,"Kıytırık bir asker kaçağı için bunun gibi yakışıklı bir askeri, gerçek bir kahramanı bıraktıysa o kız beş para etmez zaten.",opus_opensubtitles_tr
Doğru.,Mutluluğu elinden kaçıran o kızın kendisi!,opus_opensubtitles_tr
"Ve her neye sahip olduysa, onu hak ediyor demektir!",Ne kadar basit bir kız!,opus_opensubtitles_tr
"Böyle bir kadın, senin çektiğin acıları anlayabilir mi acaba?","Onu gebertmek, bu tipler için iyi bir ceza olurdu.",opus_opensubtitles_tr
En zor sınavı başarıyla geçtin sen.,"Ölümle yüz yüze geldin, onunla cebelleştin.",opus_opensubtitles_tr
O ise kısacık bir süre bile tahammül etme başarısını gösteremedi.,"Onurlu erkeklerin, bu tür kadınları pislik gibi görmekten başka yapabilecekleri bir şey yoktur.",opus_opensubtitles_tr
Böyle yaratıklar asla affedilemez!,Sargılarını düzeltin!,opus_opensubtitles_tr
"Sima Teyze, ona taze lapa ve biraz sıcak çay getir.",Topla kendini şimdi.,opus_opensubtitles_tr
Veronica...,Ne biçim anasın sen?,opus_opensubtitles_tr
Çocuğuna göz-kulak olsana!,Bir de beni sorumlu tutacaklar!,opus_opensubtitles_tr
"Ayakta uyuyorsun, seni aptal!",- Kimsin sen?,opus_opensubtitles_tr
- Annemin oğluyum.,- Nerelisin?,opus_opensubtitles_tr
- Voroshilovgradlı.,- Kaç yaşındasın?,opus_opensubtitles_tr
- Üç yıl üç aylık.,- Adın ne peki?,opus_opensubtitles_tr
- Boris.,- Ne?,opus_opensubtitles_tr
- Boris.,- Bu keyifli uyanma neden?,opus_opensubtitles_tr
- Hastanede konser var.,- Mantıklı bir hikaye!,opus_opensubtitles_tr
"- Tamam, tamam.",- Mark burada mı?,opus_opensubtitles_tr
"- Şu ana dek, evet.",Bunu senin için saklıyordum.,opus_opensubtitles_tr
"Çok teşekkürler, Anna Mikhailovna.",Tanıdığımız küçük bir oğlan için.,opus_opensubtitles_tr
Onun doğum günü de.,"Keşke herkes senin kadar şefkatli olsaydı, Mark.",opus_opensubtitles_tr
Bu tür bileşik yaralanmalarda tedavi biçimi yara bölgesindeki değişikliklere önemli ölçüde bağlıdır...,"- İlginç, ama beni aşar.",opus_opensubtitles_tr
"- Neden, aslında oldukça basit.",Klinik pratisyen hekim için kolayca anlaşılır olmamakla birlikte çoğu durumda hastalığın nedenlerini araştırma bilimince...,opus_opensubtitles_tr
- Bu ne?,- Ne dolaplar çeviriyorsun?,opus_opensubtitles_tr
Dolap çevirmek de ne demek?,Zavallı çocuk ailesini kaybetmiş.,opus_opensubtitles_tr
Annemi istiyorum!,Bulunan Çocuklar Merkezi'ne götürmen gerekir onu.,opus_opensubtitles_tr
Sen kendin git o Merkez'e!,- Kaba çocuk!,opus_opensubtitles_tr
"- Kaba değilim, sensin kaba!",Ağlama artık.,opus_opensubtitles_tr
Anneni Voroshilovgrad'da buluruz.,Sus artık şimdi.,opus_opensubtitles_tr
"- Zavallı çocuk, annesini istiyor.","- Bak, bir keçi geliyor...",opus_opensubtitles_tr
Şıngırdatmayı kes.,Kulaklarımı acıtıyorsun.,opus_opensubtitles_tr
"Al, bununla oyna.",İstemiyor musun?,opus_opensubtitles_tr
Tanrım.,Al sana bir simit.,opus_opensubtitles_tr
Onu sustur!,Beni çıldırtıyor.,opus_opensubtitles_tr
Keşke oynayabileceği oyuncaklarımız olsaydı...,"Irina, biraz tutsana onu.",opus_opensubtitles_tr
"Hah, başka derdin?","Ağlamayı kes, olur mu?",opus_opensubtitles_tr
Bana ver onu.,"Haydi, küçüğüm, küçük Boris'im...",opus_opensubtitles_tr
Üstünü çıkarıp uyutayım seni...,Sincabımı gören var mı?,opus_opensubtitles_tr
"Evet, Mark aldı onu.",- Neden?,opus_opensubtitles_tr
- Bir çocuğa verecekmiş.,Benim sincabımı mı verecek?,opus_opensubtitles_tr
- Mark nerede?,- Bilmiyorum.,opus_opensubtitles_tr
- Mark nerede?,- Bilmiyorum.,opus_opensubtitles_tr
Benden bir şey saklıyorsunuz.,"Nerede olduğunu biliyorsunuz, değil mi?",opus_opensubtitles_tr
Nerede o?,Büyük olasılıkla Antonina'nın partisine gitmiştir.,opus_opensubtitles_tr
- Ne Antonina'sı?,- Neden Mark'a sormuyorsun?,opus_opensubtitles_tr
"- Kim o kız, söyle!",- Emir verip durma.,opus_opensubtitles_tr
Mark ara sıra onu ziyarete gider.,Anladın mı?,opus_opensubtitles_tr
- Beni kızdırmak için söylüyorsun bunu.,- Neden bunu isteyeyim ki?,opus_opensubtitles_tr
"Çünkü evliyim, seviliyorum, sen hala bir kız kurususun!","Kes şunu, Veronica!",opus_opensubtitles_tr
Antonina yiyecek dükkanının yanında oturuyor hemen yandaki küçük evde.,Oraya git de kendi gözünle gör.,opus_opensubtitles_tr
Sakin ol.,Bir şeyler yapmalıyım.,opus_opensubtitles_tr
Mark eve gelince konuşursun.,Ama şimdi beklemen gerek.,opus_opensubtitles_tr
"Tabii, beklemeliyim...",Yaptığım hep beklemek olmuştur zaten.,opus_opensubtitles_tr
Bu kadarı yeter!,Dudaklarımız hissizleşsin.,opus_opensubtitles_tr
Sözler boşuna.,Çoğunlukla yalan olabilirler.,opus_opensubtitles_tr
"Yalnızca gözlerimiz, asla yalana cüret etmez...",Gözlerdeki ışıltı sonsuza dek gerçektir.,opus_opensubtitles_tr
Gözlerim şimdi üzgün ve karanlık...,Sanki içindeki mum sönmüş gibi...,opus_opensubtitles_tr
"Leningrad'da partilerimden sonra kenti dolaşacağız kentin bir başından, öteki başına dek.",Şimdi gitmeye hazırlan.,opus_opensubtitles_tr
"Orada savaş sürüyor, Antonina.","Arabalar ağırlıklarınca altın ediyor, benzin tümüyle karneye bağlanmış.",opus_opensubtitles_tr
Herhangi bir araba bul!,Yalvarıyorum sana!,opus_opensubtitles_tr
"İtfaiye arabası, ambulans, kamyon, herhangi bir araba!",Artık umudun kalmadığı yerde bırak umutlu olayım.,opus_opensubtitles_tr
Yalnızca ikimiz mi?,Her şeyi yüzüstü bırakarak mı?,opus_opensubtitles_tr
Bir şeyler yapmaya çalışacağım.,Seni seviyorum!,opus_opensubtitles_tr
"Affedersin, dans etmem.",Her şeyi denediğimi sanıyordum ama bu tür kestaneyi hiç denemedim.,opus_opensubtitles_tr
"Bakın, bir not!",- Benim için doğum günü notu.,opus_opensubtitles_tr
- Kutlarım!,Sincap nerede?,opus_opensubtitles_tr
Sincabım nerede?,"Bak, sakın aklına bir şey gelmesin...",opus_opensubtitles_tr
Boris adında birinden bir not var.,"Bir tanem, doğum günün kutlu olsun...",opus_opensubtitles_tr
Doğum günün bugün.,Seni bırakıp gitmek çok zor.,opus_opensubtitles_tr
Ama yapacak bir şey yok.,Savaş bu!,opus_opensubtitles_tr
Gitmem gerek.,"Yaşantımızı bu şekilde sürdüremezdik, keyfimize bakarak ölüm ülkemize sinsice sokulurken.",opus_opensubtitles_tr
Bir gün mutlu olacağız.,"Seni seviyorum, sana güveniyorum.",opus_opensubtitles_tr
"Senin, Boris'in.",Neden böyle telaşlandın?,opus_opensubtitles_tr
Eve git.,Hemen dönerim ben de.,opus_opensubtitles_tr
Neden?,- Paltonu çıkar.,opus_opensubtitles_tr
- Teşekkür ederim.,"Biliyorsun, tüm Filarmoni arabaları bu gece kullanılıyor ben de bir araba bulmak zorundayım.",opus_opensubtitles_tr
"Sen Baş Cerrah'sın, bana bu iyiliği yaparsın herhalde...",Ulaşım bizim en büyük sorunumuz.,opus_opensubtitles_tr
"Benim için de çok zordu, ama ben elimden geleni yapmıştım.",Sen istediğin zaman ben işini halletmiştim...,opus_opensubtitles_tr
- Ne istemiştim senden?,- Ayrıcalık.,opus_opensubtitles_tr
Şimdi imtiyazın süresi doluyor bu kez aynı ayrıcalığı sağlamak neredeyse olanaksız.,- Ayrıcalıktan kastın nedir?,opus_opensubtitles_tr
- Mark'ın askere yazılmaması.,Her şeyi çok gizli ve dikkatlice hallettiğimden emin olabilirsin.,opus_opensubtitles_tr
Senin haberin olmadan Mark bunu yapmış olabilir mi?,Hatta senin adına bana para bile teklif etmişti...,opus_opensubtitles_tr
Affedersin.,"Burada olmana sevindim, Fedya Amca.",opus_opensubtitles_tr
Onunla konuşmanı isterim.,"Çağrılmadan gelip baskın yaptı, kavga başlattı...",opus_opensubtitles_tr
Kapıyı kapat.,Bir insanın oğlunu savaşın ortasına göndermekten zevk duyacağına inanıyor musun?,opus_opensubtitles_tr
Ne demek istiyorsun?,"Başkaları kollarını, bacaklarını, gözlerini, hatta hayatlarını kaybetmek zorunda ama sen adi zevklerin, sağlığın ve mutluluğun için hayatta kalmalısın, inancın bu mu?",opus_opensubtitles_tr
Hiç kimseye bir borcun yok mu?,"Savaştan kaçtığımı öğrenmişsin, Fedya Amca.",opus_opensubtitles_tr
Bu ayrıcalığı nasıl aldığını söyle bize.,"Ne yapıyorsun, Veronica?",opus_opensubtitles_tr
Tamam.,Bir oda kiralayacağım.,opus_opensubtitles_tr
Oğlanı da alıyorum.,Başka birisi oda kiralasa daha iyi olur belki.,opus_opensubtitles_tr
Memnuniyetle.,Uzun zamandır istiyordum bunu.,opus_opensubtitles_tr
Keşke ilk evde beni kovmuş olsaydın.,Korkunç bir sıkıntı yaşıyorsun.,opus_opensubtitles_tr
Yalnızca daha kötü bir şey yapmış birisi seni ayıplayabilirdi.,Bizimle kal.,opus_opensubtitles_tr
Kalamam.,Başka birinin arkasına saklanamam.,opus_opensubtitles_tr
İstemem de.,Bunun üzerinde düşün.,opus_opensubtitles_tr
"Bakar mısın, Borozdin ailesini nerede bulabilirim?",- Hangisini arıyorsun?,opus_opensubtitles_tr
- Feodor Ivanovich.,Şu an içeride değil.,opus_opensubtitles_tr
Boris mi gönderdi?,"Hayır, kendim geldim.",opus_opensubtitles_tr
Feodor Ivanovich'i görmeliyim.,- Oturmaz mısın?,opus_opensubtitles_tr
- Sağol.,Feodor Ivanovich birazdan burada olur.,opus_opensubtitles_tr
- Dışarı çıkabilir miyim?,- Olur.,opus_opensubtitles_tr
- Senin mi?,"- Evet, benim oğlum.",opus_opensubtitles_tr
Benziyor.,Borozdin'lerin akrabası mısın?,opus_opensubtitles_tr
Aslında değilim.,Elimden geldiği kadar savaştım.,opus_opensubtitles_tr
Eve mi dönüyorsun?,Daha değil.,opus_opensubtitles_tr
Leningrad hala kuşatma halinde.,"- Evet, zor bir durumdayım.",opus_opensubtitles_tr
- Neden?,Aileden olmadığın için söylememde bir sakınca yok sanırım.,opus_opensubtitles_tr
Bir adama oğlunun öldüğünü nasıl söylersin ki?,- Nerede oldu?,opus_opensubtitles_tr
- Smolensk yakınında.,Ne çalmamı istersin?,opus_opensubtitles_tr
Fark etmez.,Gömüldüğünü gördün mü onun?,opus_opensubtitles_tr
Hayır.,Bir sedyeye koydular beni ve hastaneye götürdüler o da Stepan adlı bir arkadaşıyla birlikteydi.,opus_opensubtitles_tr
Stepan...,Şimdi sevgilisini bulmak zorundayım.,opus_opensubtitles_tr
Onu gerçekten çok seviyordu.,Sevgilisi benim.,opus_opensubtitles_tr
"Moskova'da bulunursan bizi görmeye gel, Volodya.",Çok teşekkür ederim.,opus_opensubtitles_tr
Gelirim.,Savaş sona erdi.,opus_opensubtitles_tr
"Tuhaf, değil mi?",Hala bekliyor musun?,opus_opensubtitles_tr
Evet.,Kimse umudunu yitirmemeli.,opus_opensubtitles_tr
Beklemenin yararı ne?,Kendi gözlerimle gördüm olayı.,opus_opensubtitles_tr
Ne gördün ki sen?,Yaralı mı gördün onu?,opus_opensubtitles_tr
Yere düşerken mi gördün onu?,Onu ölü olarak görmedin ki.,opus_opensubtitles_tr
"Ama eğer yaşıyorsa, neden sana yazmadı?",Her şey olabilir.,opus_opensubtitles_tr
Stepan'da bir başkasına yazmadı.,Fabrikadakiler onun Özel Harekat'ta olduğunu biliyorlar.,opus_opensubtitles_tr
"Dasha, o döndüğünde bana haber vereceğine söz verdi.",Boris yaşıyor.,opus_opensubtitles_tr
O yaşıyor.,Bakın!,opus_opensubtitles_tr
Zafer kazananlar geliyor!,"Kolia, sevgilim, geri döndün!",opus_opensubtitles_tr
Boris!,Veronica!,opus_opensubtitles_tr
Stepan!,Çiçekler...,opus_opensubtitles_tr
Senin için.,Ee?,opus_opensubtitles_tr
Ne var?,Anlarsın...,opus_opensubtitles_tr
Şey...,Sevgilim!,opus_opensubtitles_tr
"Sevgili anneler, babalar, kardeşler!",Yeniden bir araya gelmekten sonsuz mutluluk duyuyoruz.,opus_opensubtitles_tr
Her Sovyet yurttaşının yüreği neşeyle coşuyor zafer mutluluğuyla!,Hepimiz bu mutlu anı bekledik.,opus_opensubtitles_tr
Mücadelemizin en güç zamanlarında bu anı düşledik.,Ama savaş meydanında sessizce yatanları asla unutmayacağız.,opus_opensubtitles_tr
"Yıllar geçecek, kentlerimiz yeniden inşa edilecek yaralarımız bir gün mutlaka sarılacak.","Yüreklerimizde tek bir şeyi yaşatalım, savaştan duyduğumuz o büyük nefreti!",opus_opensubtitles_tr
"Sevdiklerini bugün kucaklayamayanların acılarını, kederlerini derinden hissediyoruz.",Sözümüzü tutmak için hepimiz yemin etmeliyiz ki sevgililer bir daha asla savaş nedeniyle ayrılmasın anneler çocukları için korkup kaygılanmasın cesur babalarımız gözyaşlarını gizli gizli içlerine akıtmasın.,opus_opensubtitles_tr
"Biz kazandık, hayatta kaldık, ama bu yıkıp yok etmek için değildir yeni, yepyeni bir yaşam kurmak içindir!",Orada öyle dikilip durma.,opus_opensubtitles_tr
Çiçekler kimin içinse ona ver.,"Çok teşekkür ederim, kardeş.",opus_opensubtitles_tr
Canım benim!,Ne de tombişmiş canım benim!,opus_opensubtitles_tr
"Bakın, leylekler Moskova'nın üzerinden geçiyor!",Nehir Kenarı,opus_opensubtitles_tr
- Bu gerçekten iyi bir marka.,Ne kadar?,opus_opensubtitles_tr
- Kimliğini görmem gerekiyor.,- Evde bıraktım.,opus_opensubtitles_tr
Ne kadar?,- Kimliğini göstermeden olmaz.,opus_opensubtitles_tr
- Zırvalamayı kes.,Para üstü kalsın dostum.,opus_opensubtitles_tr
- Paranı almayacağım.,Kimlik görmem lazım.,opus_opensubtitles_tr
Kimliğim yok.,Buraya üç ay önce geldim.,opus_opensubtitles_tr
Frank benden hiç kimlik istemezdi.,Frank işini kaybetti çünkü bira satarken kimlik sormuyordu.,opus_opensubtitles_tr
Neden pislikleşiyorsun?,Parayı al ve buradan defolup gideyim.,opus_opensubtitles_tr
"- Bu, kanun ve kural...",- Umurumda değilsin ve kanunların da umurumda değil.,opus_opensubtitles_tr
Ne dediğimi anlıyor musun?,- Kahrolası parayı al tamam mı?,opus_opensubtitles_tr
- Birayı bırak.,- Pislik olma.,opus_opensubtitles_tr
- Birayı bırak.,- Taşak.,opus_opensubtitles_tr
- Bok kafa.,Taşak.,opus_opensubtitles_tr
Bundan bahsetme hiç.,Seni bu sabah gördüm.,opus_opensubtitles_tr
Evet?,Uyuşturucun var mı?,opus_opensubtitles_tr
Hayır.,Atla.,opus_opensubtitles_tr
Nerede bulabileceğimizi biliyorum.,Nereye gidiyoruz?,opus_opensubtitles_tr
Feck'e.,Radikal.,opus_opensubtitles_tr
"Ona kötü bir şey yaptı, biliyorum.",Onu bulacağız.,opus_opensubtitles_tr
Kardeşin nerede?,Missy nerede?,opus_opensubtitles_tr
- Onu öldürdüm.,- Hayır!,opus_opensubtitles_tr
Onu boğdum.,"Kim, Iütfen.",opus_opensubtitles_tr
- Seni küçük pislik.,- Burada uyumaya çalışıyorum dedim.,opus_opensubtitles_tr
"Lütfen, Kim.",Sana yeni bir tane aldırırız.,opus_opensubtitles_tr
"Aynısı olmaz, ben kendi Missy'mi geri istiyorum.",Neden bu kadar acımasızsın?,opus_opensubtitles_tr
- Nereye gittiğini sanıyorsun?,- Biri uyumaya çalışıyor.,opus_opensubtitles_tr
Sessizlik istiyorsan kafanı kıçına sok.,"Tim, geri gel.",opus_opensubtitles_tr
Aydınlat.,Yaşımı hatırla.,opus_opensubtitles_tr
"Böyle numaralar çevirmen yeterince aptalca, bir de bununla övünüyorsun...",Aç şu kapıyı.,opus_opensubtitles_tr
Çabuk ol.,Hemen geliyorum.,opus_opensubtitles_tr
- Erken geldi.,Uyuşturucu almaya gidiyorsunuz değil mi?,opus_opensubtitles_tr
- Seni ilgilendirmez.,"Öbür bebeğinden ne haber, güzel Tracy?",opus_opensubtitles_tr
- Hayır.,- Bok kafaya yeni bir tane aldıracağım.,opus_opensubtitles_tr
Bok kafanın bana yeni bir tane almasını istemiyorum.,Onu dövmeni istiyorum.,opus_opensubtitles_tr
Tatlım...,Tim?,opus_opensubtitles_tr
- Feck'e gidiyorsunuz ha?,- Feck hakkında ne biliyorsun?,opus_opensubtitles_tr
Defol osuruk.,Sizinle gelmeme izin verin.,opus_opensubtitles_tr
Size bir ceset gösterebilirim.,Ne?,opus_opensubtitles_tr
Kız arkadaşın mı oldu?,Dalga geçmiyorum.,opus_opensubtitles_tr
"Bak, bir esrar için ölüyorum.",Hemen bu eve geri dön.,opus_opensubtitles_tr
Tim.,Tim!,opus_opensubtitles_tr
Ne var?,Feck ücret istemez.,opus_opensubtitles_tr
Ben istiyorum.,Ne?,opus_opensubtitles_tr
Bu arabanın Tanrı'nın gazıyla mı çalıştığını sanıyorsun?,- Bilmiyorum.,opus_opensubtitles_tr
"- Neyse, dün gece neredeydin?",John kontrolünü kaybetti.,opus_opensubtitles_tr
- Bahse girerim.,Başka kim vardı?,opus_opensubtitles_tr
- Jamie.,Jamie.,opus_opensubtitles_tr
Bir şey kaçırmamışım.,"Şimdi Clarissa, belki.",opus_opensubtitles_tr
Ellerini Clarissa'dan uzak tut ahbap.,"Lanet, ne için endişeleniyorum?",opus_opensubtitles_tr
Ne?,ÖIüyor musun orada?,opus_opensubtitles_tr
- Çekler posta kutusunda.,"- Benim Feck, Layne.",opus_opensubtitles_tr
Ateş etme tamam mı?,Beynini dağıtabilirdim.,opus_opensubtitles_tr
- Biliyorum Feck.,- Eskiden bir kızı vurmuştum.,opus_opensubtitles_tr
Biliyorum.,Bunu söyleyip duruyorsun.,opus_opensubtitles_tr
O namluyu biraz aşağı indirmek ister misin?,Ben senin dostunum.,opus_opensubtitles_tr
"Evet, öyle mi diyorsun?",- Benim dostumsun?,opus_opensubtitles_tr
- Evet.,"Evet, beki öyle.",opus_opensubtitles_tr
- Bir şey yapmaya kalkışma.,- Tamam.,opus_opensubtitles_tr
Neden sen ve Matt içeri gelip Ellie'yi görmüyorsunuz?,Çok isterdim Feck?,opus_opensubtitles_tr
"Ama biz, okula gecikiyoruz.",- Evet.,opus_opensubtitles_tr
- Evet.,Evet?,opus_opensubtitles_tr
Ne kadar istiyorsun o zaman?,Oh yapma.,opus_opensubtitles_tr
"Hayır, buraya eski dostum Feck'in nasıI olduğunu görmeye geldim.","Evet, eski dost Feck.",opus_opensubtitles_tr
Evet.,Ne kadar istiyorsun?,opus_opensubtitles_tr
Sadece bir kaç sigara.,Burada bekle.,opus_opensubtitles_tr
- Sen benim dostumsun.,- Kesinlikle.,opus_opensubtitles_tr
Bunu o yaptırdı ahbap.,Evet biliyorum Feck.,opus_opensubtitles_tr
"Bilirsin, kadınlar şeytandır.",Onu öldürmek zorundaydın.,opus_opensubtitles_tr
- Evet.,Hala peşimdeler.,opus_opensubtitles_tr
- Evet.,"- Tamam, görüşürüz.",opus_opensubtitles_tr
"- Tamam, görüşürüz.",Ot için teşekkürler.,opus_opensubtitles_tr
Dostlar.,Sen benim dostumsun.,opus_opensubtitles_tr
"Ellie, ha?",Silahı mı vardı?,opus_opensubtitles_tr
Doğru.,Sen benim dostumsun.,opus_opensubtitles_tr
- Bana bir sigara ver.,- Lanet sigarayı bırakmıştın.,opus_opensubtitles_tr
"- Dün bıraktım, bugün değil.",- Ödünç vermeyi bıraktım.,opus_opensubtitles_tr
"Kendine hakim olmayı öğren, ara veriyorsun.",Devam et.,opus_opensubtitles_tr
Bilmiyorum.,Bu çöplüğe saplandığımızı fark ettim biliyor musunuz?,opus_opensubtitles_tr
"Buradan gidelim, hoşIanırsak kalırız, geri dönmeyiz.",- Portland'ta ne yaptın?,opus_opensubtitles_tr
- Orada bizi kimse tanımıyor.,- Burada tanıyorlar mı?,opus_opensubtitles_tr
- Ben seni tanıyorum bebek.,Bu gerçekten can sıkıcı.,opus_opensubtitles_tr
Öyleyse ne?,Oduncu filan olabilir miyiz?,opus_opensubtitles_tr
- Başka şeyler de var.,- Ne gibi?,opus_opensubtitles_tr
- Sarhoş olmak gibi.,- Neredeyse bir plana benziyor.,opus_opensubtitles_tr
Hepimizin meteliksiz olması ve sadece benim arabamın olması dışında.,Ailelerimizin paralarını alıp Amerika'yı keşfedebiliriz ve beş kişilik Easy Rider gibi olabiliriz.,opus_opensubtitles_tr
Gitmeliyim.,Gecikirsem Burkewaite kalp spazmı geçirir.,opus_opensubtitles_tr
Orta yaşIı aptala aşık.,Orta yaşIı değil o pislik.,opus_opensubtitles_tr
Merhaba John.,Bugün becereceğini sanmıyordum.,opus_opensubtitles_tr
Jamie nerede?,- Onu öldürdüm.,opus_opensubtitles_tr
- Okulu kırmaya devam ederse başı derde girecek.,- Ne yaptın?,opus_opensubtitles_tr
- Onu öldürdüm.,Çok tuhafsın John.,opus_opensubtitles_tr
Ne yaptın?,Üstüne mi oturdun?,opus_opensubtitles_tr
Bana inanmıyorlar.,Bunun gibi deli saçması bir hikayeye kim neden inansın ki?,opus_opensubtitles_tr
Bu kadar yolu bir hiç için geldiysek...,Gelin.,opus_opensubtitles_tr
Bu bir şaka.,Sen çıIgın bir anne s. kicisin John.,opus_opensubtitles_tr
- Bunu gördün mü?,- Evet gördüm.,opus_opensubtitles_tr
Seni çıIgın anne s. kici.,Onu neden öldürdün?,opus_opensubtitles_tr
Saçma sapan konuşuyordu.,Bunun için elektrikli sandalyeye oturtulabilirsin.,opus_opensubtitles_tr
Evet.,"Bu gerçekdışı, tamamen gerçekdışı.",opus_opensubtitles_tr
- Neyin var senin?,- Gitsek iyi olur.,opus_opensubtitles_tr
John.,Bu kahrolası bir film gibi biliyor musun?,opus_opensubtitles_tr
"İkinci sınıftan beri arkadaşlar, onun gibi bir şey.",Ve sonra içimizden biri başını potansiyel bir belaya sokuyor..,opus_opensubtitles_tr
...ve şimdi bununla başa çıkmak zorundayız.,Her şeye karşı bağIıIığımızı test etmeliyiz.,opus_opensubtitles_tr
Heyecan verici.,Chuck Norris gibi hissediyorum.,opus_opensubtitles_tr
BaşarıIan neydi?,Yani bu normal bir soru.,opus_opensubtitles_tr
Bütün hippiler şimdi idareci oldular ve herkes satıIdı.,Sana bir şey söylemem izin ver Tom.,opus_opensubtitles_tr
Bekle Kevin.,"Yaptığımız köklü değişiklikler... .. öyle temel değişiklikler ki, onları şimdi olmuş kabul ediyoruz.",opus_opensubtitles_tr
Sivil haklar sonra kadın hakları.,"Yani bundan hoşIanın ya da hoşlanmayın ama bayanlar, siz şimdi kariyer yapmalısınız daha sonra belki eşler ve bebekler.",opus_opensubtitles_tr
Ve Vietnam.,Savaşı durdurduk.,opus_opensubtitles_tr
Sokaklara dökülüp fark yarattık.,Kamuoyunu tersine çevirdik ve insanlara gerçeği gösterdik.,opus_opensubtitles_tr
Her zaman bizim düşündüğümüz gibi güzel değil.,"Polisler etrafta kafanızı kırarlar, elinizde grev tabelaları olur savaşı durdurmayı düşünmüyorsunuz artık.",opus_opensubtitles_tr
Birkaç domuzun kıçını tekmelemeyi düşünüyorsunuz.,"Ama ne kadar çıIgınca görünse de deliliğin içinde bir anlam var, açık ve gerçek bir niyet.",opus_opensubtitles_tr
- Şiddetin yanlış olduğunu düşünmüyor musunuz?,- S.. tir Kevin.,opus_opensubtitles_tr
Domuzları harcamak radikaldir.,Bahsettiğim şeyi anlamadınız.,opus_opensubtitles_tr
- Haydi gidip sigara içelim.,"- Siz gidin, bir dakika sonra ordayım.",opus_opensubtitles_tr
TakıIıp kaldın.,- Evet.,opus_opensubtitles_tr
- Palavra.,Yalan mı söylüyorum?,opus_opensubtitles_tr
- Sen gerçekten...,- Gerçekten ne?,opus_opensubtitles_tr
- Olmaz.,- Bak ahbap.,opus_opensubtitles_tr
Tam önümde gördüm.,Bir sopayla dürttüm.,opus_opensubtitles_tr
- Hiç şansı yok.,- Neyle dürttün?,opus_opensubtitles_tr
Nehrin kenarında ha?,Sizi oraya götürüp göstereceğiz.,opus_opensubtitles_tr
"Değil mi, Matt?",- Beni katmayın tamam mı?,opus_opensubtitles_tr
- Neye katmayalım?,"Nehrin kenarında ne var, siz neden bahsediyorsunuz?",opus_opensubtitles_tr
"- Layne, Samson'ın Jamie'yi öldürdüğünü söylüyor.",- İmkanı yok.,opus_opensubtitles_tr
Ve sen onlara inanıyor musun?,Bizden bir grup gidip kontrol edecek.,opus_opensubtitles_tr
Bilmiyorum.,Muhtemelen bir şakadır.,opus_opensubtitles_tr
"Evet, sadece seni tuzağa düşürmeye çalışıyorlar, böylece sana tecavüz edebilirler.",Öyle mi sanıyorsun?,opus_opensubtitles_tr
- Bedava yemek yok Layne.,- Haydi Mike.,opus_opensubtitles_tr
Sadece merhaba demeye geldim.,- Merhaba.,opus_opensubtitles_tr
- Merhaba.,Hayır.,opus_opensubtitles_tr
- Kamyonumu kullanamazsın Layne.,- Haydi Mike.,opus_opensubtitles_tr
Bu çok önemli.,Ne oluyor?,opus_opensubtitles_tr
Biz yeni atanan kaçak devriyesiyiz.,Senin gibi 10 yaşındaki kaçak ev çocuklarını yakalayıp öldürüyoruz.,opus_opensubtitles_tr
- ÖIü kızı görmeye gideceğinizi duydum.,- ÖIü kız hakkında ne biliyorsun?,opus_opensubtitles_tr
Ben ve John samimiyiz.,Değil mi John?,opus_opensubtitles_tr
Evet.,- Sizinle gelmeyi düşünüyoruz baylar.,opus_opensubtitles_tr
- Yer yok.,İkinizde gidin buradan.,opus_opensubtitles_tr
John kalmamızı istiyor.,Öyle değil mi John?,opus_opensubtitles_tr
İyi deneme Layne.,İyi deneme ama unut gitsin.,opus_opensubtitles_tr
Bunu bana tekrar yapmana izin vermeyeceğim.,Kendime söz verdim.,opus_opensubtitles_tr
Ha-yır diye hecelenir.,Hayır.,opus_opensubtitles_tr
Benden başka kimse o kamyonu kullanmayacak.,- Tamam o zaman sen kullan.,opus_opensubtitles_tr
- Teşekkür ederim.,Çok teşekkür ederim.,opus_opensubtitles_tr
Amirim seninle konuştuğumu görürse beni öldürür.,"Şimdi benden dışarı çıkmamı, işte ayrıImamı, işimi kaybetmemi mi istiyorsun?",opus_opensubtitles_tr
- Bütün gün vaktim yok biliyorsun.,- Biliyorum Mike.,opus_opensubtitles_tr
Bazılarımız çalışmak zorunda Layne.,- Oradaki mi?,opus_opensubtitles_tr
- O sadece bir kütük.,"Ne, o mu?",opus_opensubtitles_tr
Bu bir manken.,Bu bir şaka.,opus_opensubtitles_tr
Hepimiz buraya aptal bir şaka için geldik.,Aman Tanrım.,opus_opensubtitles_tr
Aman Tanrım.,Başın dertte ahbap.,opus_opensubtitles_tr
Hayır.,Kimse öğrenmek zorunda değil.,opus_opensubtitles_tr
Tamam dinleyin.,Burada çok kalabalığız.,opus_opensubtitles_tr
"Onu gömebiliriz, böylece asla bulunamaz.",Biri bana yardım eder mi?,opus_opensubtitles_tr
Nereye gidiyorsun Mike?,Geri gel.,opus_opensubtitles_tr
- İşe dönmem gerekiyor Layne.,- Geri gel dedim kahrolası.,opus_opensubtitles_tr
"Layne, beni rahat bırak.",- Gitmeme izin ver.,opus_opensubtitles_tr
- Arkadaşımızın geleceği söz konusu.,- Birini öldürdü.,opus_opensubtitles_tr
- Onu geri mi getireceksin?,Bizi buraya sanki kahrolası bir gösteriye getirdi.,opus_opensubtitles_tr
Bununla ilgilenmek için buradayız.,Anahtarlarını ver.,opus_opensubtitles_tr
"Hayır, kahretsin!",- Seni o. çocuğu.,opus_opensubtitles_tr
- Layne.,- Onu rahat bırak Layne.,opus_opensubtitles_tr
- Ne halt ediyorsun?,İstemiyorsa kalmak zorunda değil.,opus_opensubtitles_tr
Öyleyse ben ve John bunu kendi başımıza yapacağız ha?,Ne halt ediyorsun?,opus_opensubtitles_tr
Çok ağır.,Gel.,opus_opensubtitles_tr
Geliyor musun?,Hepiniz sınanıyorsunuz.,opus_opensubtitles_tr
Yemin ederim.,Onu çiviledin.,opus_opensubtitles_tr
- Gelmek istemediğinden emin misin?,- Evet yorgunum.,opus_opensubtitles_tr
"- Hey, sen kütük.",Buraya gel.,opus_opensubtitles_tr
- Em beni.,Ciddiyim Tim.,opus_opensubtitles_tr
"Kahrolası çeneni kapalı tut, duydun mu?",- Hangi konuda?,opus_opensubtitles_tr
- Biliyorsun.,Tony bildiğini söyledi.,opus_opensubtitles_tr
ÖIü.,"Merak etme, sizinleyim.",opus_opensubtitles_tr
Sana güveniyorum.,Neden siz ikiniz bu kadar kabahatlisiniz?,opus_opensubtitles_tr
Berbat çocukluğumuz yüzünden..,- Ne yapıyorsun?,opus_opensubtitles_tr
- Silahımı alıyorum.,İki ay önce bana verdin onu.,opus_opensubtitles_tr
İki ay önce sana verdim onu.,Seni ot kafalı beyinsiz!,opus_opensubtitles_tr
- Bu gece çalışmam gerekiyor tatlım.,- Bayan İş.,opus_opensubtitles_tr
Evde sigara içme.,Jim'in dumana alerjisi var.,opus_opensubtitles_tr
"Jim, Jim, Jim.",Kirayı o ödüyor Matt.,opus_opensubtitles_tr
Rahat etmeye hakkı var.,Tim nerede?,opus_opensubtitles_tr
"Dışarıda, bir işe yaramıyor.",Neden o serseriyle oynamasına izin veriyorsun?,opus_opensubtitles_tr
Neden izin veriyorum?,Ne yapayım?,opus_opensubtitles_tr
Neden evde esrar içmene izin veriyorum?,"- Bu arada, nereden aldın onu?",opus_opensubtitles_tr
"- Üzülme, seninki değil.",- Missy'nin cenazesine gelecek misin?,opus_opensubtitles_tr
- Geleceğim.,- Çukur.,opus_opensubtitles_tr
- Yeteneğini kaybediyorsun.,İçinde devreler var.,opus_opensubtitles_tr
Sahipleri onları tekrar programlamış.,Çünkü bu makineyı öğrenirsem lanet evreni kontrol edeceğimi biliyorlar.,opus_opensubtitles_tr
Öyleyse ne olacak?,Bu makineye bir çeyrek atıp onu öldüreceğim.,opus_opensubtitles_tr
"Hayır, hayır, John ve şu mesele.",Hiçbir şey olmayacak.,opus_opensubtitles_tr
"Bu gece, yarım kalan bir kaç işi tamamlayacağım ve...",- .. hiçbir şey olmayacak.,opus_opensubtitles_tr
- Bu kadar mı?,O Jamie'yi öldürecek ve biz de bunu yok mu sayacağız?,opus_opensubtitles_tr
Sebepleri vardı.,Annesi hakkında ileri geri konuşuyordu.,opus_opensubtitles_tr
- Annesi öldü.,- Evet.,opus_opensubtitles_tr
Anlıyor musun?,Konu ölü annesine gelince birkaç yayı fırlıyor.,opus_opensubtitles_tr
Ama övünüp duruyor.,Yakalanmak istiyor gibi.,opus_opensubtitles_tr
Yakalanmayacak çünkü kimse söylemeyecek.,Öyle değil mi Tony?,opus_opensubtitles_tr
- Ben muhbir olmayacağım.,- Düşünmüyor musun...,opus_opensubtitles_tr
Bence bu konuda konuşmayı bırakmalıyız.,Bazı potansiyel ispiyoncular dinliyor olabilir.,opus_opensubtitles_tr
- Benim düşündüğüm de buydu değil mi Tony?,- Kesinlikle ahbap.,opus_opensubtitles_tr
Tamam.,Clarissa.,opus_opensubtitles_tr
John'ın bunu duyup çeneni kapatmasını istemezsin değil mi?,- Saçmalık.,opus_opensubtitles_tr
Layne tamamen saçmalıyor.,- Orada bir telefon var.,opus_opensubtitles_tr
Bizi kontrol ettiğini sanıyor.,Öyle sanıyor çünkü ne derse yapmak zorundayız.,opus_opensubtitles_tr
- Çoğunlukla yaparız.,"- Evet, bu doğru değil.",opus_opensubtitles_tr
John ya da başka birinin olması umurumda değil.,İşte telefon.,opus_opensubtitles_tr
John'u Jamie'den önemli yapan şey ne?,Jamie'de bizim arkadaşımız değil miydi?,opus_opensubtitles_tr
- Anaokulundan beri tanırdım onu.,"- İşte, işte bir çeyreklik.",opus_opensubtitles_tr
O tehlikeli.,ÖIü olan sen ya da ben de olabilirdik.,opus_opensubtitles_tr
Muhtemelen ona tecavüzde etmiştir.,İşte.,opus_opensubtitles_tr
- Kimi arayacağım ki?,- Polisi sanırım.,opus_opensubtitles_tr
- Numarayı bilmiyorum.,- Operatörü ara.,opus_opensubtitles_tr
- Sen yap.,- Ne söyleyeceğimi bilmiyorum.,opus_opensubtitles_tr
"İşte, ben çevireyim sen konuş.",Lanet herif.,opus_opensubtitles_tr
Buradaki herkese enfeksiyon bulaştı.,Size de.,opus_opensubtitles_tr
- Ben mi?,Ne demek istiyorsun?,opus_opensubtitles_tr
- Karantinaya alındınız.,Bu çok saçma.,opus_opensubtitles_tr
Burada kalmayacağım.,Bu menenjit.,opus_opensubtitles_tr
Sadece çocuk hastalığı değil mi?,Öyle değil.,opus_opensubtitles_tr
Her yaşta görülür.,Lanet şeyi dik durduramıyorum.,opus_opensubtitles_tr
Küfretme.,Kahretsin bu Layne.,opus_opensubtitles_tr
- Ona burada olmadığımı söyle tamam mı?,- Tamam.,opus_opensubtitles_tr
- Burada değil.,- Öyle mi?,opus_opensubtitles_tr
Nereye gitti?,- Yumurta almaya.,opus_opensubtitles_tr
Hoşçakal.,- Dur bakalım küçük bayan.,opus_opensubtitles_tr
- Burada değil dedim.,- Sana inanıyorum.,opus_opensubtitles_tr
Telefonunuzu kullanabilir miyim?,- Hayır.,opus_opensubtitles_tr
- Anne ve baban evde mi?,"Annem işte, Jim barda.",opus_opensubtitles_tr
Babam yok.,Teşekkür ederim Samson.,opus_opensubtitles_tr
Sonra bana kitap okur musun?,Bu gece neyi?,opus_opensubtitles_tr
Şapkadaki Kedi.,"Hayır, Yeşil Yumurtalar ve Jambon.",opus_opensubtitles_tr
"Kesinlikle, Aunto.",Evet?,opus_opensubtitles_tr
Aunto'nun akşam yemeğini hazırlıyorum.,Evet.,opus_opensubtitles_tr
Hayır.,"Hayır, hayır.",opus_opensubtitles_tr
Sonra ona kitap okumam gerekiyor.,"Tanrım, Layne, bu konuda endişelenme.",opus_opensubtitles_tr
O kadar önemli değil.,Önemli değil mi?,opus_opensubtitles_tr
Seni çivileyecekler ahbap.,Sana böyle bir şey olmasına izin vermeyecek kadar uzun zamandır tanıyorum seni.,opus_opensubtitles_tr
S.ktir o zaman.,Ben kendim yaparım.,opus_opensubtitles_tr
Ve bunun için sixer olacağımı sanıyorum.,Kahrolası arkadaşlarım için ne yapıyorum.,opus_opensubtitles_tr
İyi iş.,Kahretsin.,opus_opensubtitles_tr
Alo?,Bir saniye.,opus_opensubtitles_tr
Clarissa arıyor.,- Ona yumurta almaya gittiğini mi söyleyeyim?,opus_opensubtitles_tr
- Hayır.,- Bu senin kız arkadaşın mı?,opus_opensubtitles_tr
- Çık dışarı.,Alo?,opus_opensubtitles_tr
Clarissa?,Evet benim.,opus_opensubtitles_tr
Sadece ne yapıyorsun demek için aradım.,Fazla bir şey yok.,opus_opensubtitles_tr
"Sadece kız kardeşime yardım ediyordum, şey için...",- Ne için?,opus_opensubtitles_tr
- Hiçbir şey.,Pasajda seni görmedim bugün.,opus_opensubtitles_tr
Bir işin olduğunu düşündüm.,Evet.,opus_opensubtitles_tr
Yaptığın şeye geri dönmek istiyor olmalısın.,"- Hayır, konuşabilirim.",opus_opensubtitles_tr
"- Hayır, hayır, meşgulsün.",Sadece oturuyordum ve seni aradım.,opus_opensubtitles_tr
NasıIdır bilirsin.,Önemli bir şey yok.,opus_opensubtitles_tr
- Yarın görüşürüz Matt.,- Evet görüşürüz Clarissa.,opus_opensubtitles_tr
Hemen geleceğim.,Sen içeri gir şimdi tamam mı?,opus_opensubtitles_tr
Sence en azından Michelob'u hak etmedim mi.,- Nankör olma.,opus_opensubtitles_tr
- Bana nankör mü diyorsun?,Senden bunu yapmanı hiç istemedim Layne.,opus_opensubtitles_tr
"Bir dost, dostundan böyle bir şey yapmasını istemez.",Hatta bu sıcak.,opus_opensubtitles_tr
İIgilenmiyorsun bile değil mi?,- Ben içmiyorum onu.,opus_opensubtitles_tr
"- Kendinle, seni aptal.",Başka insanların seninle ilgilenmesini nasıI bekliyorsun?,opus_opensubtitles_tr
Senin gibi buraya metroyla gönderilen insanlar.,"Gurursuz, sadakatsiz, hiçbir şeysiz.",opus_opensubtitles_tr
"Ne sanıyorsun, bu ülkede çok fazla sosyal yardım olduğunu mu?",Rusların kıçımızı teklemek üzere donatıIdıklarını mı sanıyorsun?,opus_opensubtitles_tr
- Biranı iç.,- Biramı içmeyeceğim.,opus_opensubtitles_tr
Konuşuyorum burada.,Bunlar benim için önemli.,opus_opensubtitles_tr
Ve inansan da inanmasan da sen benim için önemlisin.,Şuna bak.,opus_opensubtitles_tr
- O. çocuğu.,Başını eğ.,opus_opensubtitles_tr
- Umarım Aunto'yu üzmezler.,Başını eğ lanet olası.,opus_opensubtitles_tr
Yakalanmak mı istiyorsun?,Biri ihbar etmiş.,opus_opensubtitles_tr
- Evet.,- Tamam.,opus_opensubtitles_tr
Paniğe kapılamayız.,Bahse girerim Mike'tı.,opus_opensubtitles_tr
Her şeyine bahse girerim Mike'tı.,Sadece etrafta biraz dolaşalım ve bu sorunu halledemez miyiz bir bakalım.,opus_opensubtitles_tr
Bir şekilde seni kasaba dışına çıkarmak zorundayız.,Paran var mı?,opus_opensubtitles_tr
Paraya ihtiyacımız olacak.,Para bulana kadar seni bir yere saklamalıyız.,opus_opensubtitles_tr
Paniğe kapılamayız.,Paniğe kapıIırsak ölürüz tamam mı?,opus_opensubtitles_tr
Sen ne dersen Layne.,Tamam.,opus_opensubtitles_tr
Bunun doğru yer olduğuna emin misin?,- Anlayamıyorum.,opus_opensubtitles_tr
- Gömüldüğünü söylemiştin.,"Hayır, burada çimenlerin üstünde yatıyordu.",opus_opensubtitles_tr
Eğer bu bir numaraysa...,Kaptan Bennett!,opus_opensubtitles_tr
Burada.,O ölü kızın görüntüsü farklı bir şey yapmana sebep oldu mu?,opus_opensubtitles_tr
- Bilmiyorum.,"- Şokta mıydın, kızgındın, üzgündün?",opus_opensubtitles_tr
- Görüntü hoşuna gitti mi?,- Ne hissettiğimi bilmiyorum.,opus_opensubtitles_tr
- Onu tanıyordun.,- Evet.,opus_opensubtitles_tr
- Onun hakkında ne düşünüyordun?,- Bilmiyorum.,opus_opensubtitles_tr
"Bilmiyorumlardan midem bulandı, duyuyor musun beni?",Onu seviyor muydun?,opus_opensubtitles_tr
Nefret mi ediyordun?,Canın sıkıIdığında onunla yatıyor muydun?,opus_opensubtitles_tr
"- O arkadaşımdı, sanırım.",- Sanırım ne demek?,opus_opensubtitles_tr
"Öyle miydi, değil miydi?",Öyleydi.,opus_opensubtitles_tr
Öyleyse burada durup ölü arkadaşına bakıyorsun sanki hepsi büyük bir şakaymış gibi öyle mi?,Bir tür macera.,opus_opensubtitles_tr
Aklından ne geçiyordu?,Tam olarak ne?,opus_opensubtitles_tr
Ne düşünüyordun?,Ya da bir şey düşünüyor muydun?,opus_opensubtitles_tr
Cevap ver bana kahrolası!,Bilmiyorum tamam mı?,opus_opensubtitles_tr
Bir şey uydurmamı mı istiyorsun?,Hayır.,opus_opensubtitles_tr
Bana gerçeği söylemeni istiyorum.,Ceset Matt.,opus_opensubtitles_tr
Sence nehire nasıI gitti?,- Bilmiyorum.,opus_opensubtitles_tr
- Tahmin yürüt ha?,Ne düşünüyorsun?,opus_opensubtitles_tr
Sence yuvarlanmış mıdır?,Ya da şiddetli bir rüzgar onu nehire mi sürüklemiştir?,opus_opensubtitles_tr
- Belki.,- Ya da belki biri itmiştir.,opus_opensubtitles_tr
- Belki.,- Belki sen.,opus_opensubtitles_tr
- Ben itmedim.,- Orada olduğunu bildiğimiz tek kişi sensin.,opus_opensubtitles_tr
- Size John'dan bahsettim.,- John?,opus_opensubtitles_tr
Samson.,Ona John diyoruz çünkü soyadı Tovalet.,opus_opensubtitles_tr
Bilirsin.,"Tovalet, tuvalet, John.",opus_opensubtitles_tr
Çok zekice.,"Öyleyse... sen Samson'a, John'a cesedi itmesi için yardım ettin.",opus_opensubtitles_tr
"- Evet, onu öldürmesine yardım ettikten sonra.",- Evet?,opus_opensubtitles_tr
Evet ve lanet olsun sana!,Bu şeyi ben rapor ettim ahbap.,opus_opensubtitles_tr
- Suçlu benmişim gibi davranıyorsun.,- Nereye gittiğini sanıyorsun?,opus_opensubtitles_tr
Haklarım var.,Beni burada tutamazsın.,opus_opensubtitles_tr
Ben bir şey yapmadım.,Bu tamamen senin hatandı dostum.,opus_opensubtitles_tr
Cesedi gördün ve bir şey yapmadın.,Bu seni suç ortağı yapar.,opus_opensubtitles_tr
"İstersem seni hemen tutuklayabilirim, neden oturmuyorsun?",Biraz daha konuşalım.,opus_opensubtitles_tr
Seni çok ilginç buluyorum.,- Çekler posta kutusunda.,opus_opensubtitles_tr
- Saçmalığa zaman yok.,Kapıyı aç.,opus_opensubtitles_tr
"Ve çek şu şeyi, ihtiyacımız olan son şey polisler.",Çabuk ol.,opus_opensubtitles_tr
- John'la tanıştın.,"- Hey, senden daha büyük bir adam öldürdüm.",opus_opensubtitles_tr
"Biliyor Feck, biliyor.","Bak Feck, John'ın başı belada.",opus_opensubtitles_tr
- Yardımına ihtiyacı var.,- Bela?,opus_opensubtitles_tr
Ne yaptın?,Hiçbir şey Feck.,opus_opensubtitles_tr
- Jamie'yi öldürdüm.,- Kahretsin John!,opus_opensubtitles_tr
"Tam olarak öldürmedi, bu bir kazaydı.",Daha önce bir kız öldürmüştüm.,opus_opensubtitles_tr
Kaza değildi.,Silahı kafasının arkasına doğrulttum ve beynini dağıttım.,opus_opensubtitles_tr
Aşıktım.,- Benimkini boğdum.,opus_opensubtitles_tr
- Onu seviyor muydun?,- İyiydi.,opus_opensubtitles_tr
"- İyi, iyi, Feck.",John'ı eyalet dışına çıkarmak zorundayız.,opus_opensubtitles_tr
Araban gerekiyor.,Benim arabamı kullanmayacaksın.,opus_opensubtitles_tr
Kendi araban var.,- Benimki o kadar uzağa gidemez.,opus_opensubtitles_tr
"- Hayır, benimkine ihtiyacım olabilir.","Feck, beş yıIdan fazladır bu evin dışına çıkmadın.",opus_opensubtitles_tr
Ya biri onu görürse o zaman?,Hala peşimdeler.,opus_opensubtitles_tr
Bunu biliyorsun.,20 yıIdır peşimdeler.,opus_opensubtitles_tr
Birini öldürdüğünde unutmana izin vermezler.,Hayalet gibi peşinden gelirler.,opus_opensubtitles_tr
"Yani, üzgün olduğunu söylediğinde sana inanmazlar.",Bir şekilde bedelini ödemeni isterler.,opus_opensubtitles_tr
"Tamam, tamam, tamam, Feck.",Arabayı unut.,opus_opensubtitles_tr
Ben bir yolunu bulana kadar John'un burada kalmasına ne dersin?,- Tabi.,opus_opensubtitles_tr
"- Tamam, geri döneceğim.",John.,opus_opensubtitles_tr
Başını bu evin dışına çıkarmanı istemiyorum.,Misafir.,opus_opensubtitles_tr
Evet.,Ben misafiri severim.,opus_opensubtitles_tr
- Neye bakıyorsun?,- Sen de bu cinayete karıştın.,opus_opensubtitles_tr
Ben kimseyi öldürmedim lanet olsun.,- John yaptı.,opus_opensubtitles_tr
Jamie'yi John öldürdü.,- Fazla endişelenmiş görünmüyorsun.,opus_opensubtitles_tr
Sen ne halt biliyorsun ki?,Sen hiçbir şey bilmiyorsun.,opus_opensubtitles_tr
Tim bu gece eve gelmedi.,O sadece 12 yaşında Matt.,opus_opensubtitles_tr
Gece yarısını geçti.,Çocuklarım gece nereye gidiyorlar?,opus_opensubtitles_tr
Arabayı çalıştır anne.,O iyi.,opus_opensubtitles_tr
Hey.,Bu gece arkadaşını TV'de gördüm.,opus_opensubtitles_tr
Belki seni de yakalayabilirim diye düşündüm.,- S.ktir.,opus_opensubtitles_tr
- Siz ikiniz başlamayın.,Neden?,opus_opensubtitles_tr
"En iyi arkadaşı, bir kızı öldürdü.",Büyük haber.,opus_opensubtitles_tr
Yani cesedini çöpe atıp okulda bununla övünüp durdu.,- Bahse girerim nerede saklandığını biliyorsun.,opus_opensubtitles_tr
- Onu yakalamadılar mı?,Bana o sahte şaşkın bakışını atma.,opus_opensubtitles_tr
Serseri arkadaşların bütün gece aradı.,- Ne?,opus_opensubtitles_tr
Zavallı kızı öldürmene yardım mı etti?,- Belki etmiştir.,opus_opensubtitles_tr
Belki ben bir katilim.,Neden umursuyorsun?,opus_opensubtitles_tr
Sadece annemi becermek ve yemeğini yemek için buradasın.,Oh hareket ediyor.,opus_opensubtitles_tr
- Kahrolası bir pisliksin.,- Bir şey dene.,opus_opensubtitles_tr
Anne s. kici!,Yemek yiyici!,opus_opensubtitles_tr
- Kıçını tekmeleyeceğim.,- Haydi.,opus_opensubtitles_tr
Haydi vur bana.,- Vur bana.,opus_opensubtitles_tr
"- Haydi, haydi.",- GüçIü adam ha?,opus_opensubtitles_tr
NasıI güçIüsün göster bana.,- Buna değmezsin.,opus_opensubtitles_tr
Bok.,Harika.,opus_opensubtitles_tr
Hala onu öldürüyor.,Buraya gel.,opus_opensubtitles_tr
Buraya gel!,- Neden böyle bir pislik yapıyorsun?,opus_opensubtitles_tr
- Beni rahat bırak.,Cevap ver bana.,opus_opensubtitles_tr
Cevap ver bana.,Hiçbir şey yapmadım.,opus_opensubtitles_tr
- S.ktir!,- Cevap ver bana.,opus_opensubtitles_tr
Neden?,Neden?,opus_opensubtitles_tr
Hey.,Bırak onu.,opus_opensubtitles_tr
Haydi.,Seni pis hain.,opus_opensubtitles_tr
- Ne demek istiyorsun?,- Ne demek istediğimi biliyorsun.,opus_opensubtitles_tr
Bu gece seni o telefonda gördüm.,Küçük ağzını kapalı tut.,opus_opensubtitles_tr
Yaptığının bedelini ödeyeceksin.,Yaptığın şey için öleceksin.,opus_opensubtitles_tr
- Seni küçük pislik.,- Hey.,opus_opensubtitles_tr
- Sen ölüsün Matt.,- Hey!,opus_opensubtitles_tr
Hey!,"Hey, Timmy.",opus_opensubtitles_tr
Timmy.,"Hey, nereye gidiyorsun?",opus_opensubtitles_tr
Haydi.,İkisinin de gitmesine izin mi verdin?,opus_opensubtitles_tr
"Madeleine, kendi sorunlarım var.",Senin suçlu oğullarınla savaşmak istemiyorum.,opus_opensubtitles_tr
- İIgilenmiyorsun.,- Anne sensin.,opus_opensubtitles_tr
Ben canavar doğurmadım.,Kahrolası abim.,opus_opensubtitles_tr
Sopalarını ve babanın arabasını al.,Nereden silah alabileceğimizi biliyorum.,opus_opensubtitles_tr
Ne cehennemdeydin?,Bütün gece seni aradım.,opus_opensubtitles_tr
- Mike'ı bu işe asla karıştırmamalıydık.,- Herhangi biri olabilir Layne.,opus_opensubtitles_tr
Saçmalık.,Arkadaşlarımı tanıyorum lanet.,opus_opensubtitles_tr
Kimin iyi olup kimin olmadığını biliyorum.,Belki John kendi kendini ihbar etmiştir.,opus_opensubtitles_tr
Ve belki sen onu ihbar etmişsindir.,Gerçekçi ol.,opus_opensubtitles_tr
Bizden bahsediyoruz.,Biz bir takımız.,opus_opensubtitles_tr
Starsky ve Hutch gibiyiz.,- Hiçbirimiz bunu kasıtlı yapmaz.,opus_opensubtitles_tr
- John nerede şimdi?,Başını belaya sokamayacağı güvenli bir yerde saklanıyor.,opus_opensubtitles_tr
Tattığın en iyi ot değil.,"Kız kardeşim, Humboldt'tan aşağı araba kullanır alışıImış Feck otlarıyla birlikte.",opus_opensubtitles_tr
YıIda bir kez ziyarete gelir.,Gerçek bir şişko.,opus_opensubtitles_tr
"Onu görmelisin, kahrolası bir su aygırı gibidir.",Neredesin?,opus_opensubtitles_tr
Kahretsin.,Kim o?,opus_opensubtitles_tr
- Kim var orada?,- Deli ırz düşmanı.,opus_opensubtitles_tr
John?,Bak bu komik değil.,opus_opensubtitles_tr
"Korkuyorum, çığIık atacağım.",Kalp krizi geçirdi.,opus_opensubtitles_tr
- Burada ne halt ediyorsun?,- Sadece merhaba demeye geldim.,opus_opensubtitles_tr
- Bunu söylemenin değişik bir yolu.,- Umarım seni uyandırmamışımdır.,opus_opensubtitles_tr
Giyinip buraya gel.,Bütün paranı al.,opus_opensubtitles_tr
- Ne?,- Sadece yap.,opus_opensubtitles_tr
- Clarissa?,Sen misin?,opus_opensubtitles_tr
- Evet.,Haydi ver.,opus_opensubtitles_tr
- Sentler mi?,- Ne bekliyordun?,opus_opensubtitles_tr
Beni gece yarısı uyandırıp neler olduğunu söylemiyorsun.,Neler oluyor?,opus_opensubtitles_tr
2 dolar ve benzin parası.,Birimiz iş filan bulmalı.,opus_opensubtitles_tr
"Geliyor musun, gelmiyor musun?",Tony'i almalıyız.,opus_opensubtitles_tr
Yine tufaya düşmene izin veriyorsun kızım.,Bu Tony'nin babası.,opus_opensubtitles_tr
Kahretsin!,Yatakta kalmalıydın.,opus_opensubtitles_tr
Ne deli adam.,"Tony her zaman meteliksizdir, neyse.",opus_opensubtitles_tr
Clarissa!,Hey!,opus_opensubtitles_tr
Çok iyi.,Buraya gir.,opus_opensubtitles_tr
Bu Feck'in evi.,Oraya park et.,opus_opensubtitles_tr
İşte buradasın.,- Endişelenmeye başIıyordum.,opus_opensubtitles_tr
- Bak ne buldum.,Onu sarhoş edebiliriz.,opus_opensubtitles_tr
- Söz verdiğin mal yanında mı?,"- Evet, evet.",opus_opensubtitles_tr
Otur.,"Biliyorsun, Layne o dönene kadar ayrıImaman gerektiğini söyledi.",opus_opensubtitles_tr
Layne bazen biraz sinir bozucu olabilir.,İyidir.,opus_opensubtitles_tr
"Hey, bak.",Yapma şunu.,opus_opensubtitles_tr
Sorun ne?,Kedilere alerjisi mi var?,opus_opensubtitles_tr
Kedilerin pençeleri vardır.,Haydi.,opus_opensubtitles_tr
O kediyi al ve buradan çıkar ahbap.,Hayır.,opus_opensubtitles_tr
Keşfetmesine izin ver.,Gerçekten bu şeye bağlandın değil mi?,opus_opensubtitles_tr
İkinizi dans ederken gördüm.,"Hey, Feck.",opus_opensubtitles_tr
Sen...,Psikopat filan mısın?,opus_opensubtitles_tr
"Hayır, ben normalim.",O bir oyuncak.,opus_opensubtitles_tr
Bunu biliyorum.,Değil mi Ellie?,opus_opensubtitles_tr
Ama sen bir kızı öldürdün değil mi?,Sen psikopat mısın?,opus_opensubtitles_tr
Evet muhtemelen.,Başka ne bahanem var ki?,opus_opensubtitles_tr
Sen motosikletliydin.,Evet yıllar önce.,opus_opensubtitles_tr
O günlerde çok kedi yedim.,Sakalım jöleli çöreklere benzerdi.,opus_opensubtitles_tr
- Bacağını kaybettiğin zaman mıydı?,- Motosiklet kazası.,opus_opensubtitles_tr
Bütün çete beni bıraktı yola devam ettiler.,Bacağım orada caddenin ortasındaydı.,opus_opensubtitles_tr
"Yolda kanayarak ve titreyerek yattığımı hatırlıyorum bacağıma bakıyordum, bira kutusunun yanındaydı.","Ve ""o benim bacağım, acaba o kutuda biraz bira var mıdır"" diye düşündüğümü hatırlıyorum.",opus_opensubtitles_tr
"""Belki o bacağı geri dikebilirler"" diye düşündüğümü de hatırlıyorum.",Ve sonra ambulans geldi ve hepsinin üstünden geçti.,opus_opensubtitles_tr
- Bacağı ezdi.,- Ona neden ihtiyacım olsun ki?,opus_opensubtitles_tr
Bir tane daha var.,Dövüşmeye başladığında hep kendini savunduğunu fark ettim.,opus_opensubtitles_tr
"Ben dövüşürken deliye dönerim, biliyor musun?",Her şey kararır.,opus_opensubtitles_tr
Sonra o lanet patlama biliyor musun?,Sanki dünyanın sonu gibi.,opus_opensubtitles_tr
O adam beni öldürse kimin umurunda?,Önce ben onu öldürürüm.,opus_opensubtitles_tr
Bütün dünya havaya uçacak nasıI olsa.,Gururumu korumalıyım.,opus_opensubtitles_tr
Bu felsefeye sahibim.,"Belaya bulaş, yap ve sonra öl.",opus_opensubtitles_tr
Başka biran var mı?,Kahretsin.,opus_opensubtitles_tr
Saat kaç?,Daha iki mi?,opus_opensubtitles_tr
- Çok yavaş ilerliyor.,- Kahretsin ahbap.,opus_opensubtitles_tr
Bira alma zamanı.,Şu araban çalışıyor mu?,opus_opensubtitles_tr
Bir yere gidemezsin.,Layne dedi ki...,opus_opensubtitles_tr
"Layne, Layne, Layne.",Sen git.,opus_opensubtitles_tr
Ben burada kalırım.,İyi çocuk olacağım.,opus_opensubtitles_tr
Haydi Feck.,Dışarıda beni ölü görmek isteyen insanlar var.,opus_opensubtitles_tr
Bunu sana söylemiştim.,İhtiyaçlarını kim satın alıyor sana?,opus_opensubtitles_tr
Ellie'mi?,Bunu duydun mu?,opus_opensubtitles_tr
Neden paranoyaklaşıyorsun?,Hayır.,opus_opensubtitles_tr
Hayır.,Dışarıda.,opus_opensubtitles_tr
- Bana aptal fahişe demek zorunda değildin.,- Bizi geçip gidecektin.,opus_opensubtitles_tr
- Bir şekilde bağırmak zorundaydık.,- Bağırdın.,opus_opensubtitles_tr
Benim bir adım var.,Sadece eve gitmediğim için şanslısınız.,opus_opensubtitles_tr
"Tamam, tamam, tamam, üzgünüm Clarissa.","Ama anlamak zorundasın, böyle zamanlarda..",opus_opensubtitles_tr
"...her saniye önemliyken, bir adam kelime seçmekle zaman kaybedemez.","Nedir bu, Görevimiz Tehlike'mi?",opus_opensubtitles_tr
- Bize neden ihtiyacın olduğunu bile anlamıyorum.,"- Tamam, bak size ihtiyacım yok, fiziksel olarak yok.",opus_opensubtitles_tr
"Yani, araba kullanabilirim, para biriktirebilirim ama biz bir takımız ve size ihtiyacım var, anlıyor musun?",Kapa çeneni.,opus_opensubtitles_tr
Çeneni kapar mısın orada?,Gerçekten kötü hissediyorum.,opus_opensubtitles_tr
Gidip polislere John'ın yerini söylemeliymişim gibi.,Bu konuda şaka bile yapmazdım Clarissa.,opus_opensubtitles_tr
Ne yapacaksın?,Beli öldürecek misin?,opus_opensubtitles_tr
Bahse girerim buna bayıIırdın.,Sen ve John kaçabilir ve birlikte kanun kaçağı olabilirsiniz.,opus_opensubtitles_tr
Ama önce gösteriş yap.,Cesedimi arabanın üstüne bağla ve bütün kasabayı dolaş.,opus_opensubtitles_tr
Çık... dışarı.,Ne?,opus_opensubtitles_tr
Kahrolası şeyi anlamıyorsun değil mi?,Jamie öldü lanet olsun.,opus_opensubtitles_tr
Ve onu kurtarmak için yapabileceğimiz hiç bir şey yok. jamie'den hoşIanırdım.,Ama John hala hayatta.,opus_opensubtitles_tr
Bunu anlamıyor musun?,Ve listesinde bir sonraki kim?,opus_opensubtitles_tr
Beni burada öylece bırakacak mısın?,Ya John etraftaysa?,opus_opensubtitles_tr
Seni bağışlamasını iste.,İşte.,opus_opensubtitles_tr
İşte paran.,Bu pisliğe ihtiyacımız yok.,opus_opensubtitles_tr
- Onu bu şekilde bırakamayız.,- Tamam.,opus_opensubtitles_tr
Kahretsin.,Sen burada kal ve onu koru.,opus_opensubtitles_tr
Krizle başa çıkabilecek tek kişinin ben olduğumu bilmeliydim.,Sen de paranı geri istiyor musun?,opus_opensubtitles_tr
Param sende kalsın Layne.,- Senin neyin var?,opus_opensubtitles_tr
- Bilmiyorum.,Sanırım seninle eve yürüyeceğim.,opus_opensubtitles_tr
Kendi başıma yapabilirim.,Geleceksen gel.,opus_opensubtitles_tr
Ceketimi filan ister misin?,Üşümüşe benziyorsun.,opus_opensubtitles_tr
"Hayır, iyiyim.",- Onunla aynı fikirdesin değil mi?,opus_opensubtitles_tr
- Layne?,Tam olarak değil.,opus_opensubtitles_tr
Muhtemelen öylesin.,"Herkes ondan yana, sanki süper güçleri varmış gibi.",opus_opensubtitles_tr
Bence tamamen yanıIıyor.,- Layne benimle ilgili övünüyor değil mi?,opus_opensubtitles_tr
- Ne demek istiyorsun?,Beni elde etmekle ilgili.,opus_opensubtitles_tr
Yaptığını biliyorum bu yüzden yapmadığını söyleme.,- Yapmıyor mu?,opus_opensubtitles_tr
- Bana yapmıyor.,Yalan söylediğin zaman şirin görünüyorsun biliyor musun?,opus_opensubtitles_tr
Ne?,Etrafta kimse yokken ve benimle yalnızken görmelisin onu.,opus_opensubtitles_tr
Ve bir şansı olabileceğini düşünürken.,Yaprak gibi titrer.,opus_opensubtitles_tr
Her zaman sarhoş olmak zorundadır.,Layne'e benziyor.,opus_opensubtitles_tr
Yeniyetme Alkolik Profili.,Film çevirebilirler.,opus_opensubtitles_tr
Bir kızı öpebilmek için sarhoş olmak zorunda mısın?,Burada bekle.,opus_opensubtitles_tr
"- Clarissa, sen misin?",- Evet.,opus_opensubtitles_tr
Uyumak için fazla heyecanlıyım.,Haydi parka gidip yıIdızları filan seyredelim.,opus_opensubtitles_tr
Yolda sixerı alırız.,Çık ortaya kahrolası.,opus_opensubtitles_tr
Orada olduğunu biliyorum.,O pislikler!,opus_opensubtitles_tr
- İyi akşamlar.,"- Üzgünüm, bar kapandı.",opus_opensubtitles_tr
- Neden?,- İkiyi beş geçiyor ahbap.,opus_opensubtitles_tr
- Selam John.,- Hey Matt.,opus_opensubtitles_tr
Bu adam sorun mu çıkarıyor?,Arkadaşıma sorun mu çıkarıyorsun?,opus_opensubtitles_tr
Sabahın ikisinden sonra size bira satamam.,Burada zamanı geri çeviriyorum.,opus_opensubtitles_tr
"Matt, biranı al ve git.","- Bak John, bu...",opus_opensubtitles_tr
- Yap şunu.,Teşekkürler.,opus_opensubtitles_tr
Hiç şişede tomurcuğunuz var mı?,- Sana o deli dedim.,opus_opensubtitles_tr
- Yürümeye devam et.,Lanet olsun o zaman.,opus_opensubtitles_tr
"Yakalanmak istiyorsan, elektrikli sandalyede kızarmak istiyorsan devam et, arkadaşlarına böyle davran.",Hızlanmaktan bahsediyorum.,opus_opensubtitles_tr
Evet.,Silahı bul.,opus_opensubtitles_tr
Lanet bok!,Moko.,opus_opensubtitles_tr
Buraya gel.,Şimdi silahın hala çalışıyor mu göreceğiz.,opus_opensubtitles_tr
"Sen çıIgın bir anne s. kicisin, biliyor musun?",- Bira istiyor musun?,opus_opensubtitles_tr
- Beni sarhoş etmeye mi çalışıyorsun Matt?,- İhbar eden ben olmak isterdim.,opus_opensubtitles_tr
- Ne?,John'u ihbar eden.,opus_opensubtitles_tr
Ve böyle söylediğimi birine anlatmana aldırmıyorum bile.,Ama kimseye böyle söylediğimi anlatma.,opus_opensubtitles_tr
"Yani, ihbar edene saygı duyuyorum.","Bilirsin, bu Mike olsa bile.",opus_opensubtitles_tr
Özellikle eğer Mike'sa.,- Mike değildi.,opus_opensubtitles_tr
- Nereden biliyorsun?,Sen miydin?,opus_opensubtitles_tr
Sendin.,Sadece ben olacağımı sanmıyordum.,opus_opensubtitles_tr
Layne'e söyleme.,Elbette söylemem.,opus_opensubtitles_tr
"Tanrım, insanların öğrenmesinden korkmadın mı?",Evet.,opus_opensubtitles_tr
Ama onun yüzünü görmeye devam ediyordum Clarissa.,Sen onun yüzünü görmüyor muydun?,opus_opensubtitles_tr
Yani bu beni etkiledi.,Seni etkilemedi mi?,opus_opensubtitles_tr
Etkiledi.,Yani Jamie'yi tanıyorduk değil mi?,opus_opensubtitles_tr
"Ve işte o, ölü, tam orada, gözlerimizin önünde.",Bu kadar yakın olmasına rağmen bir şey kaybetmiş gibi hissetmiyoruz bile.,opus_opensubtitles_tr
En azından ben hissetmiyorum.,En çok bu beni etkiliyor.,opus_opensubtitles_tr
Onun için ağlayamıyorum bile Matt.,"Yani, Brian'ın Şarkısı'ndaki adam öldüğünde ağlamıştım.",opus_opensubtitles_tr
En azından özlediğimiz biri için ağlayabileceğimi biliyorsun.,Bu bizi kötü etkileyecek.,opus_opensubtitles_tr
Biliyorum yapacak.,Muhtemelen onun cenazesinde.,opus_opensubtitles_tr
"Bazen, ölü olmak daha kolay olmalı diye düşünüyorum.","Ah, bu saçmalık.",opus_opensubtitles_tr
Daha fazla sarhoş olmamalısın.,Aynı heyecanı duyuyorum.,opus_opensubtitles_tr
Senden hoşIanıyorum.,Tamam.,opus_opensubtitles_tr
"Tamam, tamam, tamam, tamam.",Seninle ilgileneceğim Toulette.,opus_opensubtitles_tr
Seni bulacağım.,Biri seninle ilgilenecek.,opus_opensubtitles_tr
Ben seninle ilgileneceğim tamam mı?,"Kahretsin John, ne cehennemdesin?",opus_opensubtitles_tr
"Hey, Ellie içme.",- Bu ağızla bir şey yapar.,opus_opensubtitles_tr
- Ellie iyi bir kız.,Eminim öyledir.,opus_opensubtitles_tr
Gerçekten iyi gibi.,Haydi ne tür numaralar bildiğini görelim.,opus_opensubtitles_tr
Evet bebek.,Bu güzel.,opus_opensubtitles_tr
Bu gerçekten güzel.,Bunu yapmasan olmaz mı Iütfen John?,opus_opensubtitles_tr
"Bebek acele etme, beni heyecanlandırıyorsun.",Lütfen John.,opus_opensubtitles_tr
Kes şunu.,"Bebek, bebek, bebek...",opus_opensubtitles_tr
Lütfen!,Sakin ol.,opus_opensubtitles_tr
Duydun mu?,Hey!,opus_opensubtitles_tr
"Hey, sen ye beni.","Bana aldırma, ye beni.",opus_opensubtitles_tr
"Hayır, sen ye beni.","- Hayır, sen ye beni.",opus_opensubtitles_tr
- Sen ye beni pislik.,"- Hayır, sen ye beni pislik.",opus_opensubtitles_tr
- Ben polisleri aramadan önce kapa çeneni.,Sen kapa çeneni.,opus_opensubtitles_tr
Evet?,Ara onları.,opus_opensubtitles_tr
Sakin olsan iyi olur John.,Sen dene.,opus_opensubtitles_tr
Denemesem iyi olur.,Buraya gel ve otur.,opus_opensubtitles_tr
Dikkat çekmek istemiyoruz ahbap.,Haydi Feck.,opus_opensubtitles_tr
Silahını ateşle.,Bahse girerim yıllardır ateşlememişsindir.,opus_opensubtitles_tr
Bu sebepsiz göstereceğim bir şey değil.,Neden?,opus_opensubtitles_tr
Manevi değeri var.,Bu o pilici öldürdüğün silah mı?,opus_opensubtitles_tr
Öyle.,Bahse girerim gurur duyuyorsundur ha?,opus_opensubtitles_tr
Yaptığım önemli bir şeydi.,Ona patronun kim olduğunu göstermek istedin.,opus_opensubtitles_tr
Anlayabilir misin bilmiyorum.,Onu seviyordum.,opus_opensubtitles_tr
O zaman neden öldürdün onu?,Bok ye mi dedi sana?,opus_opensubtitles_tr
"Hayır, hayır.","Haydi Feck, ben senden yanayım.",opus_opensubtitles_tr
Ben de bir kızı öldürdüm.,Dünyaya kimin patron olduğunu göstermek istiyordum.,opus_opensubtitles_tr
Bu neydi?,Hiçbir şey.,opus_opensubtitles_tr
Kulaklarını tıka.,Bana silahını versen iyi olur John.,opus_opensubtitles_tr
Silaha ihtiyacım yoktu.,Ellerimle yaptım.,opus_opensubtitles_tr
"Tam oradaydım, onun üstündeydim.",Yüz yüzeydik.,opus_opensubtitles_tr
"Kızgın bile değildim, gerçekten.",Çok şaşırmış görünmüyordu.,opus_opensubtitles_tr
Sadece biraz bastırdım.,Bir kaç dakika sonra yüzü şişti ve morardı ve öylece bana bakıyordu.,opus_opensubtitles_tr
Kıpırdayamadı.,ÇığIık atamadı.,opus_opensubtitles_tr
Tamamen benim kontrolümdeydi.,Tamamen benim kontrolümdeydi.,opus_opensubtitles_tr
Öyle gerçek hissediyordum ki.,Çok gerçek hissediyordum.,opus_opensubtitles_tr
"ÖIdü, orada benim önümde ve ben kahrolasıca canlı hissettim!",Sen de böyle mi hissettin Feck?,opus_opensubtitles_tr
Tam olarak değil.,Komik olan şey şimdi ölüyüm.,opus_opensubtitles_tr
- Beni elektrikli sandalyeye oturtacaklar.,- Böyle söyleme.,opus_opensubtitles_tr
Layne sana yardım edecek.,Layne?,opus_opensubtitles_tr
Ne lanet...,Layne beni Portland'a gönderecek ve beni karanlık bir odada 20 yıI boyunca saklayacak.,opus_opensubtitles_tr
Böylece sonum senin gibi olacak Feck.,Sence bunu mu istiyorum?,opus_opensubtitles_tr
Hayır.,İstemiyorsun.,opus_opensubtitles_tr
Layne gerçekten dostum bile değildi.,Beni tanımıyor bile.,opus_opensubtitles_tr
Ben senin dostun olacağım.,Senden hoşlandım.,opus_opensubtitles_tr
Layne'e karşı hareket etmeye karar vermemize sevindim.,Bazen artık onu tanımadığımı hissediyorum.,opus_opensubtitles_tr
O kayıp.,Haydi biraz uyuyalım.,opus_opensubtitles_tr
Yaşlanman gerekmiyordu.,Oh Tanrım.,opus_opensubtitles_tr
Tekrar vur ona.,"Uyandım, uyandım.",opus_opensubtitles_tr
Oh lanet.,Merhaba.,opus_opensubtitles_tr
Bize cinayet hakkında bir şey anlatabilir misin?,- Katil sen misin?,opus_opensubtitles_tr
- Ne?,Kahrolası bir telefon bile edemez miyim?,opus_opensubtitles_tr
- Öyleyse şimdi evleneceğiz değil mi?,- Hayır.,opus_opensubtitles_tr
Haydi onun yerine uyuşturucu alalım.,Bu harika olur.,opus_opensubtitles_tr
"Burada bütün gün yatabilirim, okulu boş ver ve ışığı içine çek.","Kahretsin, okul.",opus_opensubtitles_tr
Gerçekten Bay Burkewaite'in dersini kaçırmamalıyım.,Gerçekten o adam için heyecanlanıyorsun değil mi?,opus_opensubtitles_tr
Hayır.,Sadece...,opus_opensubtitles_tr
"- Bilmiyorum, ona saygı duyuyorum.",- Bir yetişkine mi saygı duyuyorsun?,opus_opensubtitles_tr
Gerçekten uyuşturucuya ihtiyacım var.,Okula giderken bize uğrayalım.,opus_opensubtitles_tr
Sanırım Feck'in otlarından biraz vardı.,Biri beni kullanıImış yemek yağına batırmış gibi hissediyorum.,opus_opensubtitles_tr
Duş alabiliriz.,Yani sen alabilirsin.,opus_opensubtitles_tr
"Bilirsin, kendi başına.",Hayır.,opus_opensubtitles_tr
Ne yapmalıydım o zaman?,Onunla ne yapmalıydım?,opus_opensubtitles_tr
"- Bak, eğer tartışma olacaksa...","- Hayır, tartışma yok.",opus_opensubtitles_tr
Tamam mı?,Tartışma yok.,opus_opensubtitles_tr
Hemen geri geleceğim tamam mı?,Onu düzgün yetiştirmeliydin.,opus_opensubtitles_tr
İkisini de.,Kontrol etmeliydin.,opus_opensubtitles_tr
Bu kadar kolay mı?,Sadece onlara ne yapıp ne yapmayacaklarını söyle.,opus_opensubtitles_tr
Mükemmel çocuklar.,Bu imkansız değil.,opus_opensubtitles_tr
Babam beni düzgün yetiştirdi.,- Baban seni döverdi.,opus_opensubtitles_tr
- Ne olmuş?,Bu onların dinlemesini sağlar.,opus_opensubtitles_tr
Koca lanet konuşma.,- Üzgünüm Matt.,opus_opensubtitles_tr
- O zaman o aptalı dışarı at.,Seni dışarı atsam iyi olur.,opus_opensubtitles_tr
Tim dün gece eve gelmedi.,- Duydun mu beni?,opus_opensubtitles_tr
- Fazla uyuşturucun var mı?,"Kahretsin, buna inanmıyorum.",opus_opensubtitles_tr
Senin küçük kardeşin.,12 yaşında.,opus_opensubtitles_tr
"Eve gelmiyor, aramıyor.",Ne yaptığını Tanrı bilir.,opus_opensubtitles_tr
Ne yapmam gerekiyor?,Ben onun annesi değilim.,opus_opensubtitles_tr
O zaman ben de onun annesi değilim.,Kimsenin annesi değilim.,opus_opensubtitles_tr
Bu anne saçmalığından vazgeçiyorum.,Buna değmez.,opus_opensubtitles_tr
Hepiniz hataydınız.,Vazgeçme anne.,opus_opensubtitles_tr
"Sizi terk edeceğim, tıpkı babanızın yaptığı gibi.","Tanrım, anne sakin ol tamam mı?",opus_opensubtitles_tr
Tim iyi.,"Bak, her şey biraz çıIgınca görünüyor şu an, biraz kontrol dışı tamam mı?",opus_opensubtitles_tr
"Bak, dışarıda beni bekleyen biri var.","Acelem var, sonra konuşuruz.",opus_opensubtitles_tr
Bu malı alıyorum.,Tim için endişelenme tamam mı?,opus_opensubtitles_tr
Onu eve getireceğim.,"Evet, bu beni gerçekten şok etti.",opus_opensubtitles_tr
Bence öldürmek yanlıştır.,Ya cesedi görmeye giden bütün o insanlar?,opus_opensubtitles_tr
O da beni şok etti.,Bence John'ı tutuklamalıydılar.,opus_opensubtitles_tr
- John?,"- Evet, Jamie'yi öldürdü.",opus_opensubtitles_tr
- Katili biliyor muydun?,- Evet.,opus_opensubtitles_tr
"Bilirsin, ikimiz de katili biliyorduk.","Ek olarak bilirsin, kimi öldürdüğünü de.",opus_opensubtitles_tr
"Yani, bu yüzden bizim için çok zor...",- Tarafsız olmak?,opus_opensubtitles_tr
"- Evet öyle, tarafsız olmak.",İlişkisi olan iki insanı bildiğimizden ve her şeyi.,opus_opensubtitles_tr
Yani bizim bu sabah üzgün filan olmamız lazım.,Değiliz çünkü tarafsız olamadığımız gerçeği yüzünden.,opus_opensubtitles_tr
Bu arada ben gitarda çalarım.,- Dostun ne demek olduğunu bile bilmiyorsun.,opus_opensubtitles_tr
- Yorgunum.,- Samson'a dost mu diyorsun?,opus_opensubtitles_tr
- Telefon edemez miyim?,Arkadaşını korumak için yeterli mi?,opus_opensubtitles_tr
Cesedi saklamasına yardım ettin.,Belki...,opus_opensubtitles_tr
belki zavallı kızı öldürmesine bile.,Ben kimseyi öldürmedim.,opus_opensubtitles_tr
Neden yaptığını söyledi mi sana?,Merak bile etmedin mi?,opus_opensubtitles_tr
Hiç umurunda mıydı?,Bunlar aptalca sorular.,opus_opensubtitles_tr
Haklarımı biliyorum.,Telefon edebileceğimi biliyorum.,opus_opensubtitles_tr
Henüz hiçbir hakkın yok Layne.,Seni tutuklamadık.,opus_opensubtitles_tr
Harika.,Görüşürüz.,opus_opensubtitles_tr
Tamam.,"Tamam, tamam.",opus_opensubtitles_tr
Git.,Telefon et.,opus_opensubtitles_tr
Git kıymetli arkadaşlarından birini ara.,- Sana bir soru sordum.,opus_opensubtitles_tr
"- Onu tanımıyordum, tamam mı?","Sadece şunu söylemek istiyorum, o çocukların yaptığı şey korkunçtu.",opus_opensubtitles_tr
Ve bu olay bize toplumuzdaki ahlaki çöküşü gösteriyor.,"Teşekkür ederim Kevin, anlayışIı, üstün öfken için.",opus_opensubtitles_tr
- Bunu Tom'dan duymak istiyorum.,- Sadece bana öyle bakmayı kes ahbap.,opus_opensubtitles_tr
- Clarissa.,- Üzgünüm geciktim.,opus_opensubtitles_tr
Jamie'yi tanıyordun değil mi?,Onun arkadaşlarından biriydin.,opus_opensubtitles_tr
Onu nasıI hatırladığını tarif et bize.,Onu hatırlamak mı?,opus_opensubtitles_tr
"Evet, neye benziyordu?",Senin için anlamı neydi?,opus_opensubtitles_tr
Saçmalıyorsun.,Clarissa'yı böyle zor durumda bırakma hakkını ne veriyor sana?,opus_opensubtitles_tr
"Yani, o üzgün.",Arkadaşı öldü.,opus_opensubtitles_tr
"Üzgün müsün, Clarissa?",Öyle misin?,opus_opensubtitles_tr
Yani eğer öyleysen haydi içini dök.,S.ktir. Neden onu rahat bırakmıyorsun?,opus_opensubtitles_tr
Hayır sen s. ktir.,Çünkü buna inanmıyorum.,opus_opensubtitles_tr
Umursamıyorsun.,Umursamıyorum.,opus_opensubtitles_tr
Bu sınıftaki kimse onun ölümünü umursamıyor.,Bu bize kendimizi üstün hissetme şansı veriyor ve toplumumuzdaki ahlaki çöküşü gösteriyor ama bizi gerçekten etkilemiyor değil mi?,opus_opensubtitles_tr
Çünkü etkileseydi şu an hiç birimiz bu sınıfta olmazdık.,Uykusuzluktan yarı delirmiş halde sokaklarda Samson Toulette'i silahla avlıyor olurduk.,opus_opensubtitles_tr
- Bu azarlanmayı gerektiren bir davranış.,- Kapa çeneni Kevin.,opus_opensubtitles_tr
Bu pislikten sınav olacak mıyız?,Bütün gün böyle olacak gibi.,opus_opensubtitles_tr
Öğretmenler ne tür canavarlar olduğumuzdan bahsedecekler.,- Daha fazla dayanamıyorum.,opus_opensubtitles_tr
- Ayrılalım diyorum.,Sadece bir yere gidelim.,opus_opensubtitles_tr
Haydi Clarissa.,Tatile çıkıyoruz.,opus_opensubtitles_tr
- Çek... çekler posta kutusunda.,- Feck.,opus_opensubtitles_tr
Hangi cehennemdeydin?,John nerede?,opus_opensubtitles_tr
Gitti.,Nehire gitti.,opus_opensubtitles_tr
- ÖIüyorum.,- Ellerini kaldır!,opus_opensubtitles_tr
Misafir.,Alo?,opus_opensubtitles_tr
"Alo, kimsiniz?",Bu aklımı aldı ahbap.,opus_opensubtitles_tr
Ünlüyüz.,- Her zaman istediğin gibi ha?,opus_opensubtitles_tr
"- Şey, bu bir başlangıç.",Jamie'nin cenazesi için üstü açık tabut alıyorlar.,opus_opensubtitles_tr
- Bu iğrenç.,- Biliyorum.,opus_opensubtitles_tr
Bence bu çok kötü.,Bütün bu olaylar çok kötü.,opus_opensubtitles_tr
Gençler insan ırkının yüz karasılar.,Bütün yaşayan şeylerin.,opus_opensubtitles_tr
Bitkilerin bile.,Aynı odada kaktüs olarak bile bulunmamalısınız.,opus_opensubtitles_tr
Bu da ne?,- Lanet.,opus_opensubtitles_tr
- Aman Tanrım.,Yine mi.,opus_opensubtitles_tr
- ÖIü mü?,- Bu bir manken.,opus_opensubtitles_tr
Ben buradan gidiyorum.,Söyledim size bu aptallıktı.,opus_opensubtitles_tr
"Hayır, hayır, hayır bekle.",Ne yapıyorsun?,opus_opensubtitles_tr
"Taş atma, o bir insan.",Belki hala hayattadır.,opus_opensubtitles_tr
"- Hayır, bu Ellie.",- Ellie?,opus_opensubtitles_tr
- Sex oyuncağı.,- Ellie kim?,opus_opensubtitles_tr
Bu Ellie.,Feck'in kız arkadaşı.,opus_opensubtitles_tr
Burada ne işi olduğunu merak ediyorum.,Bu sadece sanki hala hayattayken en iyisini yapman gerektiği gibi.,opus_opensubtitles_tr
Çünkü şimdi herhangi bir gün boom.,Ve ölürüz.,opus_opensubtitles_tr
- Ne düşündüğümü bilmek ister misin?,- Hayır Mike.,opus_opensubtitles_tr
Biri seni öldürebilir biliyorsun.,Ya da Rusya nükleer bomba gönderebilir.,opus_opensubtitles_tr
"Sadece Ruslar'a uyuşturucu verelim, bu onları dışarı atacak kadar mayıştırabilir.",- John nerede?,opus_opensubtitles_tr
- Ne?,John'ı unut.,opus_opensubtitles_tr
Tanrım.,Sadece unutur musun onu?,opus_opensubtitles_tr
- Hemen burada kıçını tekmelemeliyim.,- Ne yaptım?,opus_opensubtitles_tr
Beni rahat bırak.,Neler olduğunu bilmiyorsun.,opus_opensubtitles_tr
Hiçbiriniz neler olduğunu bilmiyorsunuz.,Onu kendim bulurum.,opus_opensubtitles_tr
Bütün gece bir pisliği aramak için uyanık kaldın değil mi?,O bir pislik değil.,opus_opensubtitles_tr
O bir pislik.,Hiçbir şey umurunda değil.,opus_opensubtitles_tr
"Arkadaşları, kendisi...",ÖImeye aldırmıyor.,opus_opensubtitles_tr
Anlayamıyor musun?,Beni dinler misin?,opus_opensubtitles_tr
Onu fazla önemsemediğini biliyorum.,- Bunu biliyor musun?,opus_opensubtitles_tr
- Seni tanıyorum Layne.,Aklına bu fikirler saplandı ve düşünmedin.,opus_opensubtitles_tr
Bu fikirlerin hiçbiri John'ı kurtaramaz.,Bu iyi bir fikir değil.,opus_opensubtitles_tr
Daha iyi bir fikrin var mı?,Evet.,opus_opensubtitles_tr
Onu ihbar etmek.,Sen bunu yapardın değil mi?,opus_opensubtitles_tr
Yaptım.,İşini bitirmeliydin Layne.,opus_opensubtitles_tr
- Sadece bunu söylediğin için bile öldürmeliyim seni.,- Saçmaladığını biliyorsun.,opus_opensubtitles_tr
Bize kolayca arkanı döndün.,Senin kahrolası bir dost olduğunu sanıyordum.,opus_opensubtitles_tr
Ben ve John'ın yalnız olduğumuzu biliyordum.,Bırak gitsin.,opus_opensubtitles_tr
Onun neyi var?,Üzgün.,opus_opensubtitles_tr
Bana vurmamalıydın.,- Aptal olma Tim.,opus_opensubtitles_tr
- John'ı ihbar ettin.,Ben senin abinim.,opus_opensubtitles_tr
Silahı bana ver.,Bak.,opus_opensubtitles_tr
Canını yaktığım için özür dilerim tamam mı?,Üzgündüm.,opus_opensubtitles_tr
Şimdi silahı bana ver tamam mı?,Kahretsin Tim.,opus_opensubtitles_tr
Ben senin abinim.,Haydi.,opus_opensubtitles_tr
Onu öldürdüler.,Onu öldürdüler.,opus_opensubtitles_tr
Çünkü onun için hiç umut yoktu.,Hiç umut yoktu.,opus_opensubtitles_tr
Onu sevmiyordu.,Bir şey hissetmiyordu.,opus_opensubtitles_tr
Ben en azından onu seviyordum.,Onu önemsiyordum.,opus_opensubtitles_tr
Yani...,"Anlıyorsun, değil mi?",opus_opensubtitles_tr
Tabi anlıyorsun.,İnsanları öldürmekten hoşlanmıyorum.,opus_opensubtitles_tr
Ama bazen bu gereklidir.,Şimdilik bu kadar yeterli.,opus_opensubtitles_tr
Ben...,Hepinizin şimdi gitmesini istiyorum.,opus_opensubtitles_tr
Çok yorgunum ve biraz üzgünüm.,Bu gün iyi bir arkadaşımı kaybettim biliyor musunuz?,opus_opensubtitles_tr
"Lütfen,son vedanı etme",Lütfen söyleme,opus_opensubtitles_tr
"Senin son,son elvedan","Evet,sen beni bırakıyorsun",opus_opensubtitles_tr
Beni burada ağlamaya bırakıyorsun,Seni sevdiğimi biliyorsun,opus_opensubtitles_tr
"Oh,Seni seviyorum",Benim kendi anneme yaptığımdan daha çok,opus_opensubtitles_tr
Seni sevdiğimi biliyorsun,Benim kendi anneme yaptığımdan daha çok,opus_opensubtitles_tr
"Biz,niye bir arada kalamayız","Oh,biz birbirimizi niye sevemeyiz",opus_opensubtitles_tr
Seni özleyeceğim,Seni özleyeceğim,opus_opensubtitles_tr
Seni özleyeceğim,"Oh,Seni özleyeceğim",opus_opensubtitles_tr
Seni özleyeceğim,Seni özleyeceğim,opus_opensubtitles_tr
İşini bitir!,Kulübeye git.,opus_opensubtitles_tr
"Ah, tabii.","Yeni gelen mahkumlar mezar kazdığımızı görürlerse, kaçabilirler.",opus_opensubtitles_tr
Şakanın sırası değil.,İşini bitir!,opus_opensubtitles_tr
"Kaz, kaz.",Bizi hasta listesine koysanız diyorum.,opus_opensubtitles_tr
"İnsaflı olun, yüzbaşı.",Bizi hastaneye yatırın.,opus_opensubtitles_tr
Hasta değilsiniz.,Hiç olmadınız.,opus_opensubtitles_tr
"Neden hep hasta numarası yapıyorsun, Shears?",Başımın üzerine böyle birşey istemediğimden herhalde.,opus_opensubtitles_tr
Yüzbaşı Kanematsu sigaraya ne dersiniz?,Bu sabah verdim ya.,opus_opensubtitles_tr
İkinize de.,İyi ya işte.,opus_opensubtitles_tr
Bu iyiliğinizin karşılığını vermek istiyorum.,"İçten gelerek verilen bir hediyeyi asla unutmam, sizin verdiğiniz sigara gibi.",opus_opensubtitles_tr
O yüzden bu çakmağı almanızı istiyorum.,Çaldığımı mı sanıyorsunuz?,opus_opensubtitles_tr
Az önce gömdüğümüz İngiliz çocuğun çakmağıydı.,Ona yaptığım bir iyiliğe karşı bana bunu vermişti.,opus_opensubtitles_tr
"Ölmeden önce, ben de aynı şeyi size yapmak istiyorum.","Tuhaf adamsın, Shears.",opus_opensubtitles_tr
Hasta listesine kondun.,O da.,opus_opensubtitles_tr
Bir gün Albay Saito ona rüşvet verdiğini anlarsa ne olacak?,"Bundan önce biz çoktan uzaklarda olacağız, dostum.",opus_opensubtitles_tr
Çok uzaklarda.,"Peki, haydi bitirelim.",opus_opensubtitles_tr
Burada yatan...,Az önce kimi gömdüğümüzü unuttum.,opus_opensubtitles_tr
Thomson.,"Ah, evet.",opus_opensubtitles_tr
Burada yatan Onbaşı Herbert Thomson seri numarası sıfır-bir- iki-üç-dört-beş-altı-yedi.,"1 943'de beriberiden ölmüş, Kings Own veya Queens Own ya da her neyse onun cesur üyesi ve şerefiyle ölen...",opus_opensubtitles_tr
-Ne uğruna ölmüştü?,-Haydi yapma.,opus_opensubtitles_tr
Ölenle alay edilmez.,Ölenle alay falan etmiyorum.,opus_opensubtitles_tr
Huzur içinde yatsın.,Bu huzuru hayattayken pek bulamadı.,opus_opensubtitles_tr
"""A"" Bölüğü, yerinde say!",Dur.,opus_opensubtitles_tr
"Sıraya geç, sola dön.",Rahat.,opus_opensubtitles_tr
"Bayağı yoğun mezarcılar olacağız, Weaver.","Aferin, aferin.",opus_opensubtitles_tr
Bu albay neyin içinde olduğunu bilmiyor.,Ona gerçeği anlatacak mısın?,opus_opensubtitles_tr
Tabii ki hayır.,"Sen ne bir subaysın, ne de bir centilmen.",opus_opensubtitles_tr
Adım Nicholson.,Ben Albay Saito.,opus_opensubtitles_tr
Majesteleri adına size hoşgeldiniz diyorum.,"Bu kampın, yani yakında Bangkok'u Rangoon'a bağlayacak olan büyük tren yolundaki 1 6. kampın kumandanıyım.",opus_opensubtitles_tr
"Siz İngiliz mahkumlar, Kwai Nehri üzerine bir köprü inşa etmek üzere seçildiniz.",Keyifli ve beceri isteyen bir iş olacak.,opus_opensubtitles_tr
Subaylar da siviller gibi çalışacaklar.,Japon Ordusu tembel olanları beslemez.,opus_opensubtitles_tr
"Çok çalışırsanız, karşılığını alırsınız.",Ama eğer çok çalışmazsanız cezalandırılacaksınız.,opus_opensubtitles_tr
Kaçmakla ilgili şunları söyleyeyim:,Burada dikenli tel yok.,opus_opensubtitles_tr
Kazıklı çit yok.,Gözcü kulesi yok.,opus_opensubtitles_tr
Tüm bunlar gerekli değil.,Burası ormanın ortasında bir ada.,opus_opensubtitles_tr
Buradan kaçmak imkansızdır.,Ölürsünüz.,opus_opensubtitles_tr
"Bugün dinlenecek, yarın işe başlayacaksınız.",Size General Yamashita'nın bir sözünü hatırlatayım:,opus_opensubtitles_tr
""" İşinizi seve seve yapın.""",İşinizi seve seve yapın.,opus_opensubtitles_tr
Gidebilirsiniz.,"Tabur, rahat.",opus_opensubtitles_tr
"Binbaşı Hughes, sıradan çık.","Tabur, rahat.",opus_opensubtitles_tr
"Hughes, adamları koğuşlara yerleştir.",Hasta olanlarla ilgilen.,opus_opensubtitles_tr
Bu adamla biraz konuşacağım.,"Sözlerinizi duydum, efendim.",opus_opensubtitles_tr
"Adamlarım, işlerini İngiliz askerlerine yakışır şekilde yapacaklardır.",Davranışlarından subaylarım ve ben sorumlu olacağız.,opus_opensubtitles_tr
"Cenevre Anlaşması gereği, subayların, işçi olarak çalıştırılmasının kesinlikle yasak olduğu gözünüzden kaçmış olabilir.",Öyle mi?,opus_opensubtitles_tr
Anlaşmanın bir kopyası bende var göz atmanız için size verebilirim.,Buna gerek olmayacak.,opus_opensubtitles_tr
"Oturun, lütfen.","Evet, efendim.",opus_opensubtitles_tr
Clipton ile biraz konuşacağım.,"Clipton, mani olmayayım.",opus_opensubtitles_tr
-Kolun nasıl?,-İyileşti sayılır.,opus_opensubtitles_tr
"Efendim, bu Amerikan Donanmasından Binbaşı Shears.","Nasılsınız, efendim?",opus_opensubtitles_tr
Onu ve bir Avustralyalı bulduk.,Kampı kuran mahkumlardan geriye sadece ikisi kalmış.,opus_opensubtitles_tr
"Amerikan Donanması, ha?",Burada mı?,opus_opensubtitles_tr
Kara ile kuşatılmış sayılırım.,-Geminizi mi kaybettiniz?,opus_opensubtitles_tr
-Houston'ı.,Karaya çıkmayı başardım fakat diğer kurtulanlardan ayrı düştüm.,opus_opensubtitles_tr
Buradaki grubunuzdan da mı?,Çoğunlukla Avustralyalılar.,opus_opensubtitles_tr
Birkaç...,Birkaç İngiliz.,opus_opensubtitles_tr
"Hintli, Birmanyalı, Siyamlı.",Onlara ne oldu peki?,opus_opensubtitles_tr
"Öldüler sıtma, dizanteri, beriberi ve kangrenden.",Diğer ölüm sebepleri:,opus_opensubtitles_tr
"Açlık, aşırı çalışma, kurşun yaraları, yılan ısırıkları Saito.",Bir de yaşamaktan yorulanlar vardı.,opus_opensubtitles_tr
Clipton size baktı mı?,Üzereyim.,opus_opensubtitles_tr
"Buraya gelin, sonra tıraş olursunuz.",Pekala.,opus_opensubtitles_tr
Subaylarla kalacaksınız.,Size uygun bir kıyafet bulacağız.,opus_opensubtitles_tr
Benim için endişelenmeyin.,Hasta listesinden çıkmaya pek can atmıyorum.,opus_opensubtitles_tr
"Ayrıca, bu da iş kıyafeti.",Buralarda çok moda.,opus_opensubtitles_tr
Grubunuzdaki subaylar ağır işçilik yaptılar mı?,Öyle de diyebilirsiniz sanırım.,opus_opensubtitles_tr
"Bu konuyu Albay, adı neyse, ona söyledim.",Saito.,opus_opensubtitles_tr
-Sanırım durumu anladı.,-Öyle mi dersiniz?,opus_opensubtitles_tr
Evet.,Oldukça makul birine benzediğini söylemeliyim.,opus_opensubtitles_tr
"Şey, işime devam etmeliyim.",Saat 1 9:00'da subaylar toplantısı var.,opus_opensubtitles_tr
-Taleplerinizin listesini çıkarın.,"-Peki, efendim.",opus_opensubtitles_tr
Ne yapabilirsek.,"Teşekkür ederim, efendim.",opus_opensubtitles_tr
-Ne oldu?,-Boşver.,opus_opensubtitles_tr
"Haydi, söyle.","Saito için söyleyecek pek çok şey bulabilirim ama ""makul"", yeni bir kelime.",opus_opensubtitles_tr
Belki Albay Nicholson bu kelimeyi farklı tanımlıyordur.,Başka görüşü olan?,opus_opensubtitles_tr
"-İzin verirseniz, efendim?",-Jennings?,opus_opensubtitles_tr
Kaçış komitesi hakkında.,Binbaşı Shears ile konuştum...,opus_opensubtitles_tr
Kaçış komitesi diye birşey olmayacak.,"Anlayamıyorum, efendim.",opus_opensubtitles_tr
Yüzbaşı Jennings'in bir planı var.,"Evet, evet, eminim Jennings'in bir planı vardır, ama kaçmak mı?",opus_opensubtitles_tr
Nereye?,Bu ormanın içine mi?,opus_opensubtitles_tr
"Şu adam, Saito, o haklı.",Burada dikenli tellere gerek yok.,opus_opensubtitles_tr
Kurtulma şansı 1 00'de bir.,Eminim Binbaşı Shears'in adamlarının tecrübeleri beni destekleyecektir.,opus_opensubtitles_tr
Bence başarılı bir kaçış ihtimali 1 00'de bir.,-Ama birşey daha ekleyebilir miyim?,opus_opensubtitles_tr
-Lütfen.,Bu kampta hayatta kalma ihtimali bundan da düşük.,opus_opensubtitles_tr
Mezarlığı gördünüz.,Güçlü ihtimal o.,opus_opensubtitles_tr
"Kaçış ümidinizi yitirip bunu düşünmekten vazgeçerseniz, ölüm fermanınızı hazırlamış olursunuz.","Siz neden kaçmayı hiç denemediniz, binbaşı?",opus_opensubtitles_tr
Zamanını bekliyorum.,Doğru zamanı ve doğru ekibi.,opus_opensubtitles_tr
Ne hissettiğinizi anlıyorum.,"Tabii ki, esir düşen bir askerin görevi, kaçma teşebbüsüdür.",opus_opensubtitles_tr
Fakat adamlarım ve ben garip bir yasal olaya karışmış durumdayız ki bunu siz bilmiyorsunuz.,Başkomutanlık bize Singapur'da teslim olmamızı emretti.,opus_opensubtitles_tr
Emretti.,"O yüzden, bizim durumumuzda kaçmak, ordu kanunlarına karşı gelmek olur.",opus_opensubtitles_tr
"İlginç bir konu, efendim.","Özür dilerim, efendim, Sizi tam anlayamadım.",opus_opensubtitles_tr
"Bu yasal talimatı, ne pahasına olursa olsun, uygulamayı mı düşünüyorsunuz?","Yasalar olmazsa, binbaşı, medeniyet de olmaz.",opus_opensubtitles_tr
Söylemek istediğim bu.,Burada medeniyet yok.,opus_opensubtitles_tr
O halde öğretme fırsatımız var.,Kaçma konusunu kapatalım.,opus_opensubtitles_tr
Başka birşey var mı?,Sanırım program gayet açık.,opus_opensubtitles_tr
Yarın sabahtan itibaren herşeyin sorunsuz gitmesini istiyorum.,Ve şunu unutmayın:,opus_opensubtitles_tr
Adamlarımız halen bizim emrimizde olduklarını hissetmeliler Japonların değil.,"Buna inandıkları sürece, asker olarak kalırlar, esir değil.",opus_opensubtitles_tr
"Bunda mutabık mıyız, binbaşı?","Umarım asker olarak kalabilirler, albay.",opus_opensubtitles_tr
"Bana gelince, ben bir esirim.",Yaşayan bir esir.,opus_opensubtitles_tr
Garip bir kuş.,Bir Amerikalı için bile...,opus_opensubtitles_tr
"Çok uzun süre ayrı kalmış, zavallı çocuk.",Bölüğünden alınmış.,opus_opensubtitles_tr
Bu hepimize ders olmalı.,İngiliz mahkumlar!,opus_opensubtitles_tr
Dikkat ettiyseniz İngiliz askerler demiyorum.,"Teslim olduğunuz andan itibaren, askerliğiniz bitmiştir.",opus_opensubtitles_tr
Mayıs ayının on ikinci gününe kadar köprüyü bitirmiş olacaksınız.,Japon bir mühendisin talimatları doğrultusunda çalışacaksınız.,opus_opensubtitles_tr
Zamanımız kısıtlı.,Herkes çalışacak.,opus_opensubtitles_tr
Subaylarınız da sizlerin yanında çalışacaklar.,Çünkü teslim olarak sizlere ihanet etmişlerdir.,opus_opensubtitles_tr
Utancınız onların şerefsizliğidir.,Sizlere kahramanca ölmektense hamallar gibi yaşamak daha iyidir diyen onlar.,opus_opensubtitles_tr
"Sizleri buraya getiren de onlar, ben değilim.","Bu yüzden, kendileri yararlı işlerde kullanılmak üzere sizlere katılacaklar.",opus_opensubtitles_tr
Hepsi bu kadar.,"Subay mahkumlar, aletlerinizi alın.",opus_opensubtitles_tr
"Bradley, yerine dön.","Binbaşı Saito, size Cenevre Anlaşmasının 27.",opus_opensubtitles_tr
Maddesini hatırlatmak isterim.,"""Savaşan taraflar, sağlıklı savaş mahkumlarını çalıştırabilirler, subaylar hariç"" ...",opus_opensubtitles_tr
O kitabı bana verin.,Elbette.,opus_opensubtitles_tr
"İngilizce okuyabiliyorsunuz, değil mi?",-Siz Japonca okuyabiliyor musunuz?,opus_opensubtitles_tr
"-Üzgünüm, hayır.","Sorun tercüme ise, eminim bunu ayarlayabiliriz.",opus_opensubtitles_tr
"Bakın, kanun der ki...",Yerlerinizde kalın.,opus_opensubtitles_tr
Bana kanundan mı bahsediyorsunuz?,"Hangi "" kanun""?",opus_opensubtitles_tr
Korkakların kanunu!,Asker kanunları hakkında ne bilirsiniz?,opus_opensubtitles_tr
Bushido hakkında?,Hiçbir şey!,opus_opensubtitles_tr
Komutanlığa layık değilsiniz!,Medeni dünyanın kanunlarına riayet etmeyi reddederseniz size itaat edemeyiz.,opus_opensubtitles_tr
Subaylarım ağır iş yapmayacaklar.,Göreceğiz.,opus_opensubtitles_tr
Tüm er mahkumlar iş başına.,Başçavuş!,opus_opensubtitles_tr
Adamları işe başlatın.,"Tabur, aletlerinizi alın.",opus_opensubtitles_tr
Tek sıra halinde sola dön.,Sola dön!,opus_opensubtitles_tr
"""A"" Bölüğü, sağa.","Marş, marş.",opus_opensubtitles_tr
Gözler sağa.,Gözler sağa.,opus_opensubtitles_tr
Gözler öne.,"Marş, marş, gözler sağa.",opus_opensubtitles_tr
""" C"" Bölüğü, sağa.",Ne yapıyor?,opus_opensubtitles_tr
Galiba şahit bırakmak istemiyor.,"Şimdi, mantıklı olacaksınız.",opus_opensubtitles_tr
Subaylarınıza çalışmalarını emredeceksiniz.,Hayır.,opus_opensubtitles_tr
Üçe kadar sayacağım.,Eğer üç dediğimde siz ve subaylarınız işin yolunu tutmamışsanız ateş emri vereceğim.,opus_opensubtitles_tr
Yapacak.,"İnan bana, gerçekten yapacak.",opus_opensubtitles_tr
Bir.,"Sizi uyarıyorum, Albay...",opus_opensubtitles_tr
İki.,Durun!,opus_opensubtitles_tr
"Albay Saito, herşeyi gördüm ve duydum.",Hastanedeki diğerleri de.,opus_opensubtitles_tr
Çok fazla şahit var.,"Toplu kaçış oldu diyemezsiniz, çünkü bir çoğu yürüyemiyor bile.",opus_opensubtitles_tr
Bu mu sizin askeri kanununuz?,Silahsız adamları öldürmek mi?,opus_opensubtitles_tr
"Gördün mü, Jennings?",Hasta listesinde olmanın bazı avantajları da varmış.,opus_opensubtitles_tr
İhtiyar için şunu söyleyebilirim:,Çok yürekli biri.,opus_opensubtitles_tr
"""Ölüm vadisine giden yol.""","Nasıl yani, efendim?",opus_opensubtitles_tr
Öyle bir yüreklilik.,1 91 4'te sadece bellerindeki süs kamçılarıyla savaşan subayların yürekliliği.,opus_opensubtitles_tr
-Anlıyorum.,-Kesinlikle anlamıyorsun.,opus_opensubtitles_tr
Hepimizin ölümüne sebep olacak bir yüreklilik.,"Özür dilerim, efendim.",opus_opensubtitles_tr
Ben de katılmak istiyorum.,"Kolum neredeyse iyileşti, efendim, gerçekten.",opus_opensubtitles_tr
Ya o?,"Kaçmamamızı emretmedi, önerdi.",opus_opensubtitles_tr
"Dinle, albayınız gibi biri birşey önerdiğinde, bu bir emir sayılır.",Yine başlıyoruz.,opus_opensubtitles_tr
Albay Saito tüm subayların ceza kulübesine gitmesini istiyor.,"Söyleyin, gitsinler.",opus_opensubtitles_tr
Sen değil.,Gel.,opus_opensubtitles_tr
Onu serbest bırakın!,Onu serbest bırakın!,opus_opensubtitles_tr
Onu fırına koyacaklar.,Çünkü o çok iyi bir adamdır Çünkü o çok iyi bir adamdır,opus_opensubtitles_tr
Çünkü o çok iyi bir adamdır,Hepimiz böyle düşünüyoruz,opus_opensubtitles_tr
Hepimiz böyle düşünüyoruz Hepimiz böyle düşünüyoruz,Çünkü o çok iyi bir adamdır Çünkü o çok iyi bir adamdır,opus_opensubtitles_tr
Çünkü o çok iyi bir adamdır,Hepimiz böyle düşünüyoruz,opus_opensubtitles_tr
Dikkat!,Düşüyor!,opus_opensubtitles_tr
"Bir, iki, üç, dört.","Bir, iki, üç, dört.",opus_opensubtitles_tr
"Hayır, hayır, hayır!",Bırakın!,opus_opensubtitles_tr
Bırakın!,Beni mi görmek istediniz?,opus_opensubtitles_tr
Üç gündür buna uğraşıyorum.,Albay hakkında.,opus_opensubtitles_tr
O kilitli kulübede...,Sizi vurdurabilirdim.,opus_opensubtitles_tr
"Kaçmaya teşebbüs eden mahkumlar, sizin sorumluluğunuzdaydılar.",Kaçma hakkında hiçbir şey bilmiyordum.,opus_opensubtitles_tr
Bu birşeyi değiştirmez.,Deneyenlere saygı duymak gerekir.,opus_opensubtitles_tr
"Kısa bir süre için, kaçma ve ölüm arasında tekrar asker oldular.",Ama kaçmaya çalışmak delilik.,opus_opensubtitles_tr
"İki asker vuruldu, üçüncüsü de boğuldu.",Ne uğruna?,opus_opensubtitles_tr
"Bu, gerçeklerden kaçıştı.",İşte gerçeğiniz.,opus_opensubtitles_tr
"Bu, öğlene kadar bitirilmesi gereken işi gösteriyor.","Bu da, ne kadar ilerleme kaydedildiğini.",opus_opensubtitles_tr
"Albayınızın inatçılığı yüzünden, programın çok gerisinde kaldık.",Hepsi bu kadar değil.,opus_opensubtitles_tr
Kayıtlı mahkumlar işi sabote ettiler.,"Evet, gördüm.",opus_opensubtitles_tr
Hepsini vurdurabilirdim.,O zaman köprünüzü kim inşa ederdi?,opus_opensubtitles_tr
Sabotaj olduğundan emin misiniz ki?,Adamlar kendi subayları olmadan verimli çalışamıyorlardır.,opus_opensubtitles_tr
Onları benim subaylarım yönetecek.,Sizin subaylarınız onlarla çalışacak.,opus_opensubtitles_tr
Buna Nicholson karar verir.,"Dediği gibi bu, kurallara aykırı.",opus_opensubtitles_tr
Bana kurallardan bahsetmeyin.,Bu bir savaş!,opus_opensubtitles_tr
Bir kriket oyunu değil.,Albayınız çılgın oldukça çılgın.,opus_opensubtitles_tr
"Oturun, lütfen.",Albayı bir kerelik görmenize izin vermeye karar verdim.,opus_opensubtitles_tr
Teşekkür ederim.,Ona şunu söyleyin; eğer subayları çalışmazlarsa hastaneyi kapatmak zorunda kalacağım ve hastalarınız onların yerine çalıştırılacaklar.,opus_opensubtitles_tr
Bir çoğu ölecek.,Bunun da sorumlusu kendisi olacak.,opus_opensubtitles_tr
Gidin ve konuşun onunla.,Beş dakika süreniz var.,opus_opensubtitles_tr
"Doktor, ihtiyarı görmeye gidiyor.",Efendim...,opus_opensubtitles_tr
"Benim, Clipton, efendim.",Size bazı şeyler getirdim.,opus_opensubtitles_tr
-Adamlarım nasıl?,"-İyiler, efendim, iyiler.",opus_opensubtitles_tr
Zor bela toparladığımız azıcık et ve hindistan cevizi getirdim.,Ya subaylar?,opus_opensubtitles_tr
Pek iyi değiller.,Hala cezalılar.,opus_opensubtitles_tr
Çavuş Jennings ise...,Jennings öldü.,opus_opensubtitles_tr
-Ne?,"-Öldürüldü, kaçmaya çalışırken.",opus_opensubtitles_tr
"İki kişi daha, Onbaşı Weaver ve Amerikalı.",Jennings.,opus_opensubtitles_tr
"Zavallı, yiğit delikanlı.","Onu uyarmıştım, değil mi Clipton?",opus_opensubtitles_tr
"Bakın, efendim, fazla vaktimiz yok.",Konuşurken sizi biraz temizleyeceğim.,opus_opensubtitles_tr
Size söyleyeceklerim var.,Az önce Saito ile konuştum.,opus_opensubtitles_tr
O adam karşılaştığım en kötü kumandan.,"Daha doğrusu, o bir çılgın.",opus_opensubtitles_tr
Devam et.,Şantaj!,opus_opensubtitles_tr
"Biliyorum, efendim, ama o çok ciddi.",Bundan eminim.,opus_opensubtitles_tr
"Bu bir cüret meselesi, bu kadar basit.",Ve vazgeçemiyor.,opus_opensubtitles_tr
Bu yine de bir şantaj.,"Efendim, bundan daha fazlasına dayanamazsınız.",opus_opensubtitles_tr
Subaylarınızın o delikte boğulmaktansa çalışmaları daha iyi olmaz mı?,Adamlar iyi iş yapıyorlar.,opus_opensubtitles_tr
Cesaret edebildikleri kadar yavaş gidiyorlar.,Ama Saito yemeklerinden kesti ve eğer hastaları çalıştırırsa...,opus_opensubtitles_tr
"Şey, ölürler.",Doğrusu bu.,opus_opensubtitles_tr
"Evet, Clipton, anlıyorum.",Gerçekten.,opus_opensubtitles_tr
Ama görmüyor musun?,Bu bir prensip meselesi.,opus_opensubtitles_tr
"Eğer şimdi pes edersek, bunun sonu gelmez.",Hayır.,opus_opensubtitles_tr
"Efendim, koca bir ormanın içindeyiz, her yerden binlerce kilometre uzakta.",Kararından asla vazgeçmeyecek bir adamın hükmü altındayız.,opus_opensubtitles_tr
Prensip!,Bize neler olduğunu ne bilecekler ne de umursayacaklar.,opus_opensubtitles_tr
"Pes edin, efendim.",Lütfen!,opus_opensubtitles_tr
Kararım kesindir.,Taburumdan hiçbir subayın hamal gibi çalışmasına izin vermeyeceğim.,opus_opensubtitles_tr
-Vakit doldu.,-Pekala.,opus_opensubtitles_tr
Beni düşünenlere teşekkür et lütfen.,Hastanedeki herkesin birer parça katkısı oldu.,opus_opensubtitles_tr
Reynolds hindistancevizini çaldı.,Size arasıra yiyecek getirebileceğiz.,opus_opensubtitles_tr
Gardiyanlardan birine rüşvet verdik.,"Hoşçakalın, efendim.",opus_opensubtitles_tr
Ve iyi şanslar.,Çok teşekkürler.,opus_opensubtitles_tr
O Amerikalı öldürüldü mü demiştin?,"Evet, efendim.",opus_opensubtitles_tr
Vuruldu ve boğuldu.,Kaçmayı planlamak delilik.,opus_opensubtitles_tr
"Üç adam öldü, peki ne uğruna?",Vakit!,opus_opensubtitles_tr
İşte bundan galip çıkmalıyız.,"Doktor bize bakıp, kafasını salladı.",opus_opensubtitles_tr
Bu ne anlama geliyorsa.,"Sadece bir anlama geliyor, albay pes etmeyecek.",opus_opensubtitles_tr
Eeee?,Şöyle.,opus_opensubtitles_tr
Albay Nicholson pes etmeyecek.,Prensip meselesi.,opus_opensubtitles_tr
"Bir tıp adamı ve subay olarak, gördüğü muameleyi kınıyorum.",Hala hayatta olması bir mucize.,opus_opensubtitles_tr
"Acı bir olay olursa, bu cinayet anlamına gelir.",Sorumlusu kendisidir.,opus_opensubtitles_tr
Ben değilim.,Hasta mısınız?,opus_opensubtitles_tr
İkisi de mi çılgın?,Yoksa ben mi çıldırıyorum?,opus_opensubtitles_tr
Yoksa güneşin etkisi mi?,Dikkat!,opus_opensubtitles_tr
"Tabur, dikkat.",İngiliz mahkumlar.,opus_opensubtitles_tr
Şunu soruyorum sizlere köprü yapımında neden ilerleme yok?,"Nedenini biliyorsunuz, subaylarınız tembel de ondan!",opus_opensubtitles_tr
Kendilerini yükünüzü paylaşmaya layık görmüyorlar.,Bu adil değil.,opus_opensubtitles_tr
"Bu yüzden, işinizi severek yapmıyorsunuz.","Bu yüzden, köprü işinde ilerleme kaydedilmiyor.",opus_opensubtitles_tr
Ama başka bir nedeni daha var.,Gerçeği saklamıyorum.,opus_opensubtitles_tr
"Utanarak ve üzülerek kabul etmeliyim ki bu, Japon ekibinden birinin başarısızlığıdır.",Teğmen Miura'yı kastediyorum.,opus_opensubtitles_tr
Kendisi kötü bir mühendistir.,Emir vermekten aciz biridir.,opus_opensubtitles_tr
"Bu yüzden, onu görevinden aldım.",Yarın tekrar başlayacağız.,opus_opensubtitles_tr
Çalışmayı bizzat yöneteceğim.,Bugün dinleniyoruz.,opus_opensubtitles_tr
Hiç durmadan çalışan bir kişi sersemler ve sıkıcı biri olur!,"Göstereceğiniz çabadan ötürü, saygı simgesi olarak hepinize hediyeler vereceğim.",opus_opensubtitles_tr
İşimizi seve seve yapalım.,"Bölük, dağılabilirsiniz.",opus_opensubtitles_tr
"Tabur, dağılabilirsiniz.","Hey, şuna bir bakın.",opus_opensubtitles_tr
Kızılay!,Bize kendi...,opus_opensubtitles_tr
"Hey, bize kendi Kızılay çantalarımızı vermiş.","""Yarın tekrar başlıyoruz.""",opus_opensubtitles_tr
"Hey, Harry, bak!",İhtiyarı dışarı çıkarıyorlar.,opus_opensubtitles_tr
Herhalde yine dövecekler.,"İyi akşamlar, albay.",opus_opensubtitles_tr
Oturmaz mısınız?,Geç bir akşam yemeği yiyorum.,opus_opensubtitles_tr
İngiliz bifteği.,"Hayır, teşekkür ederim.",opus_opensubtitles_tr
İskoç malı.,Sake'ye tercih ederim.,opus_opensubtitles_tr
"Londra'da üç yıl kaldım, biliyor musunuz?","Londra'da üç yıl kaldım, biliyor musunuz?",opus_opensubtitles_tr
Londra Sanat Üniversitesi'nde okudum.,Şerefe!,opus_opensubtitles_tr
Özür dilerim.,"Daha sonra belki, ha?",opus_opensubtitles_tr
Belki.,İyi bir sanatçı değildim.,opus_opensubtitles_tr
Babam istemiyordu.,Ona göre ben orduya aitmişim.,opus_opensubtitles_tr
O yüzden sanattan mühendisliğe geçtim.,"Şunu söylemeliyim, Albay Saito:",opus_opensubtitles_tr
Faaliyetlerinizle ilgili tam bir rapor verme düşüncesindeyim.,Mevkiimi tam olarak anladığınızı sanmıyorum.,opus_opensubtitles_tr
-Emirleri uygulamak zorundayım.,"-Oh, tabii, tabii.",opus_opensubtitles_tr
"İşim, köprüyü 1 2 Mayıs'a kadar bitirmek.",-Sadece 1 2 haftam kaldı.,opus_opensubtitles_tr
-Hiç şüphesiz.,"Bu yüzden, elimizdeki tüm personeli kullanmak zorundayım.",opus_opensubtitles_tr
"Subaylar olmaz, yönetim işleri dışında.",Fakat koca tren yolu boyunca çalışan subaylar var.,opus_opensubtitles_tr
"Bunu siz de biliyorsunuz, ben de.",Diğer subaylardan ben sorumlu değilim.,opus_opensubtitles_tr
"Şahsen, şaşırdım.",Öfkelenmeyelim.,opus_opensubtitles_tr
Puro ister misiniz?,Hayır.,opus_opensubtitles_tr
Teşekkür ederim.,"Tüm subaylar çalışmak zorunda derken elbette, sizi, bir kumandanı kastetmedim.",opus_opensubtitles_tr
Talimatlarım sadece diğer subaylar için...,Hiçbir subay ağır işte çalışmayacak.,opus_opensubtitles_tr
Lütfen!,Şunu söyleyecektim:,opus_opensubtitles_tr
Meseleyi baştan düşündüm ve şuna karar verdim.,Binbaşı ve üstsubayları yönetimde çalıştırıp sadece astsubayları ağır işlerde çalıştıracağım.,opus_opensubtitles_tr
Hayır.,Anlaşma bunu açıkça belirtiyor.,opus_opensubtitles_tr
Köprü zamanında bitmezse bana ne olacağını biliyor musunuz?,Hiçbir fikrim yok.,opus_opensubtitles_tr
Kendimi öldürmek zorunda kalacağım.,Benim yerimde olsanız ne yapardınız?,opus_opensubtitles_tr
"Sanırım, yerinizde olsam kendimi öldürmek zorunda kalırdım.",Şerefe.,opus_opensubtitles_tr
"Sizi uyarıyorum, albay ben öleceksem, başkaları benden daha önce ölecek.",Anlıyor musunuz?,opus_opensubtitles_tr
Clipton bundan bahsetti.,"Bu, sorununuzu çözmez.",opus_opensubtitles_tr
Eminim uygun bir çözüme varabiliriz.,"Lütfen, oturun.",opus_opensubtitles_tr
Şimdi.,"Söyleyin, albay sizce de bir subayın başlıca görevi, emir vermek değil midir?",opus_opensubtitles_tr
-Elbette.,-Güzel.,opus_opensubtitles_tr
Şimdi.,Şu köprünüzü ele alın.,opus_opensubtitles_tr
Muazzam bir girişim.,"Açıkça söylemek gerekirse, şu sizin teğmenin, adı neydi...",opus_opensubtitles_tr
Miura.,...böylesine önemli bir görevin üstesinden gelebileceğine şüpheliyim.,opus_opensubtitles_tr
"Diğer taraftan, bizde öyle subaylar var ki, örneğin Reeves ve Hughes bunlar Hindistan'da birçok köprü inşa etmişlerdir.",Askerler onları sayarlar.,opus_opensubtitles_tr
Bir subay için bu tür bir saygı esastır.,"Bunu yitirirse, komutanlığı sona erer.",opus_opensubtitles_tr
Sonra ne olur?,Moral bozukluğu ve kaos.,opus_opensubtitles_tr
Buna izin verirsem zavallı bir kumandam olurum.,Köprünün artık benim kumandam altında olduğunu belki de bilmiyorsunuzdur.,opus_opensubtitles_tr
Öyle mi?,"Peki, işten memnun olup olmadığınızı sorabilir miyim?",opus_opensubtitles_tr
-Memnun değilim!,-Üzerine bastınız.,opus_opensubtitles_tr
İngilizlerden nefret ediyorum!,Yenildiniz fakat utanç duymuyorsunuz.,opus_opensubtitles_tr
İnatçısınız fakat gururlu değilsiniz.,Dayanma gücünüz var ama cesaretiniz yok.,opus_opensubtitles_tr
İngilizlerden nefret ediyorum!,Bunu sürdürmenin bir anlamı yok.,opus_opensubtitles_tr
Durun!,Yerinizde kalın.,opus_opensubtitles_tr
Yerinizde kalın!,"Tabur, dikkat!",opus_opensubtitles_tr
"Tabur, rahat.",Lütfen...,opus_opensubtitles_tr
"Bugünün tarihi nedir, albay, biliyor musunuz?",Takip edemedim.,opus_opensubtitles_tr
1 905'deki muhteşem Rusya zaferimizin yıldönümü.,Tüm Doğu Asya'da bu tarihi kutluyoruz.,opus_opensubtitles_tr
Bu olayın şerefine birliklerinize bir gün dinlenme izni veriyorum.,Çok teşekkürler.,opus_opensubtitles_tr
Bir genel af ilan ediyorum.,Siz ve subaylarınız kışlalarınıza dönebilirsiniz.,opus_opensubtitles_tr
Bu affın bir parçası olarak da subayların ağır işçilik yapmalarına gerek kalmamıştır.,Başardı!,opus_opensubtitles_tr
"Birisi madalyayı hak ediyor, efendim.",Ekibinizde kaç adamınız var?,opus_opensubtitles_tr
"Tam olarak bilmiyorum, efendim.",-Bilmiyor musun?,opus_opensubtitles_tr
"-On iki, genelde.","Adamlardan biri bu sabah hastalandı, efendim.",opus_opensubtitles_tr
Hastaneye götürmek için üç-dört kişi gerekti.,Ve...,opus_opensubtitles_tr
"Çok ağır hastalandı, efendim.",Bir onbaşı emrinde kaç kişinin çalıştığını bilmelidir.,opus_opensubtitles_tr
"Evet, efendim.",Sinirsel bir hastalığınız mı var?,opus_opensubtitles_tr
Yüzünüzü böyle yapmayı kesin.,"Size komik gelebilir ama, bu, orduya uygun bir hareket değil.",opus_opensubtitles_tr
"Hayır, efendim.",Bu gösterilere bir son verdirmeliyiz.,opus_opensubtitles_tr
-Subay Reeves?,"-Evet, efendim?",opus_opensubtitles_tr
Kwai gibi akıntılı bir nehir üzerine hiç köprü inşa ettiniz mi?,"Evet, efendim, Madras'da yarım düzine kadar, Bengal'de...",opus_opensubtitles_tr
Bu köprü sizin olsaydı altından nasıl kalkardınız?,"Altından nasıl mı kalkardım, efendim?",opus_opensubtitles_tr
"İlk olarak, ben buraya inşa etmezdim.","Oh, neden?",opus_opensubtitles_tr
Söylemeye çalıştığım şu ki Japonlar daha kötü bir yer seçemezlerdi.,Şu kazıkları görüyor musunuz?,opus_opensubtitles_tr
Batıyorlar.,Bu kütüklerden sonsuza dek taşısak bile tutmazlar.,opus_opensubtitles_tr
Siz nereye inşa ederdiniz?,"Daha aşağı tarafa, efendim.",opus_opensubtitles_tr
Dar boğazın iki tarafına.,"O konumda, iki kıyıda sert kayalar olur.",opus_opensubtitles_tr
"Hughes, bu sizin köprünüz olsaydı, adamlarınızı ne şekilde kullanırdınız?",Şimdiki gibi değil.,opus_opensubtitles_tr
"Bu yöntem, gördüğünüz gibi, bir kargaşa.",Koordinasyonsuz bir çalışma.,opus_opensubtitles_tr
Takım çalışması yok.,Bazı gruplar birbirleri aleyhinde çalışıyorlar.,opus_opensubtitles_tr
Evet.,"Bakın baylar, elimizde bir sorunumuz var.",opus_opensubtitles_tr
"Japonlar sayesinde, bir güruha kumanda ediyoruz.","Ne talimat var, ne de disiplin.",opus_opensubtitles_tr
-Vazifemiz taburu baştan kurmaktır.,"-Evet, efendim.",opus_opensubtitles_tr
Ki bu hiç kolay olmayacak.,"Neyse ki, araçlarımız hazır.",opus_opensubtitles_tr
Köprü.,"-Köprü mü, efendim?",opus_opensubtitles_tr
-Köprü.,"Batılıların nasıl çalıştıklarını gösterip, onları utandıracağız.",opus_opensubtitles_tr
Bir İngiliz askerinin neler yapabileceğini göstereceğiz.,Evet.,opus_opensubtitles_tr
"Anlıyorum, efendim.",İhtiyaçlarınızın elinizin altında olmadığı bu yerde zorluklarla karşılaşacağınızı biliyorum.,opus_opensubtitles_tr
-İşte mücadeleniz.,"-Anlayamadım, efendim.",opus_opensubtitles_tr
Köprüyü gerçekten inşa etmelerini mi istiyorsunuz?,Genelde bu kadar yavaş anlamazdın.,opus_opensubtitles_tr
Adamlarımızı tanıyorum.,Onları meşgul edecek birşeyler gerek.,opus_opensubtitles_tr
"Hiç iş olmasaydı bile, yaratırdık.","-Yapardık, efendim.",opus_opensubtitles_tr
-Yani şanslıyız.,Fakat esaslı bir köprü olacak.,opus_opensubtitles_tr
Çünkü adamlarımı tanıyorum.,Yaptıkları işten gurur duymaları esastır.,opus_opensubtitles_tr
"-Değil mi, beyler?","-Evet, efendim.",opus_opensubtitles_tr
"Reeves, bir mühendis olarak yetkili kişi sensin.","Nelere ihtiyacın olduğunu söyle, temin edelim.",opus_opensubtitles_tr
Başarabilecek miyiz?,"-Elimizden geleni yapacağız, efendim.",opus_opensubtitles_tr
-Güzel.,Planları çizdikten sonra Saito ile toplantı ayarlayıp onu yola sokmalıyız.,opus_opensubtitles_tr
"Bu, tüm formaliteleri kapsıyor.","Oh, evet.",opus_opensubtitles_tr
"Sırada, korkarım hoşunuza gitmeyecek bir mevzu var.","Üzgünüm ama, köprünün konumu hem aceleyle hem de yanlış tayin edilmiş.",opus_opensubtitles_tr
Yanlış mı?,"Maalesef, öyle.",opus_opensubtitles_tr
Mühendisimiz bölgeyi inceledi ve oradaki nehir tabanının çok yumuşak olduğuna karar verdi.,Çok mu yumuşak?,opus_opensubtitles_tr
Çamur!,Tüm çalışmalar boşuna gitmiş.,opus_opensubtitles_tr
"-Reeves, devam edebilir misin?","-Evet, efendim.",opus_opensubtitles_tr
"-Reeves, devam edebilir misin?","-Evet, efendim.",opus_opensubtitles_tr
Temel kazıklar köprüyü taşıyabilmek için su seviyesinin altına çakılmalıydı.,Bu haliyle üzerinden geçecek ilk trenle yıkılacaktır.,opus_opensubtitles_tr
Basınç ve toprak direnci için 6.5 cm kare başına tonlar düşüyor.,"Reeves, detaylara geçmeden...",opus_opensubtitles_tr
"Albay, birer fincan çay alabilir miyiz?","Sanırım hepimiz, olası bir felaketten kaçınmak için, nehrin 400 m. daha aşağısında, Reeves'in seçtiği yerde yeni bir köprü yapımı için hemfikiriz.",opus_opensubtitles_tr
Diğer konuya geçelim.,Diğer konuya geçelim.,opus_opensubtitles_tr
Adamlarımızın iş kotalarını değiştirmeye karar verdim.,-Değiştirmek mi?,opus_opensubtitles_tr
-Arttırdım.,1 .5 metreden 2 m.' ye çıkardım.,opus_opensubtitles_tr
Eminim tasvip edersiniz.,Tüm detaylar Hughes'de mevcut.,opus_opensubtitles_tr
Devam eder misin?,Tüm projeyi detaylı bir şekilde inceledim.,opus_opensubtitles_tr
"Bakın, mevcut kuvvetler kötü bir şekilde dağıtılmışlar.","Çalışan ekiplerin düzenini gözden geçirip, düzeltmek istiyorum.",opus_opensubtitles_tr
Bir dakika.,"Albay, işimize yemek yerken devam edersek zaman kazanmış oluruz.",opus_opensubtitles_tr
Burada yemek mümkün olabilir mi?,Tabii ki.,opus_opensubtitles_tr
-Devam edin.,"-Peki, efendim.",opus_opensubtitles_tr
"Ekipleri çoğaltıp, vazifelerini uzmanlık alanlarına göre saptarsak eminim ki günlük randıman 30% civarında artış gösterecektir.","Şimdi, Albay Saito, bir mevzu daha var...",opus_opensubtitles_tr
"Şimdi, alınması gereken bir önemli karar daha var ki ertelenemez.",İngilizler köprü üzerinde çalışacaklarına göre tren yolu işi için elimizde çok az kişi kalacak.,opus_opensubtitles_tr
"Trenyolu ekibine takviye olarak, sizden adamlarınızın bazılarını ödünç istemek zorundayım ki, hattın son bölümü de çabuk tamamlansın.",Ben talimatımı verdim.,opus_opensubtitles_tr
Adamlarınız için günlük iş kotası tayin etmeliyiz.,Aşırı yorulmamaları için 1 .5 m. olarak düşünmüştüm ama bizimkilerle aynı oranda olması daha iyi olmaz mı?,opus_opensubtitles_tr
Böylece sağlıklı bir rekabet ortamı da doğmuş olur.,Ben talimatımı verdim.,opus_opensubtitles_tr
"Bunun üstesinden gelmeye çalışırız, değil mi Hughes?",Sanırım gündemimizdekiler bu gecelik bu kadar.,opus_opensubtitles_tr
"İlginize teşekkürler, Albay Saito.",Başka sorusu olan var mı?,opus_opensubtitles_tr
Bir soru:,Köprüyü zamanında bitirebilir misiniz?,opus_opensubtitles_tr
"Açıkça, bu konudaki fikir birliğimiz bunun mümkün olmadığı doğrultusunda.",Ama kesinlikle deneyeceğiz.,opus_opensubtitles_tr
Talihsiz bir anlaşmazlıktan ötürü bir ay kaybettiğimizi unutmayınız ki bunun sorumlusu ben değildim.,Başka birşey?,opus_opensubtitles_tr
Hayır.,Teşekkür ederim.,opus_opensubtitles_tr
Toplantı bitmiştir.,-İyi geceler.,opus_opensubtitles_tr
-İyi geceler.,Umarım Japonlar onlar için yaptıklarımızı takdir ederler.,opus_opensubtitles_tr
Şu an için takdirleri beni ilgilendirmiyor.,"-İyi geceler, Clipton.",opus_opensubtitles_tr
"-İyi geceler, efendim.","Bu arada, şunu söylemeliyim ki burada karaağaca benzer ağaçlar var.",opus_opensubtitles_tr
Ve de Londra Köprüsünün karaağaç kazıkları 600 yıldır dayanıyor.,"-600 yıl mı, Reeves?",opus_opensubtitles_tr
"-Evet, efendim.",Altıyüz yıl.,opus_opensubtitles_tr
Bu herkese nasip olmaz.,LAVlNlA TEPESİ HASTANESİ SEYLAN,opus_opensubtitles_tr
Kumandan Shears adında bir Amerikalıyı arıyorum.,"-Evet, aşağıdaki plajda.",opus_opensubtitles_tr
"-Oh, çok teşekkürler.",Öpücük!,opus_opensubtitles_tr
Etrafta çok göz var.,Etrafta çok göz var.,opus_opensubtitles_tr
"Pudra ve hap verip, banyo yaptırıp, iğne ve lavman yapıyorsun ama...",Benim tek isteğim aşk.,opus_opensubtitles_tr
Doğru.,Tek isteğin aşk.,opus_opensubtitles_tr
Rapor alabileceğinden nasıl bu kadar emin olabiliyorsun?,"Çünkü ben aslında bir sivilim, sevgilim.",opus_opensubtitles_tr
Ve hep kalbimin sesini dinlerim.,Öpücük.,opus_opensubtitles_tr
"Bu nasıldı, kumandan?",Bana kumandan deme.,opus_opensubtitles_tr
Hiç romantik değil.,Sen de bir subaysın.,opus_opensubtitles_tr
Sana Teğmen Sevgilim desem hoşuna gider miydi?,Demokratik olalım.,opus_opensubtitles_tr
"Bana sadece ""efendim"" de.","Peki, efendim.",opus_opensubtitles_tr
Bir yüksek rütbeli.,Seni istiyor.,opus_opensubtitles_tr
Senin olsun.,-Ben yüzeceğim.,opus_opensubtitles_tr
-Beni bırakma!,-Kumandan Shears?,opus_opensubtitles_tr
-Evet.,Benim adım Warden.,opus_opensubtitles_tr
-Nasılsınız?,-Davetsiz geldiğim için...,opus_opensubtitles_tr
"Önemli değil, binbaşı.",Alışkınım.,opus_opensubtitles_tr
Martini alır mısınız?,Çok naziksiniz.,opus_opensubtitles_tr
Almayacağım.,Ben içebilir miyim?,opus_opensubtitles_tr
Bunu nasıl alabildiniz?,"Hastane olan bir yerde, alkol de vardır.",opus_opensubtitles_tr
"Evet, elbette.",Çok hoş.,opus_opensubtitles_tr
"Şey, olabildiğince kısa konuşacağım.",Force 31 6 adında oldukça ilginç bir grubun üyesiyim.,opus_opensubtitles_tr
Karargahımız Botanik Bahçeleri'nde.,-Düşmanlardan mı koruyorsunuz?,opus_opensubtitles_tr
-Pek sayılmaz.,-İstemediğinize emin misiniz?,opus_opensubtitles_tr
"-Hayır, teşekkürler.",Üzerinde çalışmış olduğunuz tren yoluyla ilgileniyoruz.,opus_opensubtitles_tr
Bize çok değerli bilgiler verebilirsiniz.,"Şey, birkaç gün sonra Amerika'ya dönüyorum ve tüm bildiklerimi sizlere anlattım.",opus_opensubtitles_tr
Ama bize oldukça özel bir anlamda yardım edebilirsiniz.,"Çok zahmet olacak ama, gelip bizi görme imkanınız var mı acaba?",opus_opensubtitles_tr
"Aynı şeyleri dinlemek istiyorsanız, tabii.",Çok naziksiniz.,opus_opensubtitles_tr
Lord Louis size minnettar kalacak.,-Kim?,opus_opensubtitles_tr
-Tepenin efendisi.,Onun özel adamlarındanız.,opus_opensubtitles_tr
"Bu akşam diyelim mi, o halde?",8 gibi.,opus_opensubtitles_tr
Size araba yollarım.,Bu akşam mı?,opus_opensubtitles_tr
Mümkün değil.,O halde yarın sabah?,opus_opensubtitles_tr
1 0 gibi?,"-Tamam, 1 0.",opus_opensubtitles_tr
-Çok teşekkürler.,-Hoşçakalın.,opus_opensubtitles_tr
-Hoşçakalın.,İyi şanslar.,opus_opensubtitles_tr
Teşekkürler.,Çok üzgünsün ama bu akşamki randevumuza gelemeyeceksin.,opus_opensubtitles_tr
Çok yanılıyorsun.,Selam dur!,opus_opensubtitles_tr
Selam dur!,Silahlar öne!,opus_opensubtitles_tr
"-Geçiş izniniz, lütfen?","-Oh, evet.",opus_opensubtitles_tr
Binbaşı Warden'ın bungalovu yolun sonunda.,"Aferin, Jenkins.",opus_opensubtitles_tr
Aferin!,"Haydi, Thomson.",opus_opensubtitles_tr
"Bıçağını kullan, evlat.",Ayağa kalk!,opus_opensubtitles_tr
Sorgu odasına.,Ayağa kalk!,opus_opensubtitles_tr
Sorgu odasına.,"Haydi, kımıldayın!",opus_opensubtitles_tr
Seri davranın!,"Çok hantalsın, Joyce, çok hantal.",opus_opensubtitles_tr
"Bıçağını her zaman anında kullanmalısın, Joyce.","Bak, ona fırsat verdin.",opus_opensubtitles_tr
Dur bir dakika!,"Çok üzgünüm, efendim.",opus_opensubtitles_tr
-Üzgün müsünüz?,-Ben de öyle.,opus_opensubtitles_tr
-Düşman olduğunuzu sandım.,"-Amerikalıyım, bunu kastettiyseniz.",opus_opensubtitles_tr
"-Gidebilirsin, Joyce.","-Evet, efendim.",opus_opensubtitles_tr
"Üzgünüm, efendim.",-Size nasıl yardımcı olabilirim?,opus_opensubtitles_tr
-Binbaşı Warden'ı görecektim.,Size yolu göstereyim.,opus_opensubtitles_tr
Dersi bitmek üzere olmalı.,Size yolu göstereyim.,opus_opensubtitles_tr
Dersi bitmek üzere olmalı.,"-Dersinin sonu bu, efendim.",opus_opensubtitles_tr
-Gümbürtülü alkış.,"Eğitimi gerçek hayatla, olabildiğince bağdaştırmaktan yanadır.",opus_opensubtitles_tr
"-Binbaşı Warden, efendim?",-Evet?,opus_opensubtitles_tr
Geldiğinize sevindim.,-Sizinle ilgilenildi mi?,opus_opensubtitles_tr
-Oldukça.,"Teşekkürler, asker.",opus_opensubtitles_tr
Öyleyse gelin.,Albay Green sizinle tanışmaya can atıyor.,opus_opensubtitles_tr
"-Güzel bir yer, değil mi?",-Komando okulu olduğunu bilmiyordum.,opus_opensubtitles_tr
Bu kelimeyi kullanmamaya çalışırız.,Kulağa aşırı duygusal geliyor.,opus_opensubtitles_tr
Burada ne yapıyorsunuz?,"Sabotaj, yıkım, bu tür şeyler.",opus_opensubtitles_tr
"P.P. kullanıyoruz, plastik patlayıcılar.",Harika birşey.,opus_opensubtitles_tr
Bu patlama sesi bunun yarısı büyüklüğünde bir parça ile yapıldı.,Gelignitten iki kat daha güçlü hem de yarısı ağırlığında.,opus_opensubtitles_tr
Patlatılmadığı sürece oldukça zararsızdır.,Söylediğiniz için teşekkürler.,opus_opensubtitles_tr
Tamamen suya dayanıklı ve aslında bir plastik.,Onunla istediğinizi yapabilirsiniz.,opus_opensubtitles_tr
İşte burası.,Girin.,opus_opensubtitles_tr
"Oh, bir fincan çay için can atıyorum.",-Siz de alır mıydınız?,opus_opensubtitles_tr
"-Hayır, teşekkürler.",-Bir içki?,opus_opensubtitles_tr
"-Hayır, teşekkürler.","-Bir kişilik çay lütfen, Peter.",opus_opensubtitles_tr
"-Tabii, efendim.",Bunu siz mi okuyorsunuz?,opus_opensubtitles_tr
Savaştan önce Cambridge'de Doğu dilleri okutuyordum.,Kaçışınızdan dolayı sizi tebrik etmedim.,opus_opensubtitles_tr
İyi iş becerdiniz!,"Eğer sahil kurtarma uçağınız beni fark etmeseydi, burada olamazdım.",opus_opensubtitles_tr
Herhalde.,Sizi nerede bulduklarını görmek ister misiniz?,opus_opensubtitles_tr
Pekala.,Bilgilerimiz yetersiz.,opus_opensubtitles_tr
Sadece sizin raporunuza dayanıyor.,Kampın şurada olduğunu sanıyoruz.,opus_opensubtitles_tr
Albay Nicholson'a ne olduğu hakkında bir fikriniz var mı?,Albay Nicholson'a ne olduğu hakkında bir fikriniz var mı?,opus_opensubtitles_tr
Cesur biriydi.,"Onu vurmak üzereydiler ama o, gözünü bile kırpmadı.",opus_opensubtitles_tr
"Vurulmak üzereyken, yapılacak fazla birşey yoktur.","Burası Kwai Nehri, ve şurası da size yardım edilen köy.",opus_opensubtitles_tr
"Burası Kwai Nehri, ve şurası da size yardım edilen köy.",Bu da tren hattı.,opus_opensubtitles_tr
Bu bölgeye oldukça aşina olmalısınız.,"Hayır, zamanın yarısında kendimde değildim.",opus_opensubtitles_tr
Tren hattı şurada Singapur'da başlıyor.,"Malaya Bangkok, Rangoon.",opus_opensubtitles_tr
"Amaçları, Hindistan'ın içlerine kadar ilerlemek.",-Ben nerede bulunmuştum?,opus_opensubtitles_tr
"-Oh, buralarda.","Japonlar, Bangkok-Rangoon hattını Mayıs ortalarında açmayı istiyorlar.",opus_opensubtitles_tr
Onları engellemeye çalışacağız.,Onları engellemeye çalışacağız.,opus_opensubtitles_tr
Bombacıların yük taşımaları için çok uzak.,Onu karadan parçalamamız gerekecek.,opus_opensubtitles_tr
-Nasıl?,"-Paraşütle atlayıp, sonra yürüyerek.",opus_opensubtitles_tr
Yıkıcı donatımla bu ormanın içinde mi?,En önemli sorunumuz doğrudan bilgi eksikliğimiz.,opus_opensubtitles_tr
"Çünkü, hiçbirimiz daha önce orada bulunmadık.",-Hevesinizi kırmak istemem...,opus_opensubtitles_tr
-Çok ilginç olmalı.,Albay Green Kwai köprüsünü bana verdi.,opus_opensubtitles_tr
Patlatmak için bir ekip götüreceğim.,Çok şanslısınız.,opus_opensubtitles_tr
Çay almayacağınızdan emin misiniz?,"Hayır, sağolun.",opus_opensubtitles_tr
Kabalık etmek istemem ama saat 1 4:00'de bir randevum var.,-Sormak istediğiniz birşey varsa...,opus_opensubtitles_tr
"-Elbette, bağışlayın.",Aslında sadece tek bir sorum var.,opus_opensubtitles_tr
Geri dönmeyi düşünür müsünüz?,Anlayamadım?,opus_opensubtitles_tr
Sizden çok şey isteniyor belki ama amacımıza erişmek için şahsi bilginize ihtiyacımız var.,Bize katılmanızı çok isteriz.,opus_opensubtitles_tr
Beni buraya bu yüzden mi getirdiniz?,Bunu sormak için mi?,opus_opensubtitles_tr
"Şey, açıkçası, evet.",Daha yeni çıktım oradan.,opus_opensubtitles_tr
Kaçışım bir mucizeydi.,Şimdi de geri dönmemi bekliyorsunuz!,opus_opensubtitles_tr
Saçmalık bu!,Bu çok utanç verici...,opus_opensubtitles_tr
Ben sizin mensubunuz değilim.,Amerikan Donanması mensubuyum.,opus_opensubtitles_tr
"Aslına bakarsanız, Albay Green bu meseleyi sizinkilerle görüştü.",-Bizimkilerle mi?,opus_opensubtitles_tr
-Donanmanız sizi bize devretti.,Dün sabah Pasifik'ten gelen bir sinyal Force 31 6'daki göreviniz için geçici transferinize izni verdi.,opus_opensubtitles_tr
-Bunu yapamazlar!,-Korkarım yaptılar bile.,opus_opensubtitles_tr
Size nasıl söyleyeceğimi bilmiyordum.,Bunu bana yapamazlar.,opus_opensubtitles_tr
Çok ciddiyim.,Donanmam bir hata yapmış!,opus_opensubtitles_tr
Bakın.,Ben Donanma kumandanı değilim.,opus_opensubtitles_tr
Bir subay bile değilim.,Bunların hepsi yalan.,opus_opensubtitles_tr
"Ben sadece sıradan bir temizlikçiyim, 2. sınıf.","Houston battığında, kıyıya gerçek bir kumandanla beraber çıktık.",opus_opensubtitles_tr
Bir Japon devriyesine yakalandık.,O öldürüldü.,opus_opensubtitles_tr
Benim de yakalanmam an meselesiydi...,Siz de ölünün kıyafetlerini giydiniz.,opus_opensubtitles_tr
Siz de ölünün kıyafetlerini giydiniz.,Subayların esir kamplarında daha iyi muamele göreceklerini sanmıştım.,opus_opensubtitles_tr
"Ama Saito, subayları da diğerleri gibi çalıştırdı.","Beklenmedik şeyler hep olur, değil mi?",opus_opensubtitles_tr
"Subay olmaya alışmaya başlamıştım ve hastaneye getirildiğimde önce erlerin, sonra da subayların koğuşuna bir göz attım ve kendi kendime dedim ki, "" Bir süre için subay olmaktan birşey çıkmaz.""",Bazı avantajları vardı.,opus_opensubtitles_tr
Bir tanesine plajda şahit oldum.,Bütün hikaye bu.,opus_opensubtitles_tr
"Kısacası, beni kullanamazsınız.",Sizin istediğiniz bir Amerikan Kumandanı olan Shears;,opus_opensubtitles_tr
ki o artık hayatta değil.,"Donanma gerçeği öğrendiğinde, diyecek ki:",opus_opensubtitles_tr
""" Bir subayın kimliğine büründüğü için onu buraya gönderin.""","-İşte o zaman, başarmış olacağım.",opus_opensubtitles_tr
-Ne olacaksınız?,Başarmış!,opus_opensubtitles_tr
Bir içki alabilirim şimdi.,Sağlık nedeniyle rapor isteyeceğim.,opus_opensubtitles_tr
Ormanda aklımı kaçırdığım için bir subayın yerine geçtiğimi söyleyeceğim.,Daha da kötüye gidiyorum.,opus_opensubtitles_tr
Bazen kendimi Amiral Halsey sanıyorum.,Çok akıllıca bir plan.,opus_opensubtitles_tr
"Akıllıca demek yetmez, dört dörtlük.","Donanmam benim kim olduğumu öğrenirse o talimatların, üzerine yazılan kağıtlar kadar bile değeri kalmaz.",opus_opensubtitles_tr
GİZLİ,"Bu fotoğraf sizin, değil mi?",opus_opensubtitles_tr
-Bunu nereden aldınız?,-Sizinkiler sizi teşhis edemedikleri için biraz zor oldu.,opus_opensubtitles_tr
Sonunda donanmanız sicil dosyanızın bir kopyasını bize gönderdi.,"Fotoğraf, parmak izleri.",opus_opensubtitles_tr
Bakmak ister misiniz?,Gerçek mevkiinizi yaklaşık bir haftadan beri biliyoruz.,opus_opensubtitles_tr
Donanmanız zor bir durumda.,"Evet, o ormandan kaçmayı başarabildiğiniz için bir kahramansınız.",opus_opensubtitles_tr
"Ama, bir subay kimliğine büründüğünüz için size madalya da veremezler.",Sanırım bu yüzden sizi bize devretmekten çok mutlu oldular.,opus_opensubtitles_tr
Anlıyor musunuz?,Fırlatılıp atıldım.,opus_opensubtitles_tr
"Mevkiinize gelince biz, Force 31 6 mensupları bu konuda pek resmi değilizdir.",Bir binbaşı taklidi yapabilirsiniz.,opus_opensubtitles_tr
Bir binbaşı taklidi.,Olabilir.,opus_opensubtitles_tr
Şey...,"Madem ki buraya çakıldım kaldım, bari gönüllü olayım.",opus_opensubtitles_tr
"Madem ki buraya çakıldım kaldım, bari gönüllü olayım.",Çok güzel!,opus_opensubtitles_tr
"Oh, Albay Green, efendim.","Binbaşı Shears, bana köprüyü uçurmaya yardımcı olmaya gönüllü oldu.",opus_opensubtitles_tr
Öyle mi?,Çok güzel!,opus_opensubtitles_tr
"Çok çok güzel, binbaşı!",Hasta koyuna git.,opus_opensubtitles_tr
Ayağın mikrop kapmış.,Albay hasta numarası yaptığımı zannedecek.,opus_opensubtitles_tr
Sağlık yetkilisi benim.,Acele et!,opus_opensubtitles_tr
Neden esaslı bir köprü yapmak istiyor ki?,Yaşlı Nick için endişelenme.,opus_opensubtitles_tr
"O, ne yaptığını iyi bilir.","Merhaba, Clipton.",opus_opensubtitles_tr
Uzun zamandır görünmüyorsun.,Çocuklar iyi iş çıkarıyorlar.,opus_opensubtitles_tr
Evet.,Nasıl davranıyor?,opus_opensubtitles_tr
Görevi üstlendiğimizden beri çok mantıklı biri oldu.,-Ne düşünüyor?,opus_opensubtitles_tr
-Hiçbir fikrim yok.,"-Teşekkürler, Reeves.",opus_opensubtitles_tr
"-Rica ederim, efendim.",Ne düşünüyorsun?,opus_opensubtitles_tr
"Zorlu bir iş, değil mi?",Bu köprüyü inşa etmenin iyi bir fikir olduğuna inanıyor musunuz?,opus_opensubtitles_tr
-Ciddi misin?,"-Evet, efendim.",opus_opensubtitles_tr
İyi fikir mi?,Bir daha bak.,opus_opensubtitles_tr
Sence moralleri yükselmedi mi?,Disiplin yeniden ele alınmadı mı?,opus_opensubtitles_tr
Sağlık durumları düzelmedi mi?,"Daha mutlular, değiller mi?",opus_opensubtitles_tr
Daha iyi besleniyor ve artık işkence görmüyorlar.,"Doğrusu, Clipton, bazen seni hiç anlayamıyorum.",opus_opensubtitles_tr
Daha açık konuşayım.,"Şu var ki, yaptığımız şey, bağışlayın ama efendim düşmanla işbirliği olarak yorumlanabilir.",opus_opensubtitles_tr
Hatta vatana ihanet.,Biz savaş mahkumlarıyız.,opus_opensubtitles_tr
Çalışmayı reddetmek hakkına sahip değiliz.,"Bunu anlıyorum, efendim.",opus_opensubtitles_tr
Ama bu kadar mı iyi çalışmalıyız?,Kendi yapacaklarından daha iyisini mi yapmak zorundayız?,opus_opensubtitles_tr
"Saito'yu ameliyat etsen, elinden geleni mi yapar, ölümemi bırakırdın?",İşsizlik içinde bölünmemizi mi tercih ediyorsun?,opus_opensubtitles_tr
Ya da düzgün bir iş yapamadığımızın söylenmesini mi?,Bizi ne fiziksel ne de ruhsal anlamda etkiliyemiyeceklerini göstermeliyiz.,opus_opensubtitles_tr
"İyi bak, Clipton.",Bir gün savaş bitecek.,opus_opensubtitles_tr
"Ümit ediyorum ki, ileri yıllarda bu köprüden geçenler buranın nasıl ve kimler tarafından yapıldığını hatırlayacaklardır.","Esirler değil, askerler tarafından.",opus_opensubtitles_tr
"İngiliz askerleri, esarette bile.","-Evet, efendim.",opus_opensubtitles_tr
-İyi bir doktorsun fakat ordu hakkında öğrenmen gereken çok şey var.,Tut onu!,opus_opensubtitles_tr
Tut onu!,Botunu kullan!,opus_opensubtitles_tr
"Botunu oraya koy, tamam mı?",Günaydın!,opus_opensubtitles_tr
SHEARS,Nereye bakıyorsunuz öyle?,opus_opensubtitles_tr
Onu botunla yakala!,"Geciktiğim için üzgünüm, efendim.",opus_opensubtitles_tr
Tam olarak dört dakika.,Sağlık sorunlarınız mı vardı?,opus_opensubtitles_tr
-Efendim?,-Hemşireyi kastediyorum.,opus_opensubtitles_tr
Çok hünerli.,Warden haklıymış.,opus_opensubtitles_tr
Oturun.,"Sizi, ekibinizin 4. üyesini seçmemize yardımcı olmanız için çağırdım.",opus_opensubtitles_tr
-Bay Joyce'u içeri çağırın.,"-Evet, efendim.",opus_opensubtitles_tr
"Chapman, Joyce'u istiyor, ama ben emin değilim.",Hesaplamaktansa tahmin yapmayı sever.,opus_opensubtitles_tr
"Söylediğim gibi bu işte, iş bittikten sonra bile, hep yapılacak bir iş daha vardır.",Okuldaki en iyi yüzücümüz odur.,opus_opensubtitles_tr
Sizin düşüncenizi gayet iyi biliyorum.,Shears'in görüşünü almak istiyorum.,opus_opensubtitles_tr
"Pekala, rahat.",Bu beyler seni ormanda bir yürüyüşe çıkarmak istiyorlar.,opus_opensubtitles_tr
"Evet, efendim.",Montreal'de bir muhasebeci miydin?,opus_opensubtitles_tr
"Evet, efendim.",Pek muhasebeci sayılmaz.,opus_opensubtitles_tr
"Çünkü, belgem yoktu.",Tam olarak ne yapıyordun?,opus_opensubtitles_tr
"Şey, efendim, benden önce kontrolden geçmiş ve benden sonra kontrolden geçecek olan çizelgeleri kontrol ediyordum.",-Çok can sıkıcı olmalı.,opus_opensubtitles_tr
"-Evet, efendim, öyleydi.",Buraya nasıl geldin?,opus_opensubtitles_tr
"Askere yazılmak için '39'da Londra'ya geldim, sonra da bu işe gönüllü oldum.","-Gönüllü, ha!",opus_opensubtitles_tr
"-Evet, efendim.","Bakın, normal Ordu...",opus_opensubtitles_tr
"Devam et, açık konuşabilirsin.","Şey, normal ordu bana sivil hayatımdaki işimi hatırlattı.",opus_opensubtitles_tr
Kafa çalıştırmanız beklenmiyor.,Şunu düşün.,opus_opensubtitles_tr
Bunu soğukkanlılıkla kullanabileceğinden emin misin?,Nasıl kullanılacağını biliyorum.,opus_opensubtitles_tr
Sorduğum şey bu değildi.,Soğukkanlılıkla kullanabilir misin?,opus_opensubtitles_tr
Tereddüt etmeden öldürebilir misin?,Bu soruyu kendime sormuştum.,opus_opensubtitles_tr
Beni oldukça endişelendiriyordu.,Peki cevabın neydi?,opus_opensubtitles_tr
"Gerçekten bilemiyorum, efendim.",Kendimi o şekilde hayal etmeye...,opus_opensubtitles_tr
Öldürmenin bir suç olmadığını kendime anlatmakta güçlük çekiyorum galiba.,"Bu, eski bir ordu problemidir.",opus_opensubtitles_tr
"Pekala, sanırım hepsi bu kadar.","Teşekkür ederim, Joyce.",opus_opensubtitles_tr
Ekiple gidecek miyim?,Sana bildireceğiz.,opus_opensubtitles_tr
Demek istediğim buydu.,En azından dürüsttü.,opus_opensubtitles_tr
"O an gelene kadar, bu sorunun cevabını hiçbirimiz bilemeyiz.","Görüşün nedir, Shears?",opus_opensubtitles_tr
"Şey, o bir Kanadalı.",Bu da ekibimizin uluslararası oluşumuna uyuyor.,opus_opensubtitles_tr
"Eğer gitmek istiyorsa, benim yerimi bile alabilir!","Pekala, eğer hepiniz Joyce için aynı fikirdeyseniz, artık sizindir.",opus_opensubtitles_tr
Elimde köy hakkında keşif uçağı raporu var.,Akşam karanlığında atlamanıza yetecek kadar açıklık var.,opus_opensubtitles_tr
-Paraşüt eğitimi almış mıydınız?,"-Hayır, efendim.",opus_opensubtitles_tr
Kahretsin!,Bu çok kötü.,opus_opensubtitles_tr
Tuhaf ama hiç başıma gelmemişti!,"Şey, o halde...",opus_opensubtitles_tr
Haklı.,Ona atlama tatbikatı ayarlansın.,opus_opensubtitles_tr
Hemen gidip bakayım.,"-Pekala, Chapman, gidebilirsin.",opus_opensubtitles_tr
"-Evet, efendim.",Hava kokusu almaya hazır mısın?,opus_opensubtitles_tr
"Evet, efendim.",Ne kadar önemli biri olduğunu anlamıyorsun.,opus_opensubtitles_tr
"Bölge hakkındaki malumatın, köyde edindiğin dostların.",Sanki bizi düşünerek oradan kaçmayı planlamışsın gibi.,opus_opensubtitles_tr
"Bu arada, işte ilgini çekecek birşey.","Yeni ""Ö"" hapı.",opus_opensubtitles_tr
-Ö hapı mı?,-Öldürücünün Ö'sü.,opus_opensubtitles_tr
"Anında, acısız.",Eskilerinden çok daha iyi.,opus_opensubtitles_tr
"Yakalanırsan diye, tabii ki.",Yani canlı olarak yakalanmamamı söylüyorsunuz.,opus_opensubtitles_tr
Bunu tavsiye etmem.,İçinizden biri yaralanırsa onu bırakmak zorundasınız.,opus_opensubtitles_tr
Amacımıza ulaşmak başta gelmeli.,Gerçek görüşümü duymak ister misiniz?,opus_opensubtitles_tr
Onların önünde söylemek istemedim.,"Anlıyorum, devam et.",opus_opensubtitles_tr
Chapman idare eder.,Çok soğukkanlı biri.,opus_opensubtitles_tr
Joyce...,O da idare eder.,opus_opensubtitles_tr
-Ama Warden'ı bilemiyorum.,-Oh?,opus_opensubtitles_tr
Neden?,Cambridge'de öğretmenlik vesaire.,opus_opensubtitles_tr
Bir çocuğun çatapatlarla oynaması gibi patlayıcalra oynamak bir yana...,"Tecrübesiz biri değil, biliyorsunuz.",opus_opensubtitles_tr
"Singapur çöktüğü zaman, o geride kalarak iki köprü patlattı.",Japonlar onu yakalamadan önce daha pek çok iş başardı.,opus_opensubtitles_tr
-İlginç bir hikaye.,O...,opus_opensubtitles_tr
"-Efendim, çok üzücü.","Zaman açısından, tatbiki atlayışların değmeyeceğini söylüyorlar.",opus_opensubtitles_tr
Tek bir atlayışta yaralanma ihtimali 50% imiş.,"İki atlayışta, 80%.",opus_opensubtitles_tr
"Üç atlayışta ise, ölüm ihtimali kesin gibiymiş.","Bizce, Shears'ın yapacağı en mantıklı şey gidip atlamak ve en iyi atlayışı ümit etmek.",opus_opensubtitles_tr
Paraşütlü mü paraşütsüz mü?,"Oh, çok iyiydi!",opus_opensubtitles_tr
""" Paraşütlü mü, paraşütsüz mü?""",Ağaçların arasında!,opus_opensubtitles_tr
"Yai diyor ki, Kwai'ye senin yolundan gidemeyiz.",Çok fazla Japon devriyesi varmış.,opus_opensubtitles_tr
Ormanın içinden kuzeye ilerleyeceğiz.,Çok fazla Japon devriyesi varmış.,opus_opensubtitles_tr
Ormanın içinden kuzeye ilerleyeceğiz.,-Kim rehberlik yapacak?,opus_opensubtitles_tr
-Yai.,Japonlardan nefret ediyor.,opus_opensubtitles_tr
Bütün adamlarını almışlar.,Yani elimizdeki kadınları kullanacağız.,opus_opensubtitles_tr
-Elimizdeki kadınlar!,-Becerebilirler.,opus_opensubtitles_tr
Geceyi burada geçirmenin tehlikeli olduğunu söylüyor.,5 km. uzaklıkta bir düşman kampı olduğu için ormanın içinde uyumak zorundayız.,opus_opensubtitles_tr
-Chapman ne olacak?,-Yai onu ve paraşütünü gömecek.,opus_opensubtitles_tr
Bir sorun mu var?,Düşünüyordum da; sen Yai'nin dilini biliyorsun.,opus_opensubtitles_tr
Bense bilmiyorum.,"Sizi nehre o götürecek, hem de benim daha önce hiç gitmediğim bir yoldan.",opus_opensubtitles_tr
Bu ekip için neden çok gerekli olduğumu söyleyebilir misiniz?,Ne hissettiğini anlıyorum ama her zaman beklenmedik şeyler çıkabilir.,opus_opensubtitles_tr
Bunu Chapman'a anlat.,"Hayd, i gidelim!",opus_opensubtitles_tr
Çok tatlısın.,Tatlı.,opus_opensubtitles_tr
İşini seve seve yap!,"Evet, efendim.",opus_opensubtitles_tr
Sülükler.,Sülükler.,opus_opensubtitles_tr
Kımıldamamanı söylüyor.,Sırtındaki sülükleri temizleyecek.,opus_opensubtitles_tr
Senin gibi bir kızın böyle bir yerde işi ne?,Sana bunu Siyamca söylemeyi öğreteyim.,opus_opensubtitles_tr
"Hayır, bu havayı bozar.",Fazla konuşma havayı hep bozar.,opus_opensubtitles_tr
O şeyin nesi var?,Kötü bir darbe almış.,opus_opensubtitles_tr
Güçlü bir sinyal alamıyorum.,Ben söyleyeyim. lslak ve küflü!,opus_opensubtitles_tr
Bu ormandaki herşey gibi.,Hatta çöpe atabilirsin!,opus_opensubtitles_tr
Radyo Tokyo programı sona erdi.,En cana yakın düşmanınız der ki sakin olun ve hiçbir işe gönüllü olmayın.,opus_opensubtitles_tr
"Burada kalırsak, tamamen ıslanacağız.","-Şifreyi çözdüm, efendim.",opus_opensubtitles_tr
"-Oku, haydi!","Evet, efendim. "" Bir, ilk köprü çalışması bırakılmıştır.",opus_opensubtitles_tr
Yeni inşaat ilk yerinin akıntı yönündedir.,"İki, düşman Bangkok'dan Rangoon'a askeri birlikler ve önemli kişiler taşıyacak bir tren ile tren hattını açmayı planlıyor.",opus_opensubtitles_tr
"Hedefin tahmini varış zamanı, ayın 1 3'ü, öğleden önce.","Üç, trenin geçişiyle eşzamanlı patlatma.",opus_opensubtitles_tr
"Dört, iyi avlar.","İyi eğlenceler."" Hepsi bu kadar.",opus_opensubtitles_tr
Bir tren ve bir köprü!,"Oraya zamanında varabilir miyiz, efendim?",opus_opensubtitles_tr
"Yai, iki-üç gün uzaklıkta olduğumuzu söylüyor.","Daha hızlı ilerlersek, 1 2'sinde gün batımından önce orada olabilirmişiz.",opus_opensubtitles_tr
Tren için değer.,"Oh, elbette.",opus_opensubtitles_tr
İyi bir av.,Harika bir iş.,opus_opensubtitles_tr
Çok eğlenceli.,Çok ama çok.,opus_opensubtitles_tr
"Radyoyu tamir etmeseydin, treni bilemeyecektik.","Her zaman beklenmedik bir şeyler çıkar, değil mi?",opus_opensubtitles_tr
"-0,225 litre, efendim.",-Kinin.,opus_opensubtitles_tr
Daha sonra bitiririz.,"-Clipton, bir kriz yaşıyoruz.",opus_opensubtitles_tr
"-Evet, efendim?",Reeves ve Hughes ile konuştum.,opus_opensubtitles_tr
Köprüyü zamanında bitiremeyeceğiz.,Yeterli adamımız yok.,opus_opensubtitles_tr
"Subaylardan yardım istedim, ama bu da yeterli değil.",Subaylar çalışacaklar mı?,opus_opensubtitles_tr
"Durumu onlara açıkladım ve gönüllü oldular, ama bu da yetmiyor.",Neden Saito'dan adam istemiyorsunuz?,opus_opensubtitles_tr
Bu bizim işimiz.,Kendi elimizdekilerle yetinmek zorundayız.,opus_opensubtitles_tr
Sana bu yüzden geldim.,Hasta listesi.,opus_opensubtitles_tr
Hastanede oraya ait olmayan hiç kimse yok.,"Seni kınadığımı zannetme sakın, ama hasta numarası yapanlar olabilir.",opus_opensubtitles_tr
Gözünü açık tut yeter.,"Haydi, bir bakalım.",opus_opensubtitles_tr
"Kalkmayın, kalkmayın.",Haskins'in nesi var?,opus_opensubtitles_tr
Amipli dizanteri ve karasu humması.,Ateşi 40.,opus_opensubtitles_tr
Pekala.,Anlıyorum.,opus_opensubtitles_tr
Ya bunun?,Bacağı iltihaplı.,opus_opensubtitles_tr
"Bu gece biraz daha kesebilirsem, kurtarabilirim.",Onu gerçekten çalıştırmayı mı düşünüyorsunuz?,opus_opensubtitles_tr
"Saçma konuşma, Clipton.",Ya şu adam?,opus_opensubtitles_tr
Kolu enfeksiyonlu.,Çoğu yaraları tamamen iyileşmeyecek.,opus_opensubtitles_tr
"Açık hava ve hafif işler, buraya tıkılmalarından daha iyi olmaz mı?",-Hafif işler mi?,opus_opensubtitles_tr
"-Kurallar, sadece kolu sıyrıldı...",-...diye birini tutmayı gerektirmiyor.,opus_opensubtitles_tr
-Kurallar mı?,"Tamamen formda olmayabilirler ama, yine de yararları dokunabilir.",opus_opensubtitles_tr
Süslemeler ve son rötuşlar gibi.,"Rahat, Baker.",opus_opensubtitles_tr
Köprüde hafif işler yapacak kadar kendini güçlü hissediyor musun?,"-Siz ne derseniz, efendim.",opus_opensubtitles_tr
-Güzel.,Ya sen?,opus_opensubtitles_tr
Kolay işler.,"-Denerim, efendim.",opus_opensubtitles_tr
-Aferin.,"Bakın, beyler.",opus_opensubtitles_tr
Hepinizle gurur duyduğumu söylememe gerek yok.,Ama bir krizle karşı karşıyayız.,opus_opensubtitles_tr
"Sorum, kendini iyi hissedenlere.",Yardım eli uzatmaya ne dersiniz?,opus_opensubtitles_tr
Getir-götür ve boyama işlerine?,Ne dersiniz?,opus_opensubtitles_tr
"-Evet, efendim.",-Güzel.,opus_opensubtitles_tr
"Haydi, beni izleyin.",1 0 dakika.,opus_opensubtitles_tr
Hepsinin öldüğünden emin ol.,"Haydi, Joyce.",opus_opensubtitles_tr
Bıçakları kullanın yoksa birbirimizi vurabiliriz.,"O taraftan git, Joyce.",opus_opensubtitles_tr
Yapabilirdim.,Buna hazırdım.,opus_opensubtitles_tr
"Yaralandınız mı, efendim?",Gidelim.,opus_opensubtitles_tr
Yüzeysel birşey.,"Çatlak bir kemik olabilir, ama kırık değil.",opus_opensubtitles_tr
"-Benim hatam, efendim.","-Oh, kapa çeneni.",opus_opensubtitles_tr
Yürüyebilirim.,Önemli olan da bu.,opus_opensubtitles_tr
Evet ama nereye kadar ve ne hızda?,"Bunu, denemeden önce bilemeyiz, değil mi?",opus_opensubtitles_tr
Ne yapıyorsunuz?,Mola için emir vermedim.,opus_opensubtitles_tr
Hepimizin ihtiyacı var.,Hızlı adımlarla daha beş saatlik yolumuz var.,opus_opensubtitles_tr
Belki de altı.,Haydi.,opus_opensubtitles_tr
"Yürümeye devam edersen, kanamadan öleceksin.",-Beni burada bırakacaksınız.,opus_opensubtitles_tr
"-Sen durursan, biz de dururuz.",Karanlık basınca köprünün planını inceleyemezsiniz.,opus_opensubtitles_tr
Gün batımından önce orada olmalısınız.,"Ama, efendim, iş bittikten sonra, aynı yoldan geri dönemeyebilir dönsek bile sizi burada bulamayabiliriz.",opus_opensubtitles_tr
"Yerimde sen olsaydın, seni tereddütsüz bırakırdım, bunu biliyorsun.",O bilmez ama ben biliyorum.,opus_opensubtitles_tr
"Kurallar söz konusuysa, öz anneni bile burada bırakırdın.",Bensiz devam edeceksiniz.,opus_opensubtitles_tr
Bu bir emirdir.,"Kumanda artık sende, Shears.",opus_opensubtitles_tr
Bu emre itaat etmeyeceğim.,Kahramanlık tavırlarından bıktım.,opus_opensubtitles_tr
Ölüm kokusunu bela gibi üzerinde taşıyorsun.,Patlayıcılar ve Ö-hapları birbirini iyi tamamlar.,opus_opensubtitles_tr
Ya öyle ya böyle.,"Ya köprüyü yok et, ya da kendini.",opus_opensubtitles_tr
Bu savaş sadece bir oyun.,Sen ve şu Albay Nicholson.,opus_opensubtitles_tr
Yiğitlik için çıldırıyorsunuz.,Ne için?,opus_opensubtitles_tr
"Asıl önemli olan insan gibi yaşamakken, siz nasıl bir beyefendi gibi ve nasıl kurallara göre ölünür, onu düşünüyorsunuz!","Seni burada ölüme terk etmeyeceğim, Warden çünkü ne köprü ne de kuralların umurumda değil.",opus_opensubtitles_tr
"Gideceksek, beraber gideceğiz.",Sevgili Yai.,opus_opensubtitles_tr
Tamam.,Haydi.,opus_opensubtitles_tr
Daha yaklaşalım.,Seni getirdiğimize hala üzgün müsün?,opus_opensubtitles_tr
-Daha iyi misin?,-Evet.,opus_opensubtitles_tr
"Kumanda yine sende, biliyorsun.","Teşekkürler, binbaşı.",opus_opensubtitles_tr
Anlayamıyorum.,Ne kadar sağlam ve ne kadar iyi tasarlanmış bir yapım.,opus_opensubtitles_tr
Düşmanın genelde gelişigüzel yaptığı köprülerden değil.,Bakın.,opus_opensubtitles_tr
Aşağıdaki şu zavallılara.,O şartlarda böyle bir iş yapmaya zorlandığınızı düşünsenize.,opus_opensubtitles_tr
Dizleri üstüne çökmüş bir İngiliz subayını çalıştırıyorlar.,Japonlar da bundan keyif alıyor gibiler.,opus_opensubtitles_tr
"Burada olduğumuzu bilse, morali yerine gelirdi.",BU KÖPRÜ İNGİLİZ ORDUSU ASKERLERİ TARAFlNDAN,opus_opensubtitles_tr
TASARLANMlŞ VE KURULMUŞTUR,ŞUBAT,opus_opensubtitles_tr
- MAYlS 1 943 KD.,YRB.,opus_opensubtitles_tr
L. NlCHOLSON KOMUTANLlĞlNDA,"Tren işi olmasaydı, saatli bomba koyup, uzaklaşabilirdik.",opus_opensubtitles_tr
Yarın kaçta geçeceğini bilmediğimize göre el ile yapmak zorunda kalacağız.,...el ile yapmak zorunda kalacağız.,opus_opensubtitles_tr
Barutları suyun altındaki temel kazıklarının 1 m.,kadar altına yerleştirip ana tesisatı akıntı yönünde pompalayacağız.,opus_opensubtitles_tr
"Sorun, nerede saklayacağımızda.",Nehrin bulunduğumuz yakası belli ki Japonlar tarafından kullanılıyor.,opus_opensubtitles_tr
Hemen fark ederler.,Bak.,opus_opensubtitles_tr
Şu düşmüş ağaç gövdelerini görüyor musun?,Ve hemen altlarındaki gri kayayı?,opus_opensubtitles_tr
"-Evet, efendim, görüyorum.",-Kilit mevkimiz orası.,opus_opensubtitles_tr
Nehrin ters yönünde ama uygun uzaklıktaki tek saklanılabilecek yer.,Köprü havaya uçtuğunda orada olan her kimse geri yüzmesi gerekecek.,opus_opensubtitles_tr
Keyifli bir yüzüş olmayacak.,"Efendim, sınıftaki en iyi yüzücü bendim.",opus_opensubtitles_tr
"Tam senin işin, o halde.",Teşekkür ederim.,opus_opensubtitles_tr
"Shears, bizim yakamızda Joyce'u koruyabilmen için bir yer belirle.","Yai de seninle gelecek ki, Japonlar Joyce'a sorun çıkarırlarsa ikiniz onları oyalayabilin.",opus_opensubtitles_tr
"Başka bir aksilik çıkma ihtimali üzerine, onları şaşırtmak için buraya fazladan bir havan topu daha koyacağım.",Belki trene bile birkaç atış yapabilirim.,opus_opensubtitles_tr
Herşey açık mı?,Sorusu olan?,opus_opensubtitles_tr
"Pekala, hava kararır kararmaz başlayacaksınız.",Köprü üzerinde mutlaka nöbetçi asker olacaktır bu yüzden malzemeleri nehir yukarı yüzdürerek taşıman gerekecek yani bir sal yapman gerekiyor.,opus_opensubtitles_tr
Yai.,Yai sana yardım için 3 kadın verecek.,opus_opensubtitles_tr
Birisi burada benimle kalacak.,"Pekala, haydi bakalım!",opus_opensubtitles_tr
"Biliyorsun, ayağım böyle olmasaydı, Joyce'un görevini ben üstlenirdim.",Sence başarabilecek mi?,opus_opensubtitles_tr
Sanırım.,Benim yapmamı ister misin?,opus_opensubtitles_tr
Elimde olsa seni burada topun başında bırakırdım.,Üzgünüm.,opus_opensubtitles_tr
"İş bittiğinde, umarım sağlık raporunu alırsın zorlanmadan.",Sağol.,opus_opensubtitles_tr
Doldur.,Çok güzel.,opus_opensubtitles_tr
"Evet, çok güzel.",Birinci sınıf bir iş.,opus_opensubtitles_tr
Bu kadar güzel olacağını tahmin etmiyordum.,"Evet, harika bir eser.",opus_opensubtitles_tr
Düşünüyordum da...,"Yarın, hizmetimin 28.",opus_opensubtitles_tr
yılını doldurmuş olacağım.,Barışta ve savaşta 28 yıl.,opus_opensubtitles_tr
Bu sürenin 1 0 ayından fazlasını evimde geçirmedim.,"Yine de, iyi bir hayatım oldu.",opus_opensubtitles_tr
Hindistan'ı sevdim.,Başka türlü olsun istemezdim.,opus_opensubtitles_tr
Ama bazen...,Birdenbire farkına varıyorsun ki sona başlangıçtan daha yakınsın.,opus_opensubtitles_tr
Ve düşünüyorsun...,Kendine şunu soruyorsun:,opus_opensubtitles_tr
Hayatının tümü neyi temsil ediyor?,Herhangi bir zamanda herhangi bir yerde oluşun neyi değiştirdi ya da birşeyi değiştirdi mi?,opus_opensubtitles_tr
Özellikle diğer insanların kariyerleriyle karşılaştırırsak.,Bu düşünce tarzı sağlıklı mıdır bilmiyorum ama itiraf etmeliyim ki zaman zaman bu meslekleri aklımdan geçirdim.,opus_opensubtitles_tr
Ama bu gece...,Bu gece...,opus_opensubtitles_tr
Kahretsin.,Gitmeliyim.,opus_opensubtitles_tr
Çocuklar bir tür eğlence hazırlıyorlar.,Tatlı.,opus_opensubtitles_tr
Olsaydın tek kız,Dünyadaki,opus_opensubtitles_tr
Ve sen de tek erkek,Başka şey istemezdim,opus_opensubtitles_tr
Bugünkü hayattan,Severdik birbirimizi,opus_opensubtitles_tr
Her zamanki gibi,İkimize özel bir Cennet Bahçesi,opus_opensubtitles_tr
Eminim hepimiz adına söyleyebilirim ki bu çok keyifli bir akşamdı.,Çoğunuz yarın yeni bir kampa ve yeni bir inşaata gideceksiniz.,opus_opensubtitles_tr
Ne yazık ki köprünün ilk tatbiki kullanımını göremeyeceksiniz.,"Ama, şuna memnun olacaksınızdır ki bu tren yolu hattının tamamlanması hasta ve sakatlarımızı yeni kampa trenle taşımamızı sağlayacak.",opus_opensubtitles_tr
"Albay Saito, Binbaşı Clipton ve hastalarla beraber kalmama izin verdi sizlere birkaç gün içinde katılacağız.",Artık işinizin bittiğine göre umarım üzülüyorsunuzdur.,opus_opensubtitles_tr
Bunu anlayabiliyorum.,Çok doğal bir tepki.,opus_opensubtitles_tr
"Ama bir gün; bir hafta, bir ay, bir yıl sonra olsun o gün geldiğinde, inşallah, hepimiz evlerimize döneceğiz işte o zaman, burada büyük zorluklarla başardığınız bu işten hepiniz gurur duyacaksınız.",Yaptıklarınız vatandaşlarımıza askerimize ve sivillere örnek olmalıdır ve olacaktır.,opus_opensubtitles_tr
Şerefinizle ayakta kaldınız.,Dahası da var.,opus_opensubtitles_tr
Bu ıssız bölgede yenilgiyi zafere çevirdiniz.,Sizi tebrik ediyorum.,opus_opensubtitles_tr
Bravo.,Krala.,opus_opensubtitles_tr
Haydi bakalım.,Herşeyi aldın mı?,opus_opensubtitles_tr
"Bitki sapı, cephane, çıkın, matara, bıçak.",Ben nehrin tam karşısında olacağım.,opus_opensubtitles_tr
"Profesör, her zaman yapılacak birşey daha vardır, der.",Ne olabileceği aklıma gelmiyor.,opus_opensubtitles_tr
Sana uzun ve mutlu bir hayat dilemekten başka.,Teşekkür ederim.,opus_opensubtitles_tr
Ne oldu?,Nehir alçalmış.,opus_opensubtitles_tr
Kablo görünüyor.,Patlayıcılar!,opus_opensubtitles_tr
Treni bekleme.,Şimdi yap!,opus_opensubtitles_tr
"Saito yanılmıyorsa, tren 5-1 0 dakika içinde gelecek.","Sakıncası yoksa, yukarıdaki tepeden bakacağım.",opus_opensubtitles_tr
Neden?,Köprüden daha iyi görürsün.,opus_opensubtitles_tr
"Açıklaması zor, efendim.",Bir parçası olmamayı tercih ederim.,opus_opensubtitles_tr
Nasıl istersen.,"Gerçekten, seni bazen hiç anlayamıyorum.",opus_opensubtitles_tr
"Daha önce de söylediğiniz gibi, ordu hakkında öğrenecek çok şeyim var.",Günaydın.,opus_opensubtitles_tr
Gece nehir alçalmış.,Ne yapıyor?,opus_opensubtitles_tr
"Albay, tuhaf birşeyler oluyor.",Tren varmadan önce etrafa bir baksak iyi olacak.,opus_opensubtitles_tr
Çıldırmış bu adam.,Onu tam oraya götürüyor!,opus_opensubtitles_tr
Kendi adamımız!,Haklıymışım.,opus_opensubtitles_tr
Birşeyler dönüyor.,"Yapmalısın, evlat!",opus_opensubtitles_tr
Şimdi yapmalısın!,Bıçağınız var mı?,opus_opensubtitles_tr
"Şimdi anladım, köprü mayınlanmış!",Mayın mı?,opus_opensubtitles_tr
Mayın mı?,"Aferin, evlat!",opus_opensubtitles_tr
İngiliz subayı!,Köprüyü uçurmak için buradayım.,opus_opensubtitles_tr
-Köprüyü uçurmak mı?,-Evet.,opus_opensubtitles_tr
İngiliz komandosu emri.,-Köprüyü uçurmak mı?,opus_opensubtitles_tr
-Evet.,Hiç zaman yok!,opus_opensubtitles_tr
"Hayır, hayır!",Yardım edin!,opus_opensubtitles_tr
Öldür onu!,Öldür onu!,opus_opensubtitles_tr
"Bırakın beni, efendim!",Anlamıyorsunuz!,opus_opensubtitles_tr
Öldür onu!,Öldür onu!,opus_opensubtitles_tr
"Öldür onu, Joyce!",Sen!,opus_opensubtitles_tr
Sen!,Ne yaptım ben?,opus_opensubtitles_tr
Olamaz!,Yapmak zorundaydım!,opus_opensubtitles_tr
Yapmak zorundaydım.,Sağ olarak yakalanabilirlerdi!,opus_opensubtitles_tr
Yapılacak tek şey buydu!,Olamaz!,opus_opensubtitles_tr
Olamaz!,Altazilar:,opus_opensubtitles_tr
Gelula/SDl,İşini bitir!,opus_opensubtitles_tr
Kulübeye git.,"Ah, tabii.",opus_opensubtitles_tr
"Yeni gelen mahkumlar mezar kazdığımızı görürlerse, kaçabilirler.",Şakanın sırası değil.,opus_opensubtitles_tr
İşini bitir!,"Kaz, kaz.",opus_opensubtitles_tr
Bizi hasta listesine koysanız diyorum.,"İnsaflı olun, yüzbaşı.",opus_opensubtitles_tr
Bizi hastaneye yatırın.,Hasta değilsiniz.,opus_opensubtitles_tr
Hiç olmadınız.,"Neden hep hasta numarası yapıyorsun, Shears?",opus_opensubtitles_tr
Başımın üzerine böyle birşey istemediğimden herhalde.,Yüzbaşı Kanematsu sigaraya ne dersiniz?,opus_opensubtitles_tr
Bu sabah verdim ya.,İkinize de.,opus_opensubtitles_tr
İyi ya işte.,Bu iyiliğinizin karşılığını vermek istiyorum.,opus_opensubtitles_tr
"İçten gelerek verilen bir hediyeyi asla unutmam, sizin verdiğiniz sigara gibi.",O yüzden bu çakmağı almanızı istiyorum.,opus_opensubtitles_tr
Çaldığımı mı sanıyorsunuz?,Az önce gömdüğümüz İngiliz çocuğun çakmağıydı.,opus_opensubtitles_tr
Ona yaptığım bir iyiliğe karşı bana bunu vermişti.,"Ölmeden önce, ben de aynı şeyi size yapmak istiyorum.",opus_opensubtitles_tr
"Tuhaf adamsın, Shears.",Hasta listesine kondun.,opus_opensubtitles_tr
O da.,Bir gün Albay Saito ona rüşvet verdiğini anlarsa ne olacak?,opus_opensubtitles_tr
"Bundan önce biz çoktan uzaklarda olacağız, dostum.",Çok uzaklarda.,opus_opensubtitles_tr
"Peki, haydi bitirelim.",Burada yatan...,opus_opensubtitles_tr
Az önce kimi gömdüğümüzü unuttum.,Thomson.,opus_opensubtitles_tr
"Ah, evet.",Burada yatan Onbaşı Herbert Thomson seri numarası sıfır-bir- iki-üç-dört-beş-altı-yedi.,opus_opensubtitles_tr
"1943'de beriberiden ölmüş, Kings Own veya Queens Own ya da her neyse onun cesur üyesi ve şerefiyle ölen...",- Ne uğruna ölmüştü?,opus_opensubtitles_tr
- Haydi yapma.,Ölenle alay edilmez.,opus_opensubtitles_tr
Ölenle alay falan etmiyorum.,Huzur içinde yatsın.,opus_opensubtitles_tr
Bu huzuru hayattayken pek bulamadı.,"""A"" Bölüğü, yerinde say!",opus_opensubtitles_tr
Dur.,"Sıraya geç, sola dön.",opus_opensubtitles_tr
Rahat.,"Bayağı yoğun mezarcılar olacağız, Weaver.",opus_opensubtitles_tr
"Aferin, aferin.",Bu albay neyin içinde olduğunu bilmiyor.,opus_opensubtitles_tr
Ona gerçeği anlatacak mısın?,Tabii ki hayır.,opus_opensubtitles_tr
"Sen ne bir subaysın, ne de bir centilmen.",Adım Nicholson.,opus_opensubtitles_tr
Ben Albay Saito.,Majesteleri adına size hoşgeldiniz diyorum.,opus_opensubtitles_tr
"Bu kampın, yani yakında Bangkok'u Rangoon'a bağlayacak olan büyük tren yolundaki 16. kampın kumandanıyım.","Siz İngiliz mahkumlar, Kwai Nehri üzerine bir köprü inşa etmek üzere seçildiniz.",opus_opensubtitles_tr
Keyifli ve beceri isteyen bir iş olacak.,Subaylar da siviller gibi çalışacaklar.,opus_opensubtitles_tr
Japon Ordusu tembel olanları beslemez.,"Çok çalışırsanız, karşılığını alırsınız.",opus_opensubtitles_tr
Ama eğer çok çalışmazsanız cezalandırılacaksınız.,Kaçmakla ilgili şunları söyleyeyim:,opus_opensubtitles_tr
Burada dikenli tel yok.,Kazıklı çit yok.,opus_opensubtitles_tr
Gözcü kulesi yok.,Tüm bunlar gerekli değil.,opus_opensubtitles_tr
Burası ormanın ortasında bir ada.,Buradan kaçmak imkansızdır.,opus_opensubtitles_tr
Ölürsünüz.,"Bugün dinlenecek, yarın işe başlayacaksınız.",opus_opensubtitles_tr
Size General Yamashita'nın bir sözünü hatırlatayım:,"""İşinizi seve seve yapın.""",opus_opensubtitles_tr
İşinizi seve seve yapın.,Gidebilirsiniz.,opus_opensubtitles_tr
"Tabur, rahat.","Binbaşı Hughes, sıradan çık.",opus_opensubtitles_tr
"Tabur, rahat.","Hughes, adamları koğuşlara yerleştir.",opus_opensubtitles_tr
Hasta olanlarla ilgilen.,Bu adamla biraz konuşacağım.,opus_opensubtitles_tr
"Sözlerinizi duydum, efendim.","Adamlarım, işlerini İngiliz askerlerine yakışır şekilde yapacaklardır.",opus_opensubtitles_tr
Davranışlarından subaylarım ve ben sorumlu olacağız.,"Cenevre Anlaşması gereği, subayların, işçi olarak çalıştırılmasının kesinlikle yasak olduğu gözünüzden kaçmış olabilir.",opus_opensubtitles_tr
Öyle mi?,Anlaşmanın bir kopyası bende var göz atmanız için size verebilirim.,opus_opensubtitles_tr
Buna gerek olmayacak.,"Oturun, lütfen.",opus_opensubtitles_tr
"Evet, efendim.",Clipton ile biraz konuşacağım.,opus_opensubtitles_tr
"Clipton, mani olmayayım.",- Kolun nasıl?,opus_opensubtitles_tr
- İyileşti sayılır.,"Efendim, bu Amerikan Donanmasından Binbaşı Shears.",opus_opensubtitles_tr
"Nasılsınız, efendim?",Onu ve bir Avustralyalı bulduk.,opus_opensubtitles_tr
Kampı kuran mahkumlardan geriye sadece ikisi kalmış.,"Amerikan Donanması, ha?",opus_opensubtitles_tr
Burada mı?,Kara ile kuşatılmış sayılırım.,opus_opensubtitles_tr
- Geminizi mi kaybettiniz?,- Houston'ı.,opus_opensubtitles_tr
Karaya çıkmayı başardım fakat diğer kurtulanlardan ayrı düştüm.,Buradaki grubunuzdan da mı?,opus_opensubtitles_tr
Çoğunlukla Avustralyalılar.,Birkaç...,opus_opensubtitles_tr
Birkaç İngiliz.,"Hintli, Birmanyalı, Siyamlı.",opus_opensubtitles_tr
Onlara ne oldu peki?,"Öldüler sıtma, dizanteri, beriberi ve kangrenden.",opus_opensubtitles_tr
Diğer ölüm sebepleri:,"Açlık, aşırı çalışma, kurşun yaraları, yılan ısırıkları Saito.",opus_opensubtitles_tr
Bir de yaşamaktan yorulanlar vardı.,Clipton size baktı mı?,opus_opensubtitles_tr
Üzereyim.,"Buraya gelin, sonra tıraş olursunuz.",opus_opensubtitles_tr
Pekala.,Subaylarla kalacaksınız.,opus_opensubtitles_tr
Size uygun bir kıyafet bulacağız.,Benim için endişelenmeyin.,opus_opensubtitles_tr
Hasta listesinden çıkmaya pek can atmıyorum.,"Ayrıca, bu da iş kıyafeti.",opus_opensubtitles_tr
Buralarda çok moda.,Grubunuzdaki subaylar ağır işçilik yaptılar mı?,opus_opensubtitles_tr
Öyle de diyebilirsiniz sanırım.,"Bu konuyu Albay, adı neyse, ona söyledim.",opus_opensubtitles_tr
Saito.,- Sanırım durumu anladı.,opus_opensubtitles_tr
- Öyle mi dersiniz?,Evet.,opus_opensubtitles_tr
Oldukça makul birine benzediğini söylemeliyim.,"Şey, işime devam etmeliyim.",opus_opensubtitles_tr
Saat 19:00'da subaylar toplantısı var.,- Taleplerinizin listesini çıkarın.,opus_opensubtitles_tr
"- Peki, efendim.",Ne yapabilirsek.,opus_opensubtitles_tr
"Teşekkür ederim, efendim.",- Ne oldu?,opus_opensubtitles_tr
- Boşver.,"Haydi, söyle.",opus_opensubtitles_tr
"Saito için söyleyecek pek çok şey bulabilirim ama ""makul"", yeni bir kelime.",Belki Albay Nicholson bu kelimeyi farklı tanımlıyordur.,opus_opensubtitles_tr
Başka görüşü olan?,"- İzin verirseniz, efendim?",opus_opensubtitles_tr
- Jennings?,Kaçış komitesi hakkında.,opus_opensubtitles_tr
Binbaşı Shears ile konuştum...,Kaçış komitesi diye birşey olmayacak.,opus_opensubtitles_tr
"Anlayamıyorum, efendim.",Yüzbaşı Jennings'in bir planı var.,opus_opensubtitles_tr
"Evet, evet, eminim Jennings'in bir planı vardır, ama kaçmak mı?",Nereye?,opus_opensubtitles_tr
Bu ormanın içine mi?,"Şu adam, Saito, o haklı.",opus_opensubtitles_tr
Burada dikenli tellere gerek yok.,Kurtulma şansı 100'de bir.,opus_opensubtitles_tr
Eminim Binbaşı Shears'in adamlarının tecrübeleri beni destekleyecektir.,Bence başarılı bir kaçış ihtimali 100'de bir.,opus_opensubtitles_tr
- Ama birşey daha ekleyebilir miyim?,- Lütfen.,opus_opensubtitles_tr
Bu kampta hayatta kalma ihtimali bundan da düşük.,Mezarlığı gördünüz.,opus_opensubtitles_tr
Güçlü ihtimal o.,"Kaçış ümidinizi yitirip bunu düşünmekten vazgeçerseniz, ölüm fermanınızı hazırlamış olursunuz.",opus_opensubtitles_tr
"Siz neden kaçmayı hiç denemediniz, binbaşı?",Zamanını bekliyorum.,opus_opensubtitles_tr
Doğru zamanı ve doğru ekibi.,Ne hissettiğinizi anlıyorum.,opus_opensubtitles_tr
"Tabii ki, esir düşen bir askerin görevi, kaçma teşebbüsüdür.",Fakat adamlarım ve ben garip bir yasal olaya karışmış durumdayız ki bunu siz bilmiyorsunuz.,opus_opensubtitles_tr
Başkomutanlık bize Singapur'da teslim olmamızı emretti.,Emretti.,opus_opensubtitles_tr
"O yüzden, bizim durumumuzda kaçmak, ordu kanunlarına karşı gelmek olur.","İlginç bir konu, efendim.",opus_opensubtitles_tr
"Özür dilerim, efendim, Sizi tam anlayamadım.","Bu yasal talimatı, ne pahasına olursa olsun, uygulamayı mı düşünüyorsunuz?",opus_opensubtitles_tr
"Yasalar olmazsa, binbaşı, medeniyet de olmaz.",Söylemek istediğim bu.,opus_opensubtitles_tr
Burada medeniyet yok.,O halde öğretme fırsatımız var.,opus_opensubtitles_tr
Kaçma konusunu kapatalım.,Başka birşey var mı?,opus_opensubtitles_tr
Sanırım program gayet açık.,Yarın sabahtan itibaren herşeyin sorunsuz gitmesini istiyorum.,opus_opensubtitles_tr
Ve şunu unutmayın:,Adamlarımız halen bizim emrimizde olduklarını hissetmeliler Japonların değil.,opus_opensubtitles_tr
"Buna inandıkları sürece, asker olarak kalırlar, esir değil.","Bunda mutabık mıyız, binbaşı?",opus_opensubtitles_tr
"Umarım asker olarak kalabilirler, albay.","Bana gelince, ben bir esirim.",opus_opensubtitles_tr
Yaşayan bir esir.,Garip bir kuş.,opus_opensubtitles_tr
Bir Amerikalı için bile...,"Çok uzun süre ayrı kalmış, zavallı çocuk.",opus_opensubtitles_tr
Bölüğünden alınmış.,Bu hepimize ders olmalı.,opus_opensubtitles_tr
İngiliz mahkumlar!,Dikkat ettiyseniz İngiliz askerler demiyorum.,opus_opensubtitles_tr
"Teslim olduğunuz andan itibaren, askerliğiniz bitmiştir.",Mayıs ayının on ikinci gününe kadar köprüyü bitirmiş olacaksınız.,opus_opensubtitles_tr
Japon bir mühendisin talimatları doğrultusunda çalışacaksınız.,Zamanımız kısıtlı.,opus_opensubtitles_tr
Herkes çalışacak.,Subaylarınız da sizlerin yanında çalışacaklar.,opus_opensubtitles_tr
Çünkü teslim olarak sizlere ihanet etmişlerdir.,Utancınız onların şerefsizliğidir.,opus_opensubtitles_tr
Sizlere kahramanca ölmektense hamallar gibi yaşamak daha iyidir diyen onlar.,"Sizleri buraya getiren de onlar, ben değilim.",opus_opensubtitles_tr
"Bu yüzden, kendileri yararlı işlerde kullanılmak üzere sizlere katılacaklar.",Hepsi bu kadar.,opus_opensubtitles_tr
"Subay mahkumlar, aletlerinizi alın.","Bradley, yerine dön.",opus_opensubtitles_tr
"Binbaşı Saito, size Cenevre Anlaşmasının 27.",Maddesini hatırlatmak isterim.,opus_opensubtitles_tr
"""Savaşan taraflar, sağlıklı savaş mahkumlarını çalıştırabilirler, subaylar hariç""...",O kitabı bana verin.,opus_opensubtitles_tr
Elbette.,"İngilizce okuyabiliyorsunuz, değil mi?",opus_opensubtitles_tr
- Siz Japonca okuyabiliyor musunuz?,"- Üzgünüm, hayır.",opus_opensubtitles_tr
"Sorun tercüme ise, eminim bunu ayarlayabiliriz.","Bakın, kanun der ki...",opus_opensubtitles_tr
Yerlerinizde kalın.,Bana kanundan mı bahsediyorsunuz?,opus_opensubtitles_tr
"Hangi ""kanun""?",Korkakların kanunu!,opus_opensubtitles_tr
Asker kanunları hakkında ne bilirsiniz?,Bushido hakkında?,opus_opensubtitles_tr
Hiçbir şey!,Komutanlığa layık değilsiniz!,opus_opensubtitles_tr
Medeni dünyanın kanunlarına riayet etmeyi reddederseniz size itaat edemeyiz.,Subaylarım ağır iş yapmayacaklar.,opus_opensubtitles_tr
Göreceğiz.,Tüm er mahkumlar iş başına.,opus_opensubtitles_tr
Başçavuş!,Adamları işe başlatın.,opus_opensubtitles_tr
"Tabur, aletlerinizi alın.",Tek sıra halinde sola dön.,opus_opensubtitles_tr
Sola dön!,"""A"" Bölüğü, sağa.",opus_opensubtitles_tr
"Marş, marş.",Gözler sağa.,opus_opensubtitles_tr
Gözler sağa.,Gözler öne.,opus_opensubtitles_tr
"Marş, marş, gözler sağa.","""C"" Bölüğü, sağa.",opus_opensubtitles_tr
Ne yapıyor?,Galiba şahit bırakmak istemiyor.,opus_opensubtitles_tr
"Şimdi, mantıklı olacaksınız.",Subaylarınıza çalışmalarını emredeceksiniz.,opus_opensubtitles_tr
Hayır.,Üçe kadar sayacağım.,opus_opensubtitles_tr
Eğer üç dediğimde siz ve subaylarınız işin yolunu tutmamışsanız ateş emri vereceğim.,Yapacak.,opus_opensubtitles_tr
"İnan bana, gerçekten yapacak.",Bir.,opus_opensubtitles_tr
"Sizi uyarıyorum, Albay...",İki.,opus_opensubtitles_tr
Durun!,"Albay Saito, herşeyi gördüm ve duydum.",opus_opensubtitles_tr
Hastanedeki diğerleri de.,Çok fazla şahit var.,opus_opensubtitles_tr
"Toplu kaçış oldu diyemezsiniz, çünkü bir çoğu yürüyemiyor bile.",Bu mu sizin askeri kanununuz?,opus_opensubtitles_tr
Silahsız adamları öldürmek mi?,"Gördün mü, Jennings?",opus_opensubtitles_tr
Hasta listesinde olmanın bazı avantajları da varmış.,İhtiyar için şunu söyleyebilirim:,opus_opensubtitles_tr
Çok yürekli biri.,"""Ölüm vadisine giden yol.""",opus_opensubtitles_tr
"Nasıl yani, efendim?",Öyle bir yüreklilik.,opus_opensubtitles_tr
1914'te sadece bellerindeki süs kamçılarıyla savaşan subayların yürekliliği.,- Anlıyorum.,opus_opensubtitles_tr
- Kesinlikle anlamıyorsun.,Hepimizin ölümüne sebep olacak bir yüreklilik.,opus_opensubtitles_tr
"Özür dilerim, efendim.",Ben de katılmak istiyorum.,opus_opensubtitles_tr
"Kolum neredeyse iyileşti, efendim, gerçekten.",Ya o?,opus_opensubtitles_tr
"Kaçmamamızı emretmedi, önerdi.","Dinle, albayınız gibi biri birşey önerdiğinde, bu bir emir sayılır.",opus_opensubtitles_tr
Yine başlıyoruz.,Albay Saito tüm subayların ceza kulübesine gitmesini istiyor.,opus_opensubtitles_tr
"Söyleyin, gitsinler.",Sen değil.,opus_opensubtitles_tr
Gel.,Onu serbest bırakın!,opus_opensubtitles_tr
Onu serbest bırakın!,Onu fırına koyacaklar.,opus_opensubtitles_tr
Çünkü o çok iyi bir adamdır Çünkü o çok iyi bir adamdır,Çünkü o çok iyi bir adamdır,opus_opensubtitles_tr
Hepimiz böyle düşünüyoruz,Hepimiz böyle düşünüyoruz Hepimiz böyle düşünüyoruz,opus_opensubtitles_tr
Çünkü o çok iyi bir adamdır Çünkü o çok iyi bir adamdır,Çünkü o çok iyi bir adamdır,opus_opensubtitles_tr
Hepimiz böyle düşünüyoruz,Dikkat!,opus_opensubtitles_tr
Düşüyor!,"Bir, iki, üç, dört.",opus_opensubtitles_tr
"Bir, iki, üç, dört.","Hayır, hayır, hayır!",opus_opensubtitles_tr
Bırakın!,Bırakın!,opus_opensubtitles_tr
Beni mi görmek istediniz?,Üç gündür buna uğraşıyorum.,opus_opensubtitles_tr
Albay hakkında.,O kilitli kulübede...,opus_opensubtitles_tr
Sizi vurdurabilirdim.,"Kaçmaya teşebbüs eden mahkumlar, sizin sorumluluğunuzdaydılar.",opus_opensubtitles_tr
Kaçma hakkında hiçbir şey bilmiyordum.,Bu birşeyi değiştirmez.,opus_opensubtitles_tr
Deneyenlere saygı duymak gerekir.,"Kısa bir süre için, kaçma ve ölüm arasında tekrar asker oldular.",opus_opensubtitles_tr
Ama kaçmaya çalışmak delilik.,"İki asker vuruldu, üçüncüsü de boğuldu.",opus_opensubtitles_tr
Ne uğruna?,"Bu, gerçeklerden kaçıştı.",opus_opensubtitles_tr
İşte gerçeğiniz.,"Bu, öğlene kadar bitirilmesi gereken işi gösteriyor.",opus_opensubtitles_tr
"Bu da, ne kadar ilerleme kaydedildiğini.","Albayınızın inatçılığı yüzünden, programın çok gerisinde kaldık.",opus_opensubtitles_tr
Hepsi bu kadar değil.,Kayıtlı mahkumlar işi sabote ettiler.,opus_opensubtitles_tr
"Evet, gördüm.",Hepsini vurdurabilirdim.,opus_opensubtitles_tr
O zaman köprünüzü kim inşa ederdi?,Sabotaj olduğundan emin misiniz ki?,opus_opensubtitles_tr
Adamlar kendi subayları olmadan verimli çalışamıyorlardır.,Onları benim subaylarım yönetecek.,opus_opensubtitles_tr
Sizin subaylarınız onlarla çalışacak.,Buna Nicholson karar verir.,opus_opensubtitles_tr
"Dediği gibi bu, kurallara aykırı.",Bana kurallardan bahsetmeyin.,opus_opensubtitles_tr
Bu bir savaş!,Bir kriket oyunu değil.,opus_opensubtitles_tr
Albayınız çılgın oldukça çılgın.,"Oturun, lütfen.",opus_opensubtitles_tr
Albayı bir kerelik görmenize izin vermeye karar verdim.,Teşekkür ederim.,opus_opensubtitles_tr
Ona şunu söyleyin; eğer subayları çalışmazlarsa hastaneyi kapatmak zorunda kalacağım ve hastalarınız onların yerine çalıştırılacaklar.,Bir çoğu ölecek.,opus_opensubtitles_tr
Bunun da sorumlusu kendisi olacak.,Gidin ve konuşun onunla.,opus_opensubtitles_tr
Beş dakika süreniz var.,"Doktor, ihtiyarı görmeye gidiyor.",opus_opensubtitles_tr
Efendim...,"Benim, Clipton, efendim.",opus_opensubtitles_tr
Size bazı şeyler getirdim.,- Adamlarım nasıl?,opus_opensubtitles_tr
"- İyiler, efendim, iyiler.",Zor bela toparladığımız azıcık et ve hindistan cevizi getirdim.,opus_opensubtitles_tr
Ya subaylar?,Pek iyi değiller.,opus_opensubtitles_tr
Hala cezalılar.,Çavuş Jennings ise...,opus_opensubtitles_tr
Jennings öldü.,- Ne?,opus_opensubtitles_tr
"- Öldürüldü, kaçmaya çalışırken.","İki kişi daha, Onbaşı Weaver ve Amerikalı.",opus_opensubtitles_tr
Jennings.,"Zavallı, yiğit delikanlı.",opus_opensubtitles_tr
"Onu uyarmıştım, değil mi Clipton?","Bakın, efendim, fazla vaktimiz yok.",opus_opensubtitles_tr
Konuşurken sizi biraz temizleyeceğim.,Size söyleyeceklerim var.,opus_opensubtitles_tr
Az önce Saito ile konuştum.,O adam karşılaştığım en kötü kumandan.,opus_opensubtitles_tr
"Daha doğrusu, o bir çılgın.",Devam et.,opus_opensubtitles_tr
Şantaj!,"Biliyorum, efendim, ama o çok ciddi.",opus_opensubtitles_tr
Bundan eminim.,"Bu bir cüret meselesi, bu kadar basit.",opus_opensubtitles_tr
Ve vazgeçemiyor.,Bu yine de bir şantaj.,opus_opensubtitles_tr
"Efendim, bundan daha fazlasına dayanamazsınız.",Subaylarınızın o delikte boğulmaktansa çalışmaları daha iyi olmaz mı?,opus_opensubtitles_tr
Adamlar iyi iş yapıyorlar.,Cesaret edebildikleri kadar yavaş gidiyorlar.,opus_opensubtitles_tr
Ama Saito yemeklerinden kesti ve eğer hastaları çalıştırırsa...,"Şey, ölürler.",opus_opensubtitles_tr
Doğrusu bu.,"Evet, Clipton, anlıyorum.",opus_opensubtitles_tr
Gerçekten.,Ama görmüyor musun?,opus_opensubtitles_tr
Bu bir prensip meselesi.,"Eğer şimdi pes edersek, bunun sonu gelmez.",opus_opensubtitles_tr
Hayır.,"Efendim, koca bir ormanın içindeyiz, her yerden binlerce kilometre uzakta.",opus_opensubtitles_tr
Kararından asla vazgeçmeyecek bir adamın hükmü altındayız.,Prensip!,opus_opensubtitles_tr
Bize neler olduğunu ne bilecekler ne de umursayacaklar.,"Pes edin, efendim.",opus_opensubtitles_tr
Lütfen!,Kararım kesindir.,opus_opensubtitles_tr
Taburumdan hiçbir subayın hamal gibi çalışmasına izin vermeyeceğim.,- Vakit doldu.,opus_opensubtitles_tr
- Pekala.,Beni düşünenlere teşekkür et lütfen.,opus_opensubtitles_tr
Hastanedeki herkesin birer parça katkısı oldu.,Reynolds hindistancevizini çaldı.,opus_opensubtitles_tr
Size arasıra yiyecek getirebileceğiz.,Gardiyanlardan birine rüşvet verdik.,opus_opensubtitles_tr
"Hoşçakalın, efendim.",Ve iyi şanslar.,opus_opensubtitles_tr
Çok teşekkürler.,O Amerikalı öldürüldü mü demiştin?,opus_opensubtitles_tr
"Evet, efendim.",Vuruldu ve boğuldu.,opus_opensubtitles_tr
Kaçmayı planlamak delilik.,"Üç adam öldü, peki ne uğruna?",opus_opensubtitles_tr
Vakit!,İşte bundan galip çıkmalıyız.,opus_opensubtitles_tr
"Doktor bize bakıp, kafasını salladı.",Bu ne anlama geliyorsa.,opus_opensubtitles_tr
"Sadece bir anlama geliyor, albay pes etmeyecek.",Eeee?,opus_opensubtitles_tr
Şöyle.,Albay Nicholson pes etmeyecek.,opus_opensubtitles_tr
Prensip meselesi.,"Bir tıp adamı ve subay olarak, gördüğü muameleyi kınıyorum.",opus_opensubtitles_tr
Hala hayatta olması bir mucize.,"Acı bir olay olursa, bu cinayet anlamına gelir.",opus_opensubtitles_tr
Sorumlusu kendisidir.,Ben değilim.,opus_opensubtitles_tr
Hasta mısınız?,İkisi de mi çılgın?,opus_opensubtitles_tr
Yoksa ben mi çıldırıyorum?,Yoksa güneşin etkisi mi?,opus_opensubtitles_tr
Dikkat!,"Tabur, dikkat.",opus_opensubtitles_tr
İngiliz mahkumlar.,Şunu soruyorum sizlere köprü yapımında neden ilerleme yok?,opus_opensubtitles_tr
"Nedenini biliyorsunuz, subaylarınız tembel de ondan!",Kendilerini yükünüzü paylaşmaya layık görmüyorlar.,opus_opensubtitles_tr
Bu adil değil.,"Bu yüzden, işinizi severek yapmıyorsunuz.",opus_opensubtitles_tr
"Bu yüzden, köprü işinde ilerleme kaydedilmiyor.",Ama başka bir nedeni daha var.,opus_opensubtitles_tr
Gerçeği saklamıyorum.,"Utanarak ve üzülerek kabul etmeliyim ki bu, Japon ekibinden birinin başarısızlığıdır.",opus_opensubtitles_tr
Teğmen Miura'yı kastediyorum.,Kendisi kötü bir mühendistir.,opus_opensubtitles_tr
Emir vermekten aciz biridir.,"Bu yüzden, onu görevinden aldım.",opus_opensubtitles_tr
Yarın tekrar başlayacağız.,Çalışmayı bizzat yöneteceğim.,opus_opensubtitles_tr
Bugün dinleniyoruz.,Hiç durmadan çalışan bir kişi sersemler ve sıkıcı biri olur!,opus_opensubtitles_tr
"Göstereceğiniz çabadan ötürü, saygı simgesi olarak hepinize hediyeler vereceğim.",İşimizi seve seve yapalım.,opus_opensubtitles_tr
"Bölük, dağılabilirsiniz.","Tabur, dağılabilirsiniz.",opus_opensubtitles_tr
"Hey, şuna bir bakın.",Kızılay!,opus_opensubtitles_tr
Bize kendi...,"Hey, bize kendi Kızılay çantalarımızı vermiş.",opus_opensubtitles_tr
"""Yarın tekrar başlıyoruz.""","Hey, Harry, bak!",opus_opensubtitles_tr
İhtiyarı dışarı çıkarıyorlar.,Herhalde yine dövecekler.,opus_opensubtitles_tr
"İyi akşamlar, albay.",Oturmaz mısınız?,opus_opensubtitles_tr
Geç bir akşam yemeği yiyorum.,İngiliz bifteği.,opus_opensubtitles_tr
"Hayır, teşekkür ederim.",İskoç malı.,opus_opensubtitles_tr
Sake'ye tercih ederim.,"Londra'da üç yıl kaldım, biliyor musunuz?",opus_opensubtitles_tr
Londra Sanat Üniversitesi'nde okudum.,Şerefe!,opus_opensubtitles_tr
Özür dilerim.,"Daha sonra belki, ha?",opus_opensubtitles_tr
Belki.,İyi bir sanatçı değildim.,opus_opensubtitles_tr
Babam istemiyordu.,Ona göre ben orduya aitmişim.,opus_opensubtitles_tr
O yüzden sanattan mühendisliğe geçtim.,"Şunu söylemeliyim, Albay Saito:",opus_opensubtitles_tr
Faaliyetlerinizle ilgili tam bir rapor verme düşüncesindeyim.,Mevkiimi tam olarak anladığınızı sanmıyorum.,opus_opensubtitles_tr
- Emirleri uygulamak zorundayım.,"- Oh, tabii, tabii.",opus_opensubtitles_tr
"İşim, köprüyü 12 Mayıs'a kadar bitirmek.",- Sadece 12 haftam kaldı.,opus_opensubtitles_tr
- Hiç şüphesiz.,"Bu yüzden, elimizdeki tüm personeli kullanmak zorundayım.",opus_opensubtitles_tr
"Subaylar olmaz, yönetim işleri dışında.",Fakat koca tren yolu boyunca çalışan subaylar var.,opus_opensubtitles_tr
"Bunu siz de biliyorsunuz, ben de.",Diğer subaylardan ben sorumlu değilim.,opus_opensubtitles_tr
"Şahsen, şaşırdım.",Öfkelenmeyelim.,opus_opensubtitles_tr
Puro ister misiniz?,Hayır.,opus_opensubtitles_tr
Teşekkür ederim.,"Tüm subaylar çalışmak zorunda derken elbette, sizi, bir kumandanı kastetmedim.",opus_opensubtitles_tr
Talimatlarım sadece diğer subaylar için...,Hiçbir subay ağır işte çalışmayacak.,opus_opensubtitles_tr
Lütfen!,Şunu söyleyecektim:,opus_opensubtitles_tr
Meseleyi baştan düşündüm ve şuna karar verdim.,Binbaşı ve üstsubayları yönetimde çalıştırıp sadece astsubayları ağır işlerde çalıştıracağım.,opus_opensubtitles_tr
Hayır.,Anlaşma bunu açıkça belirtiyor.,opus_opensubtitles_tr
Köprü zamanında bitmezse bana ne olacağını biliyor musunuz?,Hiçbir fikrim yok.,opus_opensubtitles_tr
Kendimi öldürmek zorunda kalacağım.,Benim yerimde olsanız ne yapardınız?,opus_opensubtitles_tr
"Sanırım, yerinizde olsam kendimi öldürmek zorunda kalırdım.",Şerefe.,opus_opensubtitles_tr
"Sizi uyarıyorum, albay ben öleceksem, başkaları benden daha önce ölecek.",Anlıyor musunuz?,opus_opensubtitles_tr
Clipton bundan bahsetti.,"Bu, sorununuzu çözmez.",opus_opensubtitles_tr
Eminim uygun bir çözüme varabiliriz.,"Lütfen, oturun.",opus_opensubtitles_tr
Şimdi.,"Söyleyin, albay sizce de bir subayın başlıca görevi, emir vermek değil midir?",opus_opensubtitles_tr
- Elbette.,- Güzel.,opus_opensubtitles_tr
Şimdi.,Şu köprünüzü ele alın.,opus_opensubtitles_tr
Muazzam bir girişim.,"Açıkça söylemek gerekirse, şu sizin teğmenin, adı neydi...",opus_opensubtitles_tr
Miura.,...böylesine önemli bir görevin üstesinden gelebileceğine şüpheliyim.,opus_opensubtitles_tr
"Diğer taraftan, bizde öyle subaylar var ki, örneğin Reeves ve Hughes bunlar Hindistan'da birçok köprü inşa etmişlerdir.",Askerler onları sayarlar.,opus_opensubtitles_tr
Bir subay için bu tür bir saygı esastır.,"Bunu yitirirse, komutanlığı sona erer.",opus_opensubtitles_tr
Sonra ne olur?,Moral bozukluğu ve kaos.,opus_opensubtitles_tr
Buna izin verirsem zavallı bir kumandam olurum.,Köprünün artık benim kumandam altında olduğunu belki de bilmiyorsunuzdur.,opus_opensubtitles_tr
Öyle mi?,"Peki, işten memnun olup olmadığınızı sorabilir miyim?",opus_opensubtitles_tr
- Memnun değilim!,- Üzerine bastınız.,opus_opensubtitles_tr
İngilizlerden nefret ediyorum!,Yenildiniz fakat utanç duymuyorsunuz.,opus_opensubtitles_tr
İnatçısınız fakat gururlu değilsiniz.,Dayanma gücünüz var ama cesaretiniz yok.,opus_opensubtitles_tr
İngilizlerden nefret ediyorum!,Bunu sürdürmenin bir anlamı yok.,opus_opensubtitles_tr
Durun!,Yerinizde kalın.,opus_opensubtitles_tr
Yerinizde kalın!,"Tabur, dikkat!",opus_opensubtitles_tr
"Tabur, rahat.",Lütfen...,opus_opensubtitles_tr
"Bugünün tarihi nedir, albay, biliyor musunuz?",Takip edemedim.,opus_opensubtitles_tr
1905'deki muhteşem Rusya zaferimizin yıldönümü.,Tüm Doğu Asya'da bu tarihi kutluyoruz.,opus_opensubtitles_tr
Bu olayın şerefine birliklerinize bir gün dinlenme izni veriyorum.,Çok teşekkürler.,opus_opensubtitles_tr
Bir genel af ilan ediyorum.,Siz ve subaylarınız kışlalarınıza dönebilirsiniz.,opus_opensubtitles_tr
Bu affın bir parçası olarak da subayların ağır işçilik yapmalarına gerek kalmamıştır.,Başardı!,opus_opensubtitles_tr
"Birisi madalyayı hak ediyor, efendim.",Ekibinizde kaç adamınız var?,opus_opensubtitles_tr
"Tam olarak bilmiyorum, efendim.",- Bilmiyor musun?,opus_opensubtitles_tr
"- On iki, genelde.","Adamlardan biri bu sabah hastalandı, efendim.",opus_opensubtitles_tr
Hastaneye götürmek için üç-dört kişi gerekti.,Ve...,opus_opensubtitles_tr
"Çok ağır hastalandı, efendim.",Bir onbaşı emrinde kaç kişinin çalıştığını bilmelidir.,opus_opensubtitles_tr
"Evet, efendim.",Sinirsel bir hastalığınız mı var?,opus_opensubtitles_tr
Yüzünüzü böyle yapmayı kesin.,"Size komik gelebilir ama, bu, orduya uygun bir hareket değil.",opus_opensubtitles_tr
"Hayır, efendim.",Bu gösterilere bir son verdirmeliyiz.,opus_opensubtitles_tr
- Subay Reeves?,"- Evet, efendim?",opus_opensubtitles_tr
Kwai gibi akıntılı bir nehir üzerine hiç köprü inşa ettiniz mi?,"Evet, efendim, Madras'da yarım düzine kadar, Bengal'de...",opus_opensubtitles_tr
Bu köprü sizin olsaydı altından nasıl kalkardınız?,"Altından nasıl mı kalkardım, efendim?",opus_opensubtitles_tr
"İlk olarak, ben buraya inşa etmezdim.","Oh, neden?",opus_opensubtitles_tr
Söylemeye çalıştığım şu ki Japonlar daha kötü bir yer seçemezlerdi.,Şu kazıkları görüyor musunuz?,opus_opensubtitles_tr
Batıyorlar.,Bu kütüklerden sonsuza dek taşısak bile tutmazlar.,opus_opensubtitles_tr
Siz nereye inşa ederdiniz?,"Daha aşağı tarafa, efendim.",opus_opensubtitles_tr
Dar boğazın iki tarafına.,"O konumda, iki kıyıda sert kayalar olur.",opus_opensubtitles_tr
"Hughes, bu sizin köprünüz olsaydı, adamlarınızı ne şekilde kullanırdınız?",Şimdiki gibi değil.,opus_opensubtitles_tr
"Bu yöntem, gördüğünüz gibi, bir kargaşa.",Koordinasyonsuz bir çalışma.,opus_opensubtitles_tr
Takım çalışması yok.,Bazı gruplar birbirleri aleyhinde çalışıyorlar.,opus_opensubtitles_tr
Evet.,"Bakın baylar, elimizde bir sorunumuz var.",opus_opensubtitles_tr
"Japonlar sayesinde, bir güruha kumanda ediyoruz.","Ne talimat var, ne de disiplin.",opus_opensubtitles_tr
- Vazifemiz taburu baştan kurmaktır.,"- Evet, efendim.",opus_opensubtitles_tr
Ki bu hiç kolay olmayacak.,"Neyse ki, araçlarımız hazır.",opus_opensubtitles_tr
Köprü.,"- Köprü mü, efendim?",opus_opensubtitles_tr
- Köprü.,"Batılıların nasıl çalıştıklarını gösterip, onları utandıracağız.",opus_opensubtitles_tr
Bir İngiliz askerinin neler yapabileceğini göstereceğiz.,Evet.,opus_opensubtitles_tr
"Anlıyorum, efendim.",İhtiyaçlarınızın elinizin altında olmadığı bu yerde zorluklarla karşılaşacağınızı biliyorum.,opus_opensubtitles_tr
- İşte mücadeleniz.,"- Anlayamadım, efendim.",opus_opensubtitles_tr
Köprüyü gerçekten inşa etmelerini mi istiyorsunuz?,Genelde bu kadar yavaş anlamazdın.,opus_opensubtitles_tr
Adamlarımızı tanıyorum.,Onları meşgul edecek birşeyler gerek.,opus_opensubtitles_tr
"Hiç iş olmasaydı bile, yaratırdık.","- Yapardık, efendim.",opus_opensubtitles_tr
- Yani şanslıyız.,Fakat esaslı bir köprü olacak.,opus_opensubtitles_tr
Çünkü adamlarımı tanıyorum.,Yaptıkları işten gurur duymaları esastır.,opus_opensubtitles_tr
"- Değil mi, beyler?","- Evet, efendim.",opus_opensubtitles_tr
"Reeves, bir mühendis olarak yetkili kişi sensin.","Nelere ihtiyacın olduğunu söyle, temin edelim.",opus_opensubtitles_tr
Başarabilecek miyiz?,"- Elimizden geleni yapacağız, efendim.",opus_opensubtitles_tr
- Güzel.,Planları çizdikten sonra Saito ile toplantı ayarlayıp onu yola sokmalıyız.,opus_opensubtitles_tr
"Bu, tüm formaliteleri kapsıyor.","Oh, evet.",opus_opensubtitles_tr
"Sırada, korkarım hoşunuza gitmeyecek bir mevzu var.","Üzgünüm ama, köprünün konumu hem aceleyle hem de yanlış tayin edilmiş.",opus_opensubtitles_tr
Yanlış mı?,"Maalesef, öyle.",opus_opensubtitles_tr
Mühendisimiz bölgeyi inceledi ve oradaki nehir tabanının çok yumuşak olduğuna karar verdi.,Çok mu yumuşak?,opus_opensubtitles_tr
Çamur!,Tüm çalışmalar boşuna gitmiş.,opus_opensubtitles_tr
"- Reeves, devam edebilir misin?","- Evet, efendim.",opus_opensubtitles_tr
"- Reeves, devam edebilir misin?","- Evet, efendim.",opus_opensubtitles_tr
Temel kazıklar köprüyü taşıyabilmek için su seviyesinin altına çakılmalıydı.,Bu haliyle üzerinden geçecek ilk trenle yıkılacaktır.,opus_opensubtitles_tr
Basınç ve toprak direnci için 6.5 cm kare başına tonlar düşüyor.,"Reeves, detaylara geçmeden...",opus_opensubtitles_tr
"Albay, birer fincan çay alabilir miyiz?","Sanırım hepimiz, olası bir felaketten kaçınmak için, nehrin 400 m.",opus_opensubtitles_tr
"Daha aşağısında, Reeves'in seçtiği yerde yeni bir köprü yapımı için hemfikiriz.",Diğer konuya geçelim.,opus_opensubtitles_tr
Diğer konuya geçelim.,Adamlarımızın iş kotalarını değiştirmeye karar verdim.,opus_opensubtitles_tr
- Değiştirmek mi?,- Arttırdım.,opus_opensubtitles_tr
1.5 metreden 2 m.' ye çıkardım.,Eminim tasvip edersiniz.,opus_opensubtitles_tr
Tüm detaylar Hughes'de mevcut.,Devam eder misin?,opus_opensubtitles_tr
Tüm projeyi detaylı bir şekilde inceledim.,"Bakın, mevcut kuvvetler kötü bir şekilde dağıtılmışlar.",opus_opensubtitles_tr
"Çalışan ekiplerin düzenini gözden geçirip, düzeltmek istiyorum.",Bir dakika.,opus_opensubtitles_tr
"Albay, işimize yemek yerken devam edersek zaman kazanmış oluruz.",Burada yemek mümkün olabilir mi?,opus_opensubtitles_tr
Tabii ki.,- Devam edin.,opus_opensubtitles_tr
"- Peki, efendim.","Ekipleri çoğaltıp, vazifelerini uzmanlık alanlarına göre saptarsak eminim ki günlük randıman 30% civarında artış gösterecektir.",opus_opensubtitles_tr
"Şimdi, Albay Saito, bir mevzu daha var...","Şimdi, alınması gereken bir önemli karar daha var ki ertelenemez.",opus_opensubtitles_tr
İngilizler köprü üzerinde çalışacaklarına göre tren yolu işi için elimizde çok az kişi kalacak.,"Trenyolu ekibine takviye olarak, sizden adamlarınızın bazılarını ödünç istemek zorundayım ki, hattın son bölümü de çabuk tamamlansın.",opus_opensubtitles_tr
Ben talimatımı verdim.,Adamlarınız için günlük iş kotası tayin etmeliyiz.,opus_opensubtitles_tr
Aşırı yorulmamaları için 1.5 m.,Olarak düşünmüştüm ama bizimkilerle aynı oranda olması daha iyi olmaz mı?,opus_opensubtitles_tr
Böylece sağlıklı bir rekabet ortamı da doğmuş olur.,Ben talimatımı verdim.,opus_opensubtitles_tr
"Bunun üstesinden gelmeye çalışırız, değil mi Hughes?",Sanırım gündemimizdekiler bu gecelik bu kadar.,opus_opensubtitles_tr
"İlginize teşekkürler, Albay Saito.",Başka sorusu olan var mı?,opus_opensubtitles_tr
Bir soru:,Köprüyü zamanında bitirebilir misiniz?,opus_opensubtitles_tr
"Açıkça, bu konudaki fikir birliğimiz bunun mümkün olmadığı doğrultusunda.",Ama kesinlikle deneyeceğiz.,opus_opensubtitles_tr
Talihsiz bir anlaşmazlıktan ötürü bir ay kaybettiğimizi unutmayınız ki bunun sorumlusu ben değildim.,Başka birşey?,opus_opensubtitles_tr
Hayır.,Teşekkür ederim.,opus_opensubtitles_tr
Toplantı bitmiştir.,- İyi geceler.,opus_opensubtitles_tr
- İyi geceler.,Umarım Japonlar onlar için yaptıklarımızı takdir ederler.,opus_opensubtitles_tr
Şu an için takdirleri beni ilgilendirmiyor.,"- İyi geceler, Clipton.",opus_opensubtitles_tr
"- İyi geceler, efendim.","Bu arada, şunu söylemeliyim ki burada karaağaca benzer ağaçlar var.",opus_opensubtitles_tr
Ve de Londra Köprüsünün karaağaç kazıkları 600 yıldır dayanıyor.,"- 600 yıl mı, Reeves?",opus_opensubtitles_tr
"- Evet, efendim.",Altıyüz yıl.,opus_opensubtitles_tr
Bu herkese nasip olmaz.,LAVINIA TEPESİ HASTANESİ SEYLAN,opus_opensubtitles_tr
Kumandan Shears adında bir Amerikalıyı arıyorum.,"- Evet, aşağıdaki plajda.",opus_opensubtitles_tr
"- Oh, çok teşekkürler.",Öpücük!,opus_opensubtitles_tr
Etrafta çok göz var.,Etrafta çok göz var.,opus_opensubtitles_tr
"Pudra ve hap verip, banyo yaptırıp, iğne ve lavman yapıyorsun ama...",Benim tek isteğim aşk.,opus_opensubtitles_tr
Doğru.,Tek isteğin aşk.,opus_opensubtitles_tr
Rapor alabileceğinden nasıl bu kadar emin olabiliyorsun?,"Çünkü ben aslında bir sivilim, sevgilim.",opus_opensubtitles_tr
Ve hep kalbimin sesini dinlerim.,Öpücük.,opus_opensubtitles_tr
"Bu nasıldı, kumandan?",Bana kumandan deme.,opus_opensubtitles_tr
Hiç romantik değil.,Sen de bir subaysın.,opus_opensubtitles_tr
Sana Teğmen Sevgilim desem hoşuna gider miydi?,Demokratik olalım.,opus_opensubtitles_tr
"Bana sadece ""efendim"" de.","Peki, efendim.",opus_opensubtitles_tr
Bir yüksek rütbeli.,Seni istiyor.,opus_opensubtitles_tr
Senin olsun.,- Ben yüzeceğim.,opus_opensubtitles_tr
- Beni bırakma!,- Kumandan Shears?,opus_opensubtitles_tr
- Evet.,Benim adım Warden.,opus_opensubtitles_tr
- Nasılsınız?,- Davetsiz geldiğim için...,opus_opensubtitles_tr
"Önemli değil, binbaşı.",Alışkınım.,opus_opensubtitles_tr
Martini alır mısınız?,Çok naziksiniz.,opus_opensubtitles_tr
Almayacağım.,Ben içebilir miyim?,opus_opensubtitles_tr
Bunu nasıl alabildiniz?,"Hastane olan bir yerde, alkol de vardır.",opus_opensubtitles_tr
"Evet, elbette.",Çok hoş.,opus_opensubtitles_tr
"Şey, olabildiğince kısa konuşacağım.",Force 316 adında oldukça ilginç bir grubun üyesiyim.,opus_opensubtitles_tr
Karargahımız Botanik Bahçeleri'nde.,- Düşmanlardan mı koruyorsunuz?,opus_opensubtitles_tr
- Pek sayılmaz.,- İstemediğinize emin misiniz?,opus_opensubtitles_tr
"- Hayır, teşekkürler.",Üzerinde çalışmış olduğunuz tren yoluyla ilgileniyoruz.,opus_opensubtitles_tr
Bize çok değerli bilgiler verebilirsiniz.,"Şey, birkaç gün sonra Amerika'ya dönüyorum ve tüm bildiklerimi sizlere anlattım.",opus_opensubtitles_tr
Ama bize oldukça özel bir anlamda yardım edebilirsiniz.,"Çok zahmet olacak ama, gelip bizi görme imkanınız var mı acaba?",opus_opensubtitles_tr
"Aynı şeyleri dinlemek istiyorsanız, tabii.",Çok naziksiniz.,opus_opensubtitles_tr
Lord Louis size minnettar kalacak.,- Kim?,opus_opensubtitles_tr
- Tepenin efendisi.,Onun özel adamlarındanız.,opus_opensubtitles_tr
"Bu akşam diyelim mi, o halde?",8 gibi.,opus_opensubtitles_tr
Size araba yollarım.,Bu akşam mı?,opus_opensubtitles_tr
Mümkün değil.,O halde yarın sabah?,opus_opensubtitles_tr
10 gibi?,"- Tamam, 10.",opus_opensubtitles_tr
- Çok teşekkürler.,- Hoşçakalın.,opus_opensubtitles_tr
- Hoşçakalın.,İyi şanslar.,opus_opensubtitles_tr
Teşekkürler.,Çok üzgünsün ama bu akşamki randevumuza gelemeyeceksin.,opus_opensubtitles_tr
Çok yanılıyorsun.,Selam dur!,opus_opensubtitles_tr
Selam dur!,Silahlar öne!,opus_opensubtitles_tr
"- Geçiş izniniz, lütfen?","- Oh, evet.",opus_opensubtitles_tr
Binbaşı Warden'ın bungalovu yolun sonunda.,"Aferin, Jenkins.",opus_opensubtitles_tr
Aferin!,"Haydi, Thomson.",opus_opensubtitles_tr
"Bıçağını kullan, evlat.",Ayağa kalk!,opus_opensubtitles_tr
Sorgu odasına.,Ayağa kalk!,opus_opensubtitles_tr
Sorgu odasına.,"Haydi, kımıldayın!",opus_opensubtitles_tr
Seri davranın!,"Çok hantalsın, Joyce, çok hantal.",opus_opensubtitles_tr
"Bıçağını her zaman anında kullanmalısın, Joyce.","Bak, ona fırsat verdin.",opus_opensubtitles_tr
Dur bir dakika!,"Çok üzgünüm, efendim.",opus_opensubtitles_tr
- Üzgün müsünüz?,- Ben de öyle.,opus_opensubtitles_tr
- Düşman olduğunuzu sandım.,"- Amerikalıyım, bunu kastettiyseniz.",opus_opensubtitles_tr
"- Gidebilirsin, Joyce.","- Evet, efendim.",opus_opensubtitles_tr
"Üzgünüm, efendim.",- Size nasıl yardımcı olabilirim?,opus_opensubtitles_tr
- Binbaşı Warden'ı görecektim.,Size yolu göstereyim.,opus_opensubtitles_tr
Dersi bitmek üzere olmalı.,Size yolu göstereyim.,opus_opensubtitles_tr
Dersi bitmek üzere olmalı.,"- Dersinin sonu bu, efendim.",opus_opensubtitles_tr
- Gümbürtülü alkış.,"Eğitimi gerçek hayatla, olabildiğince bağdaştırmaktan yanadır.",opus_opensubtitles_tr
"- Binbaşı Warden, efendim?",- Evet?,opus_opensubtitles_tr
Geldiğinize sevindim.,- Sizinle ilgilenildi mi?,opus_opensubtitles_tr
- Oldukça.,"Teşekkürler, asker.",opus_opensubtitles_tr
Öyleyse gelin.,Albay Green sizinle tanışmaya can atıyor.,opus_opensubtitles_tr
"- Güzel bir yer, değil mi?",- Komando okulu olduğunu bilmiyordum.,opus_opensubtitles_tr
Bu kelimeyi kullanmamaya çalışırız.,Kulağa aşırı duygusal geliyor.,opus_opensubtitles_tr
Burada ne yapıyorsunuz?,"Sabotaj, yıkım, bu tür şeyler.",opus_opensubtitles_tr
"P.P. Kullanıyoruz, plastik patlayıcılar.",Harika birşey.,opus_opensubtitles_tr
Bu patlama sesi bunun yarısı büyüklüğünde bir parça ile yapıldı.,Gelignitten iki kat daha güçlü hem de yarısı ağırlığında.,opus_opensubtitles_tr
Patlatılmadığı sürece oldukça zararsızdır.,Söylediğiniz için teşekkürler.,opus_opensubtitles_tr
Tamamen suya dayanıklı ve aslında bir plastik.,Onunla istediğinizi yapabilirsiniz.,opus_opensubtitles_tr
İşte burası.,Girin.,opus_opensubtitles_tr
"Oh, bir fincan çay için can atıyorum.",- Siz de alır mıydınız?,opus_opensubtitles_tr
"- Hayır, teşekkürler.",- Bir içki?,opus_opensubtitles_tr
"- Hayır, teşekkürler.","- Bir kişilik çay lütfen, Peter.",opus_opensubtitles_tr
"- Tabii, efendim.",Bunu siz mi okuyorsunuz?,opus_opensubtitles_tr
Savaştan önce Cambridge'de Doğu dilleri okutuyordum.,Kaçışınızdan dolayı sizi tebrik etmedim.,opus_opensubtitles_tr
İyi iş becerdiniz!,"Eğer sahil kurtarma uçağınız beni fark etmeseydi, burada olamazdım.",opus_opensubtitles_tr
Herhalde.,Sizi nerede bulduklarını görmek ister misiniz?,opus_opensubtitles_tr
Pekala.,Bilgilerimiz yetersiz.,opus_opensubtitles_tr
Sadece sizin raporunuza dayanıyor.,Kampın şurada olduğunu sanıyoruz.,opus_opensubtitles_tr
Albay Nicholson'a ne olduğu hakkında bir fikriniz var mı?,Albay Nicholson'a ne olduğu hakkında bir fikriniz var mı?,opus_opensubtitles_tr
Cesur biriydi.,"Onu vurmak üzereydiler ama o, gözünü bile kırpmadı.",opus_opensubtitles_tr
"Vurulmak üzereyken, yapılacak fazla birşey yoktur.","Burası Kwai Nehri, ve şurası da size yardım edilen köy.",opus_opensubtitles_tr
"Burası Kwai Nehri, ve şurası da size yardım edilen köy.",Bu da tren hattı.,opus_opensubtitles_tr
Bu bölgeye oldukça aşina olmalısınız.,"Hayır, zamanın yarısında kendimde değildim.",opus_opensubtitles_tr
Tren hattı şurada Singapur'da başlıyor.,"Malaya Bangkok, Rangoon.",opus_opensubtitles_tr
"Amaçları, Hindistan'ın içlerine kadar ilerlemek.",- Ben nerede bulunmuştum?,opus_opensubtitles_tr
"- Oh, buralarda.","Japonlar, Bangkok-Rangoon hattını Mayıs ortalarında açmayı istiyorlar.",opus_opensubtitles_tr
Onları engellemeye çalışacağız.,Onları engellemeye çalışacağız.,opus_opensubtitles_tr
Bombacıların yük taşımaları için çok uzak.,Onu karadan parçalamamız gerekecek.,opus_opensubtitles_tr
- Nasıl?,"- Paraşütle atlayıp, sonra yürüyerek.",opus_opensubtitles_tr
Yıkıcı donatımla bu ormanın içinde mi?,En önemli sorunumuz doğrudan bilgi eksikliğimiz.,opus_opensubtitles_tr
"Çünkü, hiçbirimiz daha önce orada bulunmadık.",- Hevesinizi kırmak istemem...,opus_opensubtitles_tr
- Çok ilginç olmalı.,Albay Green Kwai köprüsünü bana verdi.,opus_opensubtitles_tr
Patlatmak için bir ekip götüreceğim.,Çok şanslısınız.,opus_opensubtitles_tr
Çay almayacağınızdan emin misiniz?,"Hayır, sağolun.",opus_opensubtitles_tr
Kabalık etmek istemem ama saat 14:00'de bir randevum var.,- Sormak istediğiniz birşey varsa...,opus_opensubtitles_tr
"- Elbette, bağışlayın.",Aslında sadece tek bir sorum var.,opus_opensubtitles_tr
Geri dönmeyi düşünür müsünüz?,Anlayamadım?,opus_opensubtitles_tr
Sizden çok şey isteniyor belki ama amacımıza erişmek için şahsi bilginize ihtiyacımız var.,Bize katılmanızı çok isteriz.,opus_opensubtitles_tr
Beni buraya bu yüzden mi getirdiniz?,Bunu sormak için mi?,opus_opensubtitles_tr
"Şey, açıkçası, evet.",Daha yeni çıktım oradan.,opus_opensubtitles_tr
Kaçışım bir mucizeydi.,Şimdi de geri dönmemi bekliyorsunuz!,opus_opensubtitles_tr
Saçmalık bu!,Bu çok utanç verici...,opus_opensubtitles_tr
Ben sizin mensubunuz değilim.,Amerikan Donanması mensubuyum.,opus_opensubtitles_tr
"Aslına bakarsanız, Albay Green bu meseleyi sizinkilerle görüştü.",- Bizimkilerle mi?,opus_opensubtitles_tr
- Donanmanız sizi bize devretti.,Dün sabah Pasifik'ten gelen bir sinyal Force 316'daki göreviniz için geçici transferinize izni verdi.,opus_opensubtitles_tr
- Bunu yapamazlar!,- Korkarım yaptılar bile.,opus_opensubtitles_tr
Size nasıl söyleyeceğimi bilmiyordum.,Bunu bana yapamazlar.,opus_opensubtitles_tr
Çok ciddiyim.,Donanmam bir hata yapmış!,opus_opensubtitles_tr
Bakın.,Ben Donanma kumandanı değilim.,opus_opensubtitles_tr
Bir subay bile değilim.,Bunların hepsi yalan.,opus_opensubtitles_tr
"Ben sadece sıradan bir temizlikçiyim, 2. sınıf.","Houston battığında, kıyıya gerçek bir kumandanla beraber çıktık.",opus_opensubtitles_tr
Bir Japon devriyesine yakalandık.,O öldürüldü.,opus_opensubtitles_tr
Benim de yakalanmam an meselesiydi...,Siz de ölünün kıyafetlerini giydiniz.,opus_opensubtitles_tr
Siz de ölünün kıyafetlerini giydiniz.,Subayların esir kamplarında daha iyi muamele göreceklerini sanmıştım.,opus_opensubtitles_tr
"Ama Saito, subayları da diğerleri gibi çalıştırdı.","Beklenmedik şeyler hep olur, değil mi?",opus_opensubtitles_tr
"Subay olmaya alışmaya başlamıştım ve hastaneye getirildiğimde önce erlerin, sonra da subayların koğuşuna bir göz attım ve kendi kendime dedim ki, "" Bir süre için subay olmaktan birşey çıkmaz.""",Bazı avantajları vardı.,opus_opensubtitles_tr
Bir tanesine plajda şahit oldum.,Bütün hikaye bu.,opus_opensubtitles_tr
"Kısacası, beni kullanamazsınız.",Sizin istediğiniz bir Amerikan Kumandanı olan Shears;,opus_opensubtitles_tr
ki o artık hayatta değil.,"Donanma gerçeği öğrendiğinde, diyecek ki:",opus_opensubtitles_tr
"""Bir subayın kimliğine büründüğü için onu buraya gönderin.""","- İşte o zaman, başarmış olacağım.",opus_opensubtitles_tr
- Ne olacaksınız?,Başarmış!,opus_opensubtitles_tr
Bir içki alabilirim şimdi.,Sağlık nedeniyle rapor isteyeceğim.,opus_opensubtitles_tr
Ormanda aklımı kaçırdığım için bir subayın yerine geçtiğimi söyleyeceğim.,Daha da kötüye gidiyorum.,opus_opensubtitles_tr
Bazen kendimi Amiral Halsey sanıyorum.,Çok akıllıca bir plan.,opus_opensubtitles_tr
"Akıllıca demek yetmez, dört dörtlük.","Donanmam benim kim olduğumu öğrenirse o talimatların, üzerine yazılan kağıtlar kadar bile değeri kalmaz.",opus_opensubtitles_tr
GİZLİ,"Bu fotoğraf sizin, değil mi?",opus_opensubtitles_tr
- Bunu nereden aldınız?,- Sizinkiler sizi teşhis edemedikleri için biraz zor oldu.,opus_opensubtitles_tr
Sonunda donanmanız sicil dosyanızın bir kopyasını bize gönderdi.,"Fotoğraf, parmak izleri.",opus_opensubtitles_tr
Bakmak ister misiniz?,Gerçek mevkiinizi yaklaşık bir haftadan beri biliyoruz.,opus_opensubtitles_tr
Donanmanız zor bir durumda.,"Evet, o ormandan kaçmayı başarabildiğiniz için bir kahramansınız.",opus_opensubtitles_tr
"Ama, bir subay kimliğine büründüğünüz için size madalya da veremezler.",Sanırım bu yüzden sizi bize devretmekten çok mutlu oldular.,opus_opensubtitles_tr
Anlıyor musunuz?,Fırlatılıp atıldım.,opus_opensubtitles_tr
"Mevkiinize gelince biz, Force 316 mensupları bu konuda pek resmi değilizdir.",Bir binbaşı taklidi yapabilirsiniz.,opus_opensubtitles_tr
Bir binbaşı taklidi.,Olabilir.,opus_opensubtitles_tr
Şey...,"Madem ki buraya çakıldım kaldım, bari gönüllü olayım.",opus_opensubtitles_tr
"Madem ki buraya çakıldım kaldım, bari gönüllü olayım.",Çok güzel!,opus_opensubtitles_tr
"Oh, Albay Green, efendim.","Binbaşı Shears, bana köprüyü uçurmaya yardımcı olmaya gönüllü oldu.",opus_opensubtitles_tr
Öyle mi?,Çok güzel!,opus_opensubtitles_tr
"Çok çok güzel, binbaşı!",Hasta koyuna git.,opus_opensubtitles_tr
Ayağın mikrop kapmış.,Albay hasta numarası yaptığımı zannedecek.,opus_opensubtitles_tr
Sağlık yetkilisi benim.,Acele et!,opus_opensubtitles_tr
Neden esaslı bir köprü yapmak istiyor ki?,Yaşlı Nick için endişelenme.,opus_opensubtitles_tr
"O, ne yaptığını iyi bilir.","Merhaba, Clipton.",opus_opensubtitles_tr
Uzun zamandır görünmüyorsun.,Çocuklar iyi iş çıkarıyorlar.,opus_opensubtitles_tr
Evet.,Nasıl davranıyor?,opus_opensubtitles_tr
Görevi üstlendiğimizden beri çok mantıklı biri oldu.,- Ne düşünüyor?,opus_opensubtitles_tr
- Hiçbir fikrim yok.,"- Teşekkürler, Reeves.",opus_opensubtitles_tr
"- Rica ederim, efendim.",Ne düşünüyorsun?,opus_opensubtitles_tr
"Zorlu bir iş, değil mi?",Bu köprüyü inşa etmenin iyi bir fikir olduğuna inanıyor musunuz?,opus_opensubtitles_tr
- Ciddi misin?,"- Evet, efendim.",opus_opensubtitles_tr
İyi fikir mi?,Bir daha bak.,opus_opensubtitles_tr
Sence moralleri yükselmedi mi?,Disiplin yeniden ele alınmadı mı?,opus_opensubtitles_tr
Sağlık durumları düzelmedi mi?,"Daha mutlular, değiller mi?",opus_opensubtitles_tr
Daha iyi besleniyor ve artık işkence görmüyorlar.,"Doğrusu, Clipton, bazen seni hiç anlayamıyorum.",opus_opensubtitles_tr
Daha açık konuşayım.,"Şu var ki, yaptığımız şey, bağışlayın ama efendim düşmanla işbirliği olarak yorumlanabilir.",opus_opensubtitles_tr
Hatta vatana ihanet.,Biz savaş mahkumlarıyız.,opus_opensubtitles_tr
Çalışmayı reddetmek hakkına sahip değiliz.,"Bunu anlıyorum, efendim.",opus_opensubtitles_tr
Ama bu kadar mı iyi çalışmalıyız?,Kendi yapacaklarından daha iyisini mi yapmak zorundayız?,opus_opensubtitles_tr
"Saito'yu ameliyat etsen, elinden geleni mi yapar, ölümemi bırakırdın?",İşsizlik içinde bölünmemizi mi tercih ediyorsun?,opus_opensubtitles_tr
Ya da düzgün bir iş yapamadığımızın söylenmesini mi?,Bizi ne fiziksel ne de ruhsal anlamda etkiliyemiyeceklerini göstermeliyiz.,opus_opensubtitles_tr
"İyi bak, Clipton.",Bir gün savaş bitecek.,opus_opensubtitles_tr
"Ümit ediyorum ki, ileri yıllarda bu köprüden geçenler buranın nasıl ve kimler tarafından yapıldığını hatırlayacaklardır.","Esirler değil, askerler tarafından.",opus_opensubtitles_tr
"İngiliz askerleri, esarette bile.","- Evet, efendim.",opus_opensubtitles_tr
- İyi bir doktorsun fakat ordu hakkında öğrenmen gereken çok şey var.,Tut onu!,opus_opensubtitles_tr
Tut onu!,Botunu kullan!,opus_opensubtitles_tr
"Botunu oraya koy, tamam mı?",Günaydın!,opus_opensubtitles_tr
SHEARS,Nereye bakıyorsunuz öyle?,opus_opensubtitles_tr
Onu botunla yakala!,"Geciktiğim için üzgünüm, efendim.",opus_opensubtitles_tr
Tam olarak dört dakika.,Sağlık sorunlarınız mı vardı?,opus_opensubtitles_tr
- Efendim?,- Hemşireyi kastediyorum.,opus_opensubtitles_tr
Çok hünerli.,Warden haklıymış.,opus_opensubtitles_tr
Oturun.,"Sizi, ekibinizin 4. üyesini seçmemize yardımcı olmanız için çağırdım.",opus_opensubtitles_tr
- Bay Joyce'u içeri çağırın.,"- Evet, efendim.",opus_opensubtitles_tr
"Chapman, Joyce'u istiyor, ama ben emin değilim.",Hesaplamaktansa tahmin yapmayı sever.,opus_opensubtitles_tr
"Söylediğim gibi bu işte, iş bittikten sonra bile, hep yapılacak bir iş daha vardır.",Okuldaki en iyi yüzücümüz odur.,opus_opensubtitles_tr
Sizin düşüncenizi gayet iyi biliyorum.,Shears'in görüşünü almak istiyorum.,opus_opensubtitles_tr
"Pekala, rahat.",Bu beyler seni ormanda bir yürüyüşe çıkarmak istiyorlar.,opus_opensubtitles_tr
"Evet, efendim.",Montreal'de bir muhasebeci miydin?,opus_opensubtitles_tr
"Evet, efendim.",Pek muhasebeci sayılmaz.,opus_opensubtitles_tr
"Çünkü, belgem yoktu.",Tam olarak ne yapıyordun?,opus_opensubtitles_tr
"Şey, efendim, benden önce kontrolden geçmiş ve benden sonra kontrolden geçecek olan çizelgeleri kontrol ediyordum.",- Çok can sıkıcı olmalı.,opus_opensubtitles_tr
"- Evet, efendim, öyleydi.",Buraya nasıl geldin?,opus_opensubtitles_tr
"Askere yazılmak için '39'da Londra'ya geldim, sonra da bu işe gönüllü oldum.","- Gönüllü, ha!",opus_opensubtitles_tr
"- Evet, efendim.","Bakın, normal Ordu...",opus_opensubtitles_tr
"Devam et, açık konuşabilirsin.","Şey, normal ordu bana sivil hayatımdaki işimi hatırlattı.",opus_opensubtitles_tr
Kafa çalıştırmanız beklenmiyor.,Şunu düşün.,opus_opensubtitles_tr
Bunu soğukkanlılıkla kullanabileceğinden emin misin?,Nasıl kullanılacağını biliyorum.,opus_opensubtitles_tr
Sorduğum şey bu değildi.,Soğukkanlılıkla kullanabilir misin?,opus_opensubtitles_tr
Tereddüt etmeden öldürebilir misin?,Bu soruyu kendime sormuştum.,opus_opensubtitles_tr
Beni oldukça endişelendiriyordu.,Peki cevabın neydi?,opus_opensubtitles_tr
"Gerçekten bilemiyorum, efendim.",Kendimi o şekilde hayal etmeye...,opus_opensubtitles_tr
Öldürmenin bir suç olmadığını kendime anlatmakta güçlük çekiyorum galiba.,"Bu, eski bir ordu problemidir.",opus_opensubtitles_tr
"Pekala, sanırım hepsi bu kadar.","Teşekkür ederim, Joyce.",opus_opensubtitles_tr
Ekiple gidecek miyim?,Sana bildireceğiz.,opus_opensubtitles_tr
Demek istediğim buydu.,En azından dürüsttü.,opus_opensubtitles_tr
"O an gelene kadar, bu sorunun cevabını hiçbirimiz bilemeyiz.","Görüşün nedir, Shears?",opus_opensubtitles_tr
"Şey, o bir Kanadalı.",Bu da ekibimizin uluslararası oluşumuna uyuyor.,opus_opensubtitles_tr
"Eğer gitmek istiyorsa, benim yerimi bile alabilir!","Pekala, eğer hepiniz Joyce için aynı fikirdeyseniz, artık sizindir.",opus_opensubtitles_tr
Elimde köy hakkında keşif uçağı raporu var.,Akşam karanlığında atlamanıza yetecek kadar açıklık var.,opus_opensubtitles_tr
- Paraşüt eğitimi almış mıydınız?,"- Hayır, efendim.",opus_opensubtitles_tr
Kahretsin!,Bu çok kötü.,opus_opensubtitles_tr
Tuhaf ama hiç başıma gelmemişti!,"Şey, o halde...",opus_opensubtitles_tr
Haklı.,Ona atlama tatbikatı ayarlansın.,opus_opensubtitles_tr
Hemen gidip bakayım.,"- Pekala, Chapman, gidebilirsin.",opus_opensubtitles_tr
"- Evet, efendim.",Hava kokusu almaya hazır mısın?,opus_opensubtitles_tr
"Evet, efendim.",Ne kadar önemli biri olduğunu anlamıyorsun.,opus_opensubtitles_tr
"Bölge hakkındaki malumatın, köyde edindiğin dostların.",Sanki bizi düşünerek oradan kaçmayı planlamışsın gibi.,opus_opensubtitles_tr
"Bu arada, işte ilgini çekecek birşey.","Yeni ""Ö"" hapı.",opus_opensubtitles_tr
- Ö hapı mı?,- Öldürücünün Ö'sü.,opus_opensubtitles_tr
"Anında, acısız.",Eskilerinden çok daha iyi.,opus_opensubtitles_tr
"Yakalanırsan diye, tabii ki.",Yani canlı olarak yakalanmamamı söylüyorsunuz.,opus_opensubtitles_tr
Bunu tavsiye etmem.,İçinizden biri yaralanırsa onu bırakmak zorundasınız.,opus_opensubtitles_tr
Amacımıza ulaşmak başta gelmeli.,Gerçek görüşümü duymak ister misiniz?,opus_opensubtitles_tr
Onların önünde söylemek istemedim.,"Anlıyorum, devam et.",opus_opensubtitles_tr
Chapman idare eder.,Çok soğukkanlı biri.,opus_opensubtitles_tr
Joyce...,O da idare eder.,opus_opensubtitles_tr
- Ama Warden'ı bilemiyorum.,- Oh?,opus_opensubtitles_tr
Neden?,Cambridge'de öğretmenlik vesaire.,opus_opensubtitles_tr
Bir çocuğun çatapatlarla oynaması gibi patlayıcalra oynamak bir yana...,"Tecrübesiz biri değil, biliyorsunuz.",opus_opensubtitles_tr
"Singapur çöktüğü zaman, o geride kalarak iki köprü patlattı.",Japonlar onu yakalamadan önce daha pek çok iş başardı.,opus_opensubtitles_tr
- İlginç bir hikaye.,O...,opus_opensubtitles_tr
"- Efendim, çok üzücü.","Zaman açısından, tatbiki atlayışların değmeyeceğini söylüyorlar.",opus_opensubtitles_tr
Tek bir atlayışta yaralanma ihtimali 50% imiş.,"İki atlayışta, 80%.",opus_opensubtitles_tr
"Üç atlayışta ise, ölüm ihtimali kesin gibiymiş.","Bizce, Shears'ın yapacağı en mantıklı şey gidip atlamak ve en iyi atlayışı ümit etmek.",opus_opensubtitles_tr
Paraşütlü mü paraşütsüz mü?,"Oh, çok iyiydi!",opus_opensubtitles_tr
"""Paraşütlü mü, paraşütsüz mü?""",Ağaçların arasında!,opus_opensubtitles_tr
"Yai diyor ki, Kwai'ye senin yolundan gidemeyiz.",Çok fazla Japon devriyesi varmış.,opus_opensubtitles_tr
Ormanın içinden kuzeye ilerleyeceğiz.,Çok fazla Japon devriyesi varmış.,opus_opensubtitles_tr
Ormanın içinden kuzeye ilerleyeceğiz.,- Kim rehberlik yapacak?,opus_opensubtitles_tr
- Yai.,Japonlardan nefret ediyor.,opus_opensubtitles_tr
Bütün adamlarını almışlar.,Yani elimizdeki kadınları kullanacağız.,opus_opensubtitles_tr
- Elimizdeki kadınlar!,- Becerebilirler.,opus_opensubtitles_tr
Geceyi burada geçirmenin tehlikeli olduğunu söylüyor.,5 km.,opus_opensubtitles_tr
Uzaklıkta bir düşman kampı olduğu için ormanın içinde uyumak zorundayız.,- Chapman ne olacak?,opus_opensubtitles_tr
- Yai onu ve paraşütünü gömecek.,Bir sorun mu var?,opus_opensubtitles_tr
Düşünüyordum da; sen Yai'nin dilini biliyorsun.,Bense bilmiyorum.,opus_opensubtitles_tr
"Sizi nehre o götürecek, hem de benim daha önce hiç gitmediğim bir yoldan.",Bu ekip için neden çok gerekli olduğumu söyleyebilir misiniz?,opus_opensubtitles_tr
Ne hissettiğini anlıyorum ama her zaman beklenmedik şeyler çıkabilir.,Bunu Chapman'a anlat.,opus_opensubtitles_tr
"Hayd, i gidelim!",Çok tatlısın.,opus_opensubtitles_tr
Tatlı.,İşini seve seve yap!,opus_opensubtitles_tr
"Evet, efendim.",Sülükler.,opus_opensubtitles_tr
Sülükler.,Kımıldamamanı söylüyor.,opus_opensubtitles_tr
Sırtındaki sülükleri temizleyecek.,Senin gibi bir kızın böyle bir yerde işi ne?,opus_opensubtitles_tr
Sana bunu Siyamca söylemeyi öğreteyim.,"Hayır, bu havayı bozar.",opus_opensubtitles_tr
Fazla konuşma havayı hep bozar.,O şeyin nesi var?,opus_opensubtitles_tr
Kötü bir darbe almış.,Güçlü bir sinyal alamıyorum.,opus_opensubtitles_tr
Ben söyleyeyim.,Islak ve küflü!,opus_opensubtitles_tr
Bu ormandaki herşey gibi.,Hatta çöpe atabilirsin!,opus_opensubtitles_tr
Radyo Tokyo programı sona erdi.,En cana yakın düşmanınız der ki sakin olun ve hiçbir işe gönüllü olmayın.,opus_opensubtitles_tr
"Burada kalırsak, tamamen ıslanacağız.","- Şifreyi çözdüm, efendim.",opus_opensubtitles_tr
"- Oku, haydi!","Evet, efendim. "" Bir, ilk köprü çalışması bırakılmıştır.",opus_opensubtitles_tr
Yeni inşaat ilk yerinin akıntı yönündedir.,"İki, düşman Bangkok'dan Rangoon'a askeri birlikler ve önemli kişiler taşıyacak bir tren ile tren hattını açmayı planlıyor.",opus_opensubtitles_tr
"Hedefin tahmini varış zamanı, ayın 13'ü, öğleden önce.","Üç, trenin geçişiyle eşzamanlı patlatma.",opus_opensubtitles_tr
"Dört, iyi avlar.","İyi eğlenceler."" Hepsi bu kadar.",opus_opensubtitles_tr
Bir tren ve bir köprü!,"Oraya zamanında varabilir miyiz, efendim?",opus_opensubtitles_tr
"Yai, iki-üç gün uzaklıkta olduğumuzu söylüyor.","Daha hızlı ilerlersek, 12'sinde gün batımından önce orada olabilirmişiz.",opus_opensubtitles_tr
Tren için değer.,"Oh, elbette.",opus_opensubtitles_tr
İyi bir av.,Harika bir iş.,opus_opensubtitles_tr
Çok eğlenceli.,Çok ama çok.,opus_opensubtitles_tr
"Radyoyu tamir etmeseydin, treni bilemeyecektik.","Her zaman beklenmedik bir şeyler çıkar, değil mi?",opus_opensubtitles_tr
"- 0,225 litre, efendim.",- Kinin.,opus_opensubtitles_tr
Daha sonra bitiririz.,"- Clipton, bir kriz yaşıyoruz.",opus_opensubtitles_tr
"- Evet, efendim?",Reeves ve Hughes ile konuştum.,opus_opensubtitles_tr
Köprüyü zamanında bitiremeyeceğiz.,Yeterli adamımız yok.,opus_opensubtitles_tr
"Subaylardan yardım istedim, ama bu da yeterli değil.",Subaylar çalışacaklar mı?,opus_opensubtitles_tr
"Durumu onlara açıkladım ve gönüllü oldular, ama bu da yetmiyor.",Neden Saito'dan adam istemiyorsunuz?,opus_opensubtitles_tr
Bu bizim işimiz.,Kendi elimizdekilerle yetinmek zorundayız.,opus_opensubtitles_tr
Sana bu yüzden geldim.,Hasta listesi.,opus_opensubtitles_tr
Hastanede oraya ait olmayan hiç kimse yok.,"Seni kınadığımı zannetme sakın, ama hasta numarası yapanlar olabilir.",opus_opensubtitles_tr
Gözünü açık tut yeter.,"Haydi, bir bakalım.",opus_opensubtitles_tr
"Kalkmayın, kalkmayın.",Haskins'in nesi var?,opus_opensubtitles_tr
Amipli dizanteri ve karasu humması.,Ateşi 40.,opus_opensubtitles_tr
Pekala.,Anlıyorum.,opus_opensubtitles_tr
Ya bunun?,Bacağı iltihaplı.,opus_opensubtitles_tr
"Bu gece biraz daha kesebilirsem, kurtarabilirim.",Onu gerçekten çalıştırmayı mı düşünüyorsunuz?,opus_opensubtitles_tr
"Saçma konuşma, Clipton.",Ya şu adam?,opus_opensubtitles_tr
Kolu enfeksiyonlu.,Çoğu yaraları tamamen iyileşmeyecek.,opus_opensubtitles_tr
"Açık hava ve hafif işler, buraya tıkılmalarından daha iyi olmaz mı?",- Hafif işler mi?,opus_opensubtitles_tr
"- Kurallar, sadece kolu sıyrıldı diye birini tutmayı gerektirmiyor.",- Kurallar mı?,opus_opensubtitles_tr
"Tamamen formda olmayabilirler ama, yine de yararları dokunabilir.",Süslemeler ve son rötuşlar gibi.,opus_opensubtitles_tr
"Rahat, Baker.",Köprüde hafif işler yapacak kadar kendini güçlü hissediyor musun?,opus_opensubtitles_tr
"- Siz ne derseniz, efendim.",- Güzel.,opus_opensubtitles_tr
Ya sen?,Kolay işler.,opus_opensubtitles_tr
"- Denerim, efendim.",- Aferin.,opus_opensubtitles_tr
"Bakın, beyler.",Hepinizle gurur duyduğumu söylememe gerek yok.,opus_opensubtitles_tr
Ama bir krizle karşı karşıyayız.,"Sorum, kendini iyi hissedenlere.",opus_opensubtitles_tr
Yardım eli uzatmaya ne dersiniz?,Getir-götür ve boyama işlerine?,opus_opensubtitles_tr
Ne dersiniz?,"- Evet, efendim.",opus_opensubtitles_tr
- Güzel.,"Haydi, beni izleyin.",opus_opensubtitles_tr
10 dakika.,Hepsinin öldüğünden emin ol.,opus_opensubtitles_tr
"Haydi, Joyce.",Bıçakları kullanın yoksa birbirimizi vurabiliriz.,opus_opensubtitles_tr
"O taraftan git, Joyce.",Yapabilirdim.,opus_opensubtitles_tr
Buna hazırdım.,"Yaralandınız mı, efendim?",opus_opensubtitles_tr
Gidelim.,Yüzeysel birşey.,opus_opensubtitles_tr
"Çatlak bir kemik olabilir, ama kırık değil.","- Benim hatam, efendim.",opus_opensubtitles_tr
"- Oh, kapa çeneni.",Yürüyebilirim.,opus_opensubtitles_tr
Önemli olan da bu.,Evet ama nereye kadar ve ne hızda?,opus_opensubtitles_tr
"Bunu, denemeden önce bilemeyiz, değil mi?",Ne yapıyorsunuz?,opus_opensubtitles_tr
Mola için emir vermedim.,Hepimizin ihtiyacı var.,opus_opensubtitles_tr
Hızlı adımlarla daha beş saatlik yolumuz var.,Belki de altı.,opus_opensubtitles_tr
Haydi.,"Yürümeye devam edersen, kanamadan öleceksin.",opus_opensubtitles_tr
- Beni burada bırakacaksınız.,"- Sen durursan, biz de dururuz.",opus_opensubtitles_tr
Karanlık basınca köprünün planını inceleyemezsiniz.,Gün batımından önce orada olmalısınız.,opus_opensubtitles_tr
"Ama, efendim, iş bittikten sonra, aynı yoldan geri dönemeyebilir dönsek bile sizi burada bulamayabiliriz.","Yerimde sen olsaydın, seni tereddütsüz bırakırdım, bunu biliyorsun.",opus_opensubtitles_tr
O bilmez ama ben biliyorum.,"Kurallar söz konusuysa, öz anneni bile burada bırakırdın.",opus_opensubtitles_tr
Bensiz devam edeceksiniz.,Bu bir emirdir.,opus_opensubtitles_tr
"Kumanda artık sende, Shears.",Bu emre itaat etmeyeceğim.,opus_opensubtitles_tr
Kahramanlık tavırlarından bıktım.,Ölüm kokusunu bela gibi üzerinde taşıyorsun.,opus_opensubtitles_tr
Patlayıcılar ve Ö-hapları birbirini iyi tamamlar.,Ya öyle ya böyle.,opus_opensubtitles_tr
"Ya köprüyü yok et, ya da kendini.",Bu savaş sadece bir oyun.,opus_opensubtitles_tr
Sen ve şu Albay Nicholson.,Yiğitlik için çıldırıyorsunuz.,opus_opensubtitles_tr
Ne için?,"Asıl önemli olan insan gibi yaşamakken, siz nasıl bir beyefendi gibi ve nasıl kurallara göre ölünür, onu düşünüyorsunuz!",opus_opensubtitles_tr
"Seni burada ölüme terk etmeyeceğim, Warden çünkü ne köprü ne de kuralların umurumda değil.","Gideceksek, beraber gideceğiz.",opus_opensubtitles_tr
Sevgili Yai.,Tamam.,opus_opensubtitles_tr
Haydi.,Daha yaklaşalım.,opus_opensubtitles_tr
Seni getirdiğimize hala üzgün müsün?,- Daha iyi misin?,opus_opensubtitles_tr
- Evet.,"Kumanda yine sende, biliyorsun.",opus_opensubtitles_tr
"Teşekkürler, binbaşı.",Anlayamıyorum.,opus_opensubtitles_tr
Ne kadar sağlam ve ne kadar iyi tasarlanmış bir yapım.,Düşmanın genelde gelişigüzel yaptığı köprülerden değil.,opus_opensubtitles_tr
Bakın.,Aşağıdaki şu zavallılara.,opus_opensubtitles_tr
O şartlarda böyle bir iş yapmaya zorlandığınızı düşünsenize.,Dizleri üstüne çökmüş bir İngiliz subayını çalıştırıyorlar.,opus_opensubtitles_tr
Japonlar da bundan keyif alıyor gibiler.,"Burada olduğumuzu bilse, morali yerine gelirdi.",opus_opensubtitles_tr
BU KÖPRÜ İNGİLİZ ORDUSU ASKERLERİ TARAFINDAN,TASARLANMIŞ VE KURULMUŞTUR,opus_opensubtitles_tr
ŞUBAT,- MAYIS 1943 KD.,opus_opensubtitles_tr
YRB.,L. NICHOLSON KOMUTANLIĞINDA,opus_opensubtitles_tr
"Tren işi olmasaydı, saatli bomba koyup, uzaklaşabilirdik.",Yarın kaçta geçeceğini bilmediğimize göre el ile yapmak zorunda kalacağız.,opus_opensubtitles_tr
...el ile yapmak zorunda kalacağız.,Barutları suyun altındaki temel kazıklarının 1 m.,opus_opensubtitles_tr
Kadar altına yerleştirip ana tesisatı akıntı yönünde pompalayacağız.,"Sorun, nerede saklayacağımızda.",opus_opensubtitles_tr
Nehrin bulunduğumuz yakası belli ki Japonlar tarafından kullanılıyor.,Hemen fark ederler.,opus_opensubtitles_tr
Bak.,Şu düşmüş ağaç gövdelerini görüyor musun?,opus_opensubtitles_tr
Ve hemen altlarındaki gri kayayı?,"- Evet, efendim, görüyorum.",opus_opensubtitles_tr
- Kilit mevkimiz orası.,Nehrin ters yönünde ama uygun uzaklıktaki tek saklanılabilecek yer.,opus_opensubtitles_tr
Köprü havaya uçtuğunda orada olan her kimse geri yüzmesi gerekecek.,Keyifli bir yüzüş olmayacak.,opus_opensubtitles_tr
"Efendim, sınıftaki en iyi yüzücü bendim.","Tam senin işin, o halde.",opus_opensubtitles_tr
Teşekkür ederim.,"Shears, bizim yakamızda Joyce'u koruyabilmen için bir yer belirle.",opus_opensubtitles_tr
"Yai de seninle gelecek ki, Japonlar Joyce'a sorun çıkarırlarsa ikiniz onları oyalayabilin.","Başka bir aksilik çıkma ihtimali üzerine, onları şaşırtmak için buraya fazladan bir havan topu daha koyacağım.",opus_opensubtitles_tr
Belki trene bile birkaç atış yapabilirim.,Herşey açık mı?,opus_opensubtitles_tr
Sorusu olan?,"Pekala, hava kararır kararmaz başlayacaksınız.",opus_opensubtitles_tr
Köprü üzerinde mutlaka nöbetçi asker olacaktır bu yüzden malzemeleri nehir yukarı yüzdürerek taşıman gerekecek yani bir sal yapman gerekiyor.,Yai.,opus_opensubtitles_tr
Yai sana yardım için 3 kadın verecek.,Birisi burada benimle kalacak.,opus_opensubtitles_tr
"Pekala, haydi bakalım!","Biliyorsun, ayağım böyle olmasaydı, Joyce'un görevini ben üstlenirdim.",opus_opensubtitles_tr
Sence başarabilecek mi?,Sanırım.,opus_opensubtitles_tr
Benim yapmamı ister misin?,Elimde olsa seni burada topun başında bırakırdım.,opus_opensubtitles_tr
Üzgünüm.,"İş bittiğinde, umarım sağlık raporunu alırsın zorlanmadan.",opus_opensubtitles_tr
Sağol.,Doldur.,opus_opensubtitles_tr
Çok güzel.,"Evet, çok güzel.",opus_opensubtitles_tr
Birinci sınıf bir iş.,Bu kadar güzel olacağını tahmin etmiyordum.,opus_opensubtitles_tr
"Evet, harika bir eser.",Düşünüyordum da...,opus_opensubtitles_tr
"Yarın, hizmetimin 28.",Yılını doldurmuş olacağım.,opus_opensubtitles_tr
Barışta ve savaşta 28 yıl.,Bu sürenin 10 ayından fazlasını evimde geçirmedim.,opus_opensubtitles_tr
"Yine de, iyi bir hayatım oldu.",Hindistan'ı sevdim.,opus_opensubtitles_tr
Başka türlü olsun istemezdim.,Ama bazen...,opus_opensubtitles_tr
Birdenbire farkına varıyorsun ki sona başlangıçtan daha yakınsın.,Ve düşünüyorsun...,opus_opensubtitles_tr
Kendine şunu soruyorsun:,Hayatının tümü neyi temsil ediyor?,opus_opensubtitles_tr
Herhangi bir zamanda herhangi bir yerde oluşun neyi değiştirdi ya da birşeyi değiştirdi mi?,Özellikle diğer insanların kariyerleriyle karşılaştırırsak.,opus_opensubtitles_tr
Bu düşünce tarzı sağlıklı mıdır bilmiyorum ama itiraf etmeliyim ki zaman zaman bu meslekleri aklımdan geçirdim.,Ama bu gece...,opus_opensubtitles_tr
Bu gece...,Kahretsin.,opus_opensubtitles_tr
Gitmeliyim.,Çocuklar bir tür eğlence hazırlıyorlar.,opus_opensubtitles_tr
Tatlı.,Olsaydın tek kız,opus_opensubtitles_tr
Dünyadaki,Ve sen de tek erkek,opus_opensubtitles_tr
Başka şey istemezdim,Bugünkü hayattan,opus_opensubtitles_tr
Severdik birbirimizi,Her zamanki gibi,opus_opensubtitles_tr
İkimize özel bir Cennet Bahçesi,Eminim hepimiz adına söyleyebilirim ki bu çok keyifli bir akşamdı.,opus_opensubtitles_tr
Çoğunuz yarın yeni bir kampa ve yeni bir inşaata gideceksiniz.,Ne yazık ki köprünün ilk tatbiki kullanımını göremeyeceksiniz.,opus_opensubtitles_tr
"Ama, şuna memnun olacaksınızdır ki bu tren yolu hattının tamamlanması hasta ve sakatlarımızı yeni kampa trenle taşımamızı sağlayacak.","Albay Saito, Binbaşı Clipton ve hastalarla beraber kalmama izin verdi sizlere birkaç gün içinde katılacağız.",opus_opensubtitles_tr
Artık işinizin bittiğine göre umarım üzülüyorsunuzdur.,Bunu anlayabiliyorum.,opus_opensubtitles_tr
Çok doğal bir tepki.,"Ama bir gün; bir hafta, bir ay, bir yıl sonra olsun o gün geldiğinde, inşallah, hepimiz evlerimize döneceğiz işte o zaman, burada büyük zorluklarla başardığınız bu işten hepiniz gurur duyacaksınız.",opus_opensubtitles_tr
Yaptıklarınız vatandaşlarımıza askerimize ve sivillere örnek olmalıdır ve olacaktır.,Şerefinizle ayakta kaldınız.,opus_opensubtitles_tr
Dahası da var.,Bu ıssız bölgede yenilgiyi zafere çevirdiniz.,opus_opensubtitles_tr
Sizi tebrik ediyorum.,Bravo.,opus_opensubtitles_tr
Krala.,Haydi bakalım.,opus_opensubtitles_tr
Herşeyi aldın mı?,"Bitki sapı, cephane, çıkın, matara, bıçak.",opus_opensubtitles_tr
Ben nehrin tam karşısında olacağım.,"Profesör, her zaman yapılacak birşey daha vardır, der.",opus_opensubtitles_tr
Ne olabileceği aklıma gelmiyor.,Sana uzun ve mutlu bir hayat dilemekten başka.,opus_opensubtitles_tr
Teşekkür ederim.,Ne oldu?,opus_opensubtitles_tr
Nehir alçalmış.,Kablo görünüyor.,opus_opensubtitles_tr
Patlayıcılar!,Treni bekleme.,opus_opensubtitles_tr
Şimdi yap!,"Saito yanılmıyorsa, tren 5-10 dakika içinde gelecek.",opus_opensubtitles_tr
"Sakıncası yoksa, yukarıdaki tepeden bakacağım.",Neden?,opus_opensubtitles_tr
Köprüden daha iyi görürsün.,"Açıklaması zor, efendim.",opus_opensubtitles_tr
Bir parçası olmamayı tercih ederim.,Nasıl istersen.,opus_opensubtitles_tr
"Gerçekten, seni bazen hiç anlayamıyorum.","Daha önce de söylediğiniz gibi, ordu hakkında öğrenecek çok şeyim var.",opus_opensubtitles_tr
Günaydın.,Gece nehir alçalmış.,opus_opensubtitles_tr
Ne yapıyor?,"Albay, tuhaf birşeyler oluyor.",opus_opensubtitles_tr
Tren varmadan önce etrafa bir baksak iyi olacak.,Çıldırmış bu adam.,opus_opensubtitles_tr
Onu tam oraya götürüyor!,Kendi adamımız!,opus_opensubtitles_tr
Haklıymışım.,Birşeyler dönüyor.,opus_opensubtitles_tr
"Yapmalısın, evlat!",Şimdi yapmalısın!,opus_opensubtitles_tr
Bıçağınız var mı?,"Şimdi anladım, köprü mayınlanmış!",opus_opensubtitles_tr
Mayın mı?,Mayın mı?,opus_opensubtitles_tr
"Aferin, evlat!",İngiliz subayı!,opus_opensubtitles_tr
Köprüyü uçurmak için buradayım.,- Köprüyü uçurmak mı?,opus_opensubtitles_tr
- Evet.,İngiliz komandosu emri.,opus_opensubtitles_tr
- Köprüyü uçurmak mı?,- Evet.,opus_opensubtitles_tr
Hiç zaman yok!,"Hayır, hayır!",opus_opensubtitles_tr
Yardım edin!,Öldür onu!,opus_opensubtitles_tr
Öldür onu!,"Bırakın beni, efendim!",opus_opensubtitles_tr
Anlamıyorsunuz!,Öldür onu!,opus_opensubtitles_tr
Öldür onu!,"Öldür onu, Joyce!",opus_opensubtitles_tr
Öldür onu,Sen!,opus_opensubtitles_tr
Sen!,Ne yaptım ben?,opus_opensubtitles_tr
Olamaz!,Yapmak zorundaydım!,opus_opensubtitles_tr
Yapmak zorundaydım.,Sağ olarak yakalanabilirlerdi!,opus_opensubtitles_tr
Yapılacak tek şey buydu!,Olamaz!,opus_opensubtitles_tr
Olamaz!,İşini bitir!,opus_opensubtitles_tr
Kulübeye git.,"Ah, tabii.",opus_opensubtitles_tr
"Yeni gelen mahkumlar mezar kazdığımızı görürlerse, kaçabilirler.",Şakanın sırası değil.,opus_opensubtitles_tr
İşini bitir!,"Kaz, kaz.",opus_opensubtitles_tr
Bizi hasta listesine koysanız diyorum.,"İnsaflı olun, yüzbaşı.",opus_opensubtitles_tr
Bizi hastaneye yatırın.,Hasta değilsiniz.,opus_opensubtitles_tr
Hiç olmadınız.,"Neden hep hasta numarası yapıyorsun, Shears?",opus_opensubtitles_tr
Başımın üzerine böyle birşey istemediğimden herhalde.,Yüzbaşı Kanematsu sigaraya ne dersiniz?,opus_opensubtitles_tr
Bu sabah verdim ya.,İkinize de.,opus_opensubtitles_tr
İyi ya işte.,Bu iyiliğinizin karşılığını vermek istiyorum.,opus_opensubtitles_tr
"İçten gelerek verilen bir hediyeyi asla unutmam, sizin verdiğiniz sigara gibi.",O yüzden bu çakmağı almanızı istiyorum.,opus_opensubtitles_tr
Çaldığımı mı sanıyorsunuz?,Az önce gömdüğümüz İngiliz çocuğun çakmağıydı.,opus_opensubtitles_tr
Ona yaptığım bir iyiliğe karşı bana bunu vermişti.,"Ölmeden önce, ben de aynı şeyi size yapmak istiyorum.",opus_opensubtitles_tr
"Tuhaf adamsın, Shears.",Hasta listesine kondun.,opus_opensubtitles_tr
O da.,Bir gün Albay Saito ona rüşvet verdiğini anlarsa ne olacak?,opus_opensubtitles_tr
"Bundan önce biz çoktan uzaklarda olacağız, dostum.",Çok uzaklarda.,opus_opensubtitles_tr
"Peki, haydi bitirelim.",Burada yatan...,opus_opensubtitles_tr
Az önce kimi gömdüğümüzü unuttum.,Thomson.,opus_opensubtitles_tr
"Ah, evet.",Burada yatan Onbaşı Herbert Thomson seri numarası sıfır-bir- iki-üç-dört-beş-altı-yedi.,opus_opensubtitles_tr
"1943'de beriberiden ölmüş, Kings Own veya Queens Own ya da her neyse onun cesur üyesi ve şerefiyle ölen...",- Ne uğruna ölmüştü?,opus_opensubtitles_tr
- Haydi yapma.,Ölenle alay edilmez.,opus_opensubtitles_tr
Ölenle alay falan etmiyorum.,Huzur içinde yatsın.,opus_opensubtitles_tr
Bu huzuru hayattayken pek bulamadı.,"""A"" Bölüğü, yerinde say!",opus_opensubtitles_tr
Dur.,"Sıraya geç, sola dön.",opus_opensubtitles_tr
Rahat.,"Bayağı yoğun mezarcılar olacağız, Weaver.",opus_opensubtitles_tr
"Aferin, aferin.",Bu albay neyin içinde olduğunu bilmiyor.,opus_opensubtitles_tr
Ona gerçeği anlatacak mısın?,Tabii ki hayır.,opus_opensubtitles_tr
"Sen ne bir subaysın, ne de bir centilmen.",Adım Nicholson.,opus_opensubtitles_tr
Ben Albay Saito.,Majesteleri adına size hoşgeldiniz diyorum.,opus_opensubtitles_tr
"Bu kampın, yani yakında Bangkok'u Rangoon'a bağlayacak olan büyük tren yolundaki 16. kampın kumandanıyım.","Siz İngiliz mahkumlar, Kwai Nehri üzerine bir köprü inşa etmek üzere seçildiniz.",opus_opensubtitles_tr
Keyifli ve beceri isteyen bir iş olacak.,Subaylar da siviller gibi çalışacaklar.,opus_opensubtitles_tr
Japon Ordusu tembel olanları beslemez.,"Çok çalışırsanız, karşılığını alırsınız.",opus_opensubtitles_tr
Ama eğer çok çalışmazsanız cezalandırılacaksınız.,Kaçmakla ilgili şunları söyleyeyim:,opus_opensubtitles_tr
Burada dikenli tel yok.,Kazıklı çit yok.,opus_opensubtitles_tr
Gözcü kulesi yok.,Tüm bunlar gerekli değil.,opus_opensubtitles_tr
Burası ormanın ortasında bir ada.,Buradan kaçmak imkansızdır.,opus_opensubtitles_tr
Ölürsünüz.,"Bugün dinlenecek, yarın işe başlayacaksınız.",opus_opensubtitles_tr
Size General Yamashita'nın bir sözünü hatırlatayım:,"""İşinizi seve seve yapın.""",opus_opensubtitles_tr
İşinizi seve seve yapın.,Gidebilirsiniz.,opus_opensubtitles_tr
"Tabur, rahat.","Binbaşı Hughes, sıradan çık.",opus_opensubtitles_tr
"Tabur, rahat.","Hughes, adamları koğuşlara yerleştir.",opus_opensubtitles_tr
Hasta olanlarla ilgilen.,Bu adamla biraz konuşacağım.,opus_opensubtitles_tr
"Sözlerinizi duydum, efendim.","Adamlarım, işlerini İngiliz askerlerine yakışır şekilde yapacaklardır.",opus_opensubtitles_tr
Davranışlarından subaylarım ve ben sorumlu olacağız.,"Cenevre Anlaşması gereği, subayların, işçi olarak çalıştırılmasının kesinlikle yasak olduğu gözünüzden kaçmış olabilir.",opus_opensubtitles_tr
Öyle mi?,Anlaşmanın bir kopyası bende var göz atmanız için size verebilirim.,opus_opensubtitles_tr
Buna gerek olmayacak.,"Oturun, lütfen.",opus_opensubtitles_tr
"Evet, efendim.",Clipton ile biraz konuşacağım.,opus_opensubtitles_tr
"Clipton, mani olmayayım.",- Kolun nasıl?,opus_opensubtitles_tr
- İyileşti sayılır.,"Efendim, bu Amerikan Donanmasından Binbaşı Shears.",opus_opensubtitles_tr
"Nasılsınız, efendim?",Onu ve bir Avustralyalı bulduk.,opus_opensubtitles_tr
Kampı kuran mahkumlardan geriye sadece ikisi kalmış.,"Amerikan Donanması, ha?",opus_opensubtitles_tr
Burada mı?,Kara ile kuşatılmış sayılırım.,opus_opensubtitles_tr
- Geminizi mi kaybettiniz?,- Houston'ı.,opus_opensubtitles_tr
Karaya çıkmayı başardım fakat diğer kurtulanlardan ayrı düştüm.,Buradaki grubunuzdan da mı?,opus_opensubtitles_tr
Çoğunlukla Avustralyalılar.,Birkaç...,opus_opensubtitles_tr
Birkaç İngiliz.,"Hintli, Birmanyalı, Siyamlı.",opus_opensubtitles_tr
Onlara ne oldu peki?,"Öldüler sıtma, dizanteri, beriberi ve kangrenden.",opus_opensubtitles_tr
Diğer ölüm sebepleri:,"Açlık, aşırı çalışma, kurşun yaraları, yılan ısırıkları Saito.",opus_opensubtitles_tr
Bir de yaşamaktan yorulanlar vardı.,Clipton size baktı mı?,opus_opensubtitles_tr
Üzereyim.,"Buraya gelin, sonra tıraş olursunuz.",opus_opensubtitles_tr
Pekala.,Subaylarla kalacaksınız.,opus_opensubtitles_tr
Size uygun bir kıyafet bulacağız.,Benim için endişelenmeyin.,opus_opensubtitles_tr
Hasta listesinden çıkmaya pek can atmıyorum.,"Ayrıca, bu da iş kıyafeti.",opus_opensubtitles_tr
Buralarda çok moda.,Grubunuzdaki subaylar ağır işçilik yaptılar mı?,opus_opensubtitles_tr
Öyle de diyebilirsiniz sanırım.,"Bu konuyu Albay, adı neyse, ona söyledim.",opus_opensubtitles_tr
Saito.,- Sanırım durumu anladı.,opus_opensubtitles_tr
- Öyle mi dersiniz?,Evet.,opus_opensubtitles_tr
Oldukça makul birine benzediğini söylemeliyim.,"Şey, işime devam etmeliyim.",opus_opensubtitles_tr
Saat 19:00'da subaylar toplantısı var.,- Taleplerinizin listesini çıkarın.,opus_opensubtitles_tr
"- Peki, efendim.",Ne yapabilirsek.,opus_opensubtitles_tr
"Teşekkür ederim, efendim.",- Ne oldu?,opus_opensubtitles_tr
- Boşver.,"Haydi, söyle.",opus_opensubtitles_tr
"Saito için söyleyecek pek çok şey bulabilirim ama ""makul"", yeni bir kelime.",Belki Albay Nicholson bu kelimeyi farklı tanımlıyordur.,opus_opensubtitles_tr
Başka görüşü olan?,"- İzin verirseniz, efendim?",opus_opensubtitles_tr
- Jennings?,Kaçış komitesi hakkında.,opus_opensubtitles_tr
Binbaşı Shears ile konuştum...,Kaçış komitesi diye birşey olmayacak.,opus_opensubtitles_tr
"Anlayamıyorum, efendim.",Yüzbaşı Jennings'in bir planı var.,opus_opensubtitles_tr
"Evet, evet, eminim Jennings'in bir planı vardır, ama kaçmak mı?",Nereye?,opus_opensubtitles_tr
Bu ormanın içine mi?,"Şu adam, Saito, o haklı.",opus_opensubtitles_tr
Burada dikenli tellere gerek yok.,Kurtulma şansı 100'de bir.,opus_opensubtitles_tr
Eminim Binbaşı Shears'in adamlarının tecrübeleri beni destekleyecektir.,Bence başarılı bir kaçış ihtimali 100'de bir.,opus_opensubtitles_tr
- Ama birşey daha ekleyebilir miyim?,- Lütfen.,opus_opensubtitles_tr
Bu kampta hayatta kalma ihtimali bundan da düşük.,Mezarlığı gördünüz.,opus_opensubtitles_tr
Güçlü ihtimal o.,"Kaçış ümidinizi yitirip bunu düşünmekten vazgeçerseniz, ölüm fermanınızı hazırlamış olursunuz.",opus_opensubtitles_tr
"Siz neden kaçmayı hiç denemediniz, binbaşı?",Zamanını bekliyorum.,opus_opensubtitles_tr
Doğru zamanı ve doğru ekibi.,Ne hissettiğinizi anlıyorum.,opus_opensubtitles_tr
"Tabii ki, esir düşen bir askerin görevi, kaçma teşebbüsüdür.",Fakat adamlarım ve ben garip bir yasal olaya karışmış durumdayız ki bunu siz bilmiyorsunuz.,opus_opensubtitles_tr
Başkomutanlık bize Singapur'da teslim olmamızı emretti.,Emretti.,opus_opensubtitles_tr
"O yüzden, bizim durumumuzda kaçmak, ordu kanunlarına karşı gelmek olur.","İlginç bir konu, efendim.",opus_opensubtitles_tr
"Özür dilerim, efendim, Sizi tam anlayamadım.","Bu yasal talimatı, ne pahasına olursa olsun, uygulamayı mı düşünüyorsunuz?",opus_opensubtitles_tr
"Yasalar olmazsa, binbaşı, medeniyet de olmaz.",Söylemek istediğim bu.,opus_opensubtitles_tr
Burada medeniyet yok.,O halde öğretme fırsatımız var.,opus_opensubtitles_tr
Kaçma konusunu kapatalım.,Başka birşey var mı?,opus_opensubtitles_tr
Sanırım program gayet açık.,Yarın sabahtan itibaren herşeyin sorunsuz gitmesini istiyorum.,opus_opensubtitles_tr
Ve şunu unutmayın:,Adamlarımız halen bizim emrimizde olduklarını hissetmeliler Japonların değil.,opus_opensubtitles_tr
"Buna inandıkları sürece, asker olarak kalırlar, esir değil.","Bunda mutabık mıyız, binbaşı?",opus_opensubtitles_tr
"Umarım asker olarak kalabilirler, albay.","Bana gelince, ben bir esirim.",opus_opensubtitles_tr
Yaşayan bir esir.,Garip bir kuş.,opus_opensubtitles_tr
Bir Amerikalı için bile...,"Çok uzun süre ayrı kalmış, zavallı çocuk.",opus_opensubtitles_tr
Bölüğünden alınmış.,Bu hepimize ders olmalı.,opus_opensubtitles_tr
İngiliz mahkumlar!,Dikkat ettiyseniz İngiliz askerler demiyorum.,opus_opensubtitles_tr
"Teslim olduğunuz andan itibaren, askerliğiniz bitmiştir.",Mayıs ayının on ikinci gününe kadar köprüyü bitirmiş olacaksınız.,opus_opensubtitles_tr
Japon bir mühendisin talimatları doğrultusunda çalışacaksınız.,Zamanımız kısıtlı.,opus_opensubtitles_tr
Herkes çalışacak.,Subaylarınız da sizlerin yanında çalışacaklar.,opus_opensubtitles_tr
Çünkü teslim olarak sizlere ihanet etmişlerdir.,Utancınız onların şerefsizliğidir.,opus_opensubtitles_tr
Sizlere kahramanca ölmektense hamallar gibi yaşamak daha iyidir diyen onlar.,"Sizleri buraya getiren de onlar, ben değilim.",opus_opensubtitles_tr
"Bu yüzden, kendileri yararlı işlerde kullanılmak üzere sizlere katılacaklar.",Hepsi bu kadar.,opus_opensubtitles_tr
"Subay mahkumlar, aletlerinizi alın.","Bradley, yerine dön.",opus_opensubtitles_tr
"Binbaşı Saito, size Cenevre Anlaşmasının 27.",Maddesini hatırlatmak isterim.,opus_opensubtitles_tr
"""Savaşan taraflar, sağlıklı savaş mahkumlarını çalıştırabilirler, subaylar hariç""...",O kitabı bana verin.,opus_opensubtitles_tr
Elbette.,"İngilizce okuyabiliyorsunuz, değil mi?",opus_opensubtitles_tr
- Siz Japonca okuyabiliyor musunuz?,"- Üzgünüm, hayır.",opus_opensubtitles_tr
"Sorun tercüme ise, eminim bunu ayarlayabiliriz.","Bakın, kanun der ki...",opus_opensubtitles_tr
Yerlerinizde kalın.,Bana kanundan mı bahsediyorsunuz?,opus_opensubtitles_tr
"Hangi ""kanun""?",Korkakların kanunu!,opus_opensubtitles_tr
Asker kanunları hakkında ne bilirsiniz?,Bushido hakkında?,opus_opensubtitles_tr
Hiçbir şey!,Komutanlığa layık değilsiniz!,opus_opensubtitles_tr
Medeni dünyanın kanunlarına riayet etmeyi reddederseniz size itaat edemeyiz.,Subaylarım ağır iş yapmayacaklar.,opus_opensubtitles_tr
Göreceğiz.,Tüm er mahkumlar iş başına.,opus_opensubtitles_tr
Başçavuş!,Adamları işe başlatın.,opus_opensubtitles_tr
"Tabur, aletlerinizi alın.",Tek sıra halinde sola dön.,opus_opensubtitles_tr
Sola dön!,"""A"" Bölüğü, sağa.",opus_opensubtitles_tr
"Marş, marş.",Gözler sağa.,opus_opensubtitles_tr
Gözler sağa.,Gözler öne.,opus_opensubtitles_tr
"Marş, marş, gözler sağa.","""C"" Bölüğü, sağa.",opus_opensubtitles_tr
Ne yapıyor?,Galiba şahit bırakmak istemiyor.,opus_opensubtitles_tr
"Şimdi, mantıklı olacaksınız.",Subaylarınıza çalışmalarını emredeceksiniz.,opus_opensubtitles_tr
Hayır.,Üçe kadar sayacağım.,opus_opensubtitles_tr
Eğer üç dediğimde siz ve subaylarınız işin yolunu tutmamışsanız ateş emri vereceğim.,Yapacak.,opus_opensubtitles_tr
"İnan bana, gerçekten yapacak.",Bir.,opus_opensubtitles_tr
"Sizi uyarıyorum, Albay...",İki.,opus_opensubtitles_tr
Durun!,"Albay Saito, herşeyi gördüm ve duydum.",opus_opensubtitles_tr
Hastanedeki diğerleri de.,Çok fazla şahit var.,opus_opensubtitles_tr
"Toplu kaçış oldu diyemezsiniz, çünkü bir çoğu yürüyemiyor bile.",Bu mu sizin askeri kanununuz?,opus_opensubtitles_tr
Silahsız adamları öldürmek mi?,"Gördün mü, Jennings?",opus_opensubtitles_tr
Hasta listesinde olmanın bazı avantajları da varmış.,İhtiyar için şunu söyleyebilirim:,opus_opensubtitles_tr
Çok yürekli biri.,"""Ölüm vadisine giden yol.""",opus_opensubtitles_tr
"Nasıl yani, efendim?",Öyle bir yüreklilik.,opus_opensubtitles_tr
1914'te sadece bellerindeki süs kamçılarıyla savaşan subayların yürekliliği.,- Anlıyorum.,opus_opensubtitles_tr
- Kesinlikle anlamıyorsun.,Hepimizin ölümüne sebep olacak bir yüreklilik.,opus_opensubtitles_tr
"Özür dilerim, efendim.",Ben de katılmak istiyorum.,opus_opensubtitles_tr
"Kolum neredeyse iyileşti, efendim, gerçekten.",Ya o?,opus_opensubtitles_tr
"Kaçmamamızı emretmedi, önerdi.","Dinle, albayınız gibi biri birşey önerdiğinde, bu bir emir sayılır.",opus_opensubtitles_tr
Yine başlıyoruz.,Albay Saito tüm subayların ceza kulübesine gitmesini istiyor.,opus_opensubtitles_tr
"Söyleyin, gitsinler.",Sen değil.,opus_opensubtitles_tr
Gel.,Onu serbest bırakın!,opus_opensubtitles_tr
Onu serbest bırakın!,Onu fırına koyacaklar.,opus_opensubtitles_tr
Çünkü o çok iyi bir adamdır Çünkü o çok iyi bir adamdır,Çünkü o çok iyi bir adamdır,opus_opensubtitles_tr
Hepimiz böyle düşünüyoruz,Hepimiz böyle düşünüyoruz Hepimiz böyle düşünüyoruz,opus_opensubtitles_tr
Çünkü o çok iyi bir adamdır Çünkü o çok iyi bir adamdır,Çünkü o çok iyi bir adamdır,opus_opensubtitles_tr
Hepimiz böyle düşünüyoruz,Dikkat!,opus_opensubtitles_tr
Düşüyor!,"Bir, iki, üç, dört.",opus_opensubtitles_tr
"Bir, iki, üç, dört.","Hayır, hayır, hayır!",opus_opensubtitles_tr
Bırakın!,Bırakın!,opus_opensubtitles_tr
Beni mi görmek istediniz?,Üç gündür buna uğraşıyorum.,opus_opensubtitles_tr
Albay hakkında.,O kilitli kulübede...,opus_opensubtitles_tr
Sizi vurdurabilirdim.,"Kaçmaya teşebbüs eden mahkumlar, sizin sorumluluğunuzdaydılar.",opus_opensubtitles_tr
Kaçma hakkında hiçbir şey bilmiyordum.,Bu birşeyi değiştirmez.,opus_opensubtitles_tr
Deneyenlere saygı duymak gerekir.,"Kısa bir süre için, kaçma ve ölüm arasında tekrar asker oldular.",opus_opensubtitles_tr
Ama kaçmaya çalışmak delilik.,"İki asker vuruldu, üçüncüsü de boğuldu.",opus_opensubtitles_tr
Ne uğruna?,"Bu, gerçeklerden kaçıştı.",opus_opensubtitles_tr
İşte gerçeğiniz.,"Bu, öğlene kadar bitirilmesi gereken işi gösteriyor.",opus_opensubtitles_tr
"Bu da, ne kadar ilerleme kaydedildiğini.","Albayınızın inatçılığı yüzünden, programın çok gerisinde kaldık.",opus_opensubtitles_tr
Hepsi bu kadar değil.,Kayıtlı mahkumlar işi sabote ettiler.,opus_opensubtitles_tr
"Evet, gördüm.",Hepsini vurdurabilirdim.,opus_opensubtitles_tr
O zaman köprünüzü kim inşa ederdi?,Sabotaj olduğundan emin misiniz ki?,opus_opensubtitles_tr
Adamlar kendi subayları olmadan verimli çalışamıyorlardır.,Onları benim subaylarım yönetecek.,opus_opensubtitles_tr
Sizin subaylarınız onlarla çalışacak.,Buna Nicholson karar verir.,opus_opensubtitles_tr
"Dediği gibi bu, kurallara aykırı.",Bana kurallardan bahsetmeyin.,opus_opensubtitles_tr
Bu bir savaş!,Bir kriket oyunu değil.,opus_opensubtitles_tr
Albayınız çılgın oldukça çılgın.,"Oturun, lütfen.",opus_opensubtitles_tr
Albayı bir kerelik görmenize izin vermeye karar verdim.,Teşekkür ederim.,opus_opensubtitles_tr
Ona şunu söyleyin; eğer subayları çalışmazlarsa hastaneyi kapatmak zorunda kalacağım ve hastalarınız onların yerine çalıştırılacaklar.,Bir çoğu ölecek.,opus_opensubtitles_tr
Bunun da sorumlusu kendisi olacak.,Gidin ve konuşun onunla.,opus_opensubtitles_tr
Beş dakika süreniz var.,"Doktor, ihtiyarı görmeye gidiyor.",opus_opensubtitles_tr
Efendim...,"Benim, Clipton, efendim.",opus_opensubtitles_tr
Size bazı şeyler getirdim.,- Adamlarım nasıl?,opus_opensubtitles_tr
"- İyiler, efendim, iyiler.",Zor bela toparladığımız azıcık et ve hindistan cevizi getirdim.,opus_opensubtitles_tr
Ya subaylar?,Pek iyi değiller.,opus_opensubtitles_tr
Hala cezalılar.,Çavuş Jennings ise...,opus_opensubtitles_tr
Jennings öldü.,- Ne?,opus_opensubtitles_tr
"- Öldürüldü, kaçmaya çalışırken.","İki kişi daha, Onbaşı Weaver ve Amerikalı.",opus_opensubtitles_tr
Jennings.,"Zavallı, yiğit delikanlı.",opus_opensubtitles_tr
"Onu uyarmıştım, değil mi Clipton?","Bakın, efendim, fazla vaktimiz yok.",opus_opensubtitles_tr
Konuşurken sizi biraz temizleyeceğim.,Size söyleyeceklerim var.,opus_opensubtitles_tr
Az önce Saito ile konuştum.,O adam karşılaştığım en kötü kumandan.,opus_opensubtitles_tr
"Daha doğrusu, o bir çılgın.",Devam et.,opus_opensubtitles_tr
Şantaj!,"Biliyorum, efendim, ama o çok ciddi.",opus_opensubtitles_tr
Bundan eminim.,"Bu bir cüret meselesi, bu kadar basit.",opus_opensubtitles_tr
Ve vazgeçemiyor.,Bu yine de bir şantaj.,opus_opensubtitles_tr
"Efendim, bundan daha fazlasına dayanamazsınız.",Subaylarınızın o delikte boğulmaktansa çalışmaları daha iyi olmaz mı?,opus_opensubtitles_tr
Adamlar iyi iş yapıyorlar.,Cesaret edebildikleri kadar yavaş gidiyorlar.,opus_opensubtitles_tr
Ama Saito yemeklerinden kesti ve eğer hastaları çalıştırırsa...,"Şey, ölürler.",opus_opensubtitles_tr
Doğrusu bu.,"Evet, Clipton, anlıyorum.",opus_opensubtitles_tr
Gerçekten.,Ama görmüyor musun?,opus_opensubtitles_tr
Bu bir prensip meselesi.,"Eğer şimdi pes edersek, bunun sonu gelmez.",opus_opensubtitles_tr
Hayır.,"Efendim, koca bir ormanın içindeyiz, her yerden binlerce kilometre uzakta.",opus_opensubtitles_tr
Kararından asla vazgeçmeyecek bir adamın hükmü altındayız.,Prensip!,opus_opensubtitles_tr
Bize neler olduğunu ne bilecekler ne de umursayacaklar.,"Pes edin, efendim.",opus_opensubtitles_tr
Lütfen!,Kararım kesindir.,opus_opensubtitles_tr
Taburumdan hiçbir subayın hamal gibi çalışmasına izin vermeyeceğim.,- Vakit doldu.,opus_opensubtitles_tr
- Pekala.,Beni düşünenlere teşekkür et lütfen.,opus_opensubtitles_tr
Hastanedeki herkesin birer parça katkısı oldu.,Reynolds hindistancevizini çaldı.,opus_opensubtitles_tr
Size arasıra yiyecek getirebileceğiz.,Gardiyanlardan birine rüşvet verdik.,opus_opensubtitles_tr
"Hoşçakalın, efendim.",Ve iyi şanslar.,opus_opensubtitles_tr
Çok teşekkürler.,O Amerikalı öldürüldü mü demiştin?,opus_opensubtitles_tr
"Evet, efendim.",Vuruldu ve boğuldu.,opus_opensubtitles_tr
Kaçmayı planlamak delilik.,"Üç adam öldü, peki ne uğruna?",opus_opensubtitles_tr
Vakit!,İşte bundan galip çıkmalıyız.,opus_opensubtitles_tr
"Doktor bize bakıp, kafasını salladı.",Bu ne anlama geliyorsa.,opus_opensubtitles_tr
"Sadece bir anlama geliyor, albay pes etmeyecek.",Eeee?,opus_opensubtitles_tr
Şöyle.,Albay Nicholson pes etmeyecek.,opus_opensubtitles_tr
Prensip meselesi.,"Bir tıp adamı ve subay olarak, gördüğü muameleyi kınıyorum.",opus_opensubtitles_tr
Hala hayatta olması bir mucize.,"Acı bir olay olursa, bu cinayet anlamına gelir.",opus_opensubtitles_tr
Sorumlusu kendisidir.,Ben değilim.,opus_opensubtitles_tr
Hasta mısınız?,İkisi de mi çılgın?,opus_opensubtitles_tr
Yoksa ben mi çıldırıyorum?,Yoksa güneşin etkisi mi?,opus_opensubtitles_tr
Dikkat!,"Tabur, dikkat.",opus_opensubtitles_tr
İngiliz mahkumlar.,Şunu soruyorum sizlere köprü yapımında neden ilerleme yok?,opus_opensubtitles_tr
"Nedenini biliyorsunuz, subaylarınız tembel de ondan!",Kendilerini yükünüzü paylaşmaya layık görmüyorlar.,opus_opensubtitles_tr
Bu adil değil.,"Bu yüzden, işinizi severek yapmıyorsunuz.",opus_opensubtitles_tr
"Bu yüzden, köprü işinde ilerleme kaydedilmiyor.",Ama başka bir nedeni daha var.,opus_opensubtitles_tr
Gerçeği saklamıyorum.,"Utanarak ve üzülerek kabul etmeliyim ki bu, Japon ekibinden birinin başarısızlığıdır.",opus_opensubtitles_tr
Teğmen Miura'yı kastediyorum.,Kendisi kötü bir mühendistir.,opus_opensubtitles_tr
Emir vermekten aciz biridir.,"Bu yüzden, onu görevinden aldım.",opus_opensubtitles_tr
Yarın tekrar başlayacağız.,Çalışmayı bizzat yöneteceğim.,opus_opensubtitles_tr
Bugün dinleniyoruz.,Hiç durmadan çalışan bir kişi sersemler ve sıkıcı biri olur!,opus_opensubtitles_tr
"Göstereceğiniz çabadan ötürü, saygı simgesi olarak hepinize hediyeler vereceğim.",İşimizi seve seve yapalım.,opus_opensubtitles_tr
"Bölük, dağılabilirsiniz.","Tabur, dağılabilirsiniz.",opus_opensubtitles_tr
"Hey, şuna bir bakın.",Kızılay!,opus_opensubtitles_tr
Bize kendi...,"Hey, bize kendi Kızılay çantalarımızı vermiş.",opus_opensubtitles_tr
"""Yarın tekrar başlıyoruz.""","Hey, Harry, bak!",opus_opensubtitles_tr
İhtiyarı dışarı çıkarıyorlar.,Herhalde yine dövecekler.,opus_opensubtitles_tr
"İyi akşamlar, albay.",Oturmaz mısınız?,opus_opensubtitles_tr
Geç bir akşam yemeği yiyorum.,İngiliz bifteği.,opus_opensubtitles_tr
"Hayır, teşekkür ederim.",İskoç malı.,opus_opensubtitles_tr
Sake'ye tercih ederim.,"Londra'da üç yıl kaldım, biliyor musunuz?",opus_opensubtitles_tr
"Londra'da üç yıl kaldım, biliyor musunuz?",Londra Sanat Üniversitesi'nde okudum.,opus_opensubtitles_tr
Şerefe!,Özür dilerim.,opus_opensubtitles_tr
"Daha sonra belki, ha?",Belki.,opus_opensubtitles_tr
İyi bir sanatçı değildim.,Babam istemiyordu.,opus_opensubtitles_tr
Ona göre ben orduya aitmişim.,O yüzden sanattan mühendisliğe geçtim.,opus_opensubtitles_tr
"Şunu söylemeliyim, Albay Saito:",Faaliyetlerinizle ilgili tam bir rapor verme düşüncesindeyim.,opus_opensubtitles_tr
Mevkiimi tam olarak anladığınızı sanmıyorum.,- Emirleri uygulamak zorundayım.,opus_opensubtitles_tr
"- Oh, tabii, tabii.","İşim, köprüyü 12 Mayıs'a kadar bitirmek.",opus_opensubtitles_tr
- Sadece 12 haftam kaldı.,- Hiç şüphesiz.,opus_opensubtitles_tr
"Bu yüzden, elimizdeki tüm personeli kullanmak zorundayım.","Subaylar olmaz, yönetim işleri dışında.",opus_opensubtitles_tr
Fakat koca tren yolu boyunca çalışan subaylar var.,"Bunu siz de biliyorsunuz, ben de.",opus_opensubtitles_tr
Diğer subaylardan ben sorumlu değilim.,"Şahsen, şaşırdım.",opus_opensubtitles_tr
Öfkelenmeyelim.,Puro ister misiniz?,opus_opensubtitles_tr
Hayır.,Teşekkür ederim.,opus_opensubtitles_tr
"Tüm subaylar çalışmak zorunda derken elbette, sizi, bir kumandanı kastetmedim.",Talimatlarım sadece diğer subaylar için...,opus_opensubtitles_tr
Hiçbir subay ağır işte çalışmayacak.,Lütfen!,opus_opensubtitles_tr
Şunu söyleyecektim:,Meseleyi baştan düşündüm ve şuna karar verdim.,opus_opensubtitles_tr
Binbaşı ve üstsubayları yönetimde çalıştırıp sadece astsubayları ağır işlerde çalıştıracağım.,Hayır.,opus_opensubtitles_tr
Anlaşma bunu açıkça belirtiyor.,Köprü zamanında bitmezse bana ne olacağını biliyor musunuz?,opus_opensubtitles_tr
Hiçbir fikrim yok.,Kendimi öldürmek zorunda kalacağım.,opus_opensubtitles_tr
Benim yerimde olsanız ne yapardınız?,"Sanırım, yerinizde olsam kendimi öldürmek zorunda kalırdım.",opus_opensubtitles_tr
Şerefe.,"Sizi uyarıyorum, albay ben öleceksem, başkaları benden daha önce ölecek.",opus_opensubtitles_tr
Anlıyor musunuz?,Clipton bundan bahsetti.,opus_opensubtitles_tr
"Bu, sorununuzu çözmez.",Eminim uygun bir çözüme varabiliriz.,opus_opensubtitles_tr
"Lütfen, oturun.",Şimdi.,opus_opensubtitles_tr
"Söyleyin, albay sizce de bir subayın başlıca görevi, emir vermek değil midir?",- Elbette.,opus_opensubtitles_tr
- Güzel.,Şimdi.,opus_opensubtitles_tr
Şu köprünüzü ele alın.,Muazzam bir girişim.,opus_opensubtitles_tr
"Açıkça söylemek gerekirse, şu sizin teğmenin, adı neydi...",Miura.,opus_opensubtitles_tr
...böylesine önemli bir görevin üstesinden gelebileceğine şüpheliyim.,"Diğer taraftan, bizde öyle subaylar var ki, örneğin Reeves ve Hughes bunlar Hindistan'da birçok köprü inşa etmişlerdir.",opus_opensubtitles_tr
Askerler onları sayarlar.,Bir subay için bu tür bir saygı esastır.,opus_opensubtitles_tr
"Bunu yitirirse, komutanlığı sona erer.",Sonra ne olur?,opus_opensubtitles_tr
Moral bozukluğu ve kaos.,Buna izin verirsem zavallı bir kumandam olurum.,opus_opensubtitles_tr
Köprünün artık benim kumandam altında olduğunu belki de bilmiyorsunuzdur.,Öyle mi?,opus_opensubtitles_tr
"Peki, işten memnun olup olmadığınızı sorabilir miyim?",- Memnun değilim!,opus_opensubtitles_tr
- Üzerine bastınız.,İngilizlerden nefret ediyorum!,opus_opensubtitles_tr
Yenildiniz fakat utanç duymuyorsunuz.,İnatçısınız fakat gururlu değilsiniz.,opus_opensubtitles_tr
Dayanma gücünüz var ama cesaretiniz yok.,İngilizlerden nefret ediyorum!,opus_opensubtitles_tr
Bunu sürdürmenin bir anlamı yok.,Durun!,opus_opensubtitles_tr
Yerinizde kalın.,Yerinizde kalın!,opus_opensubtitles_tr
"Tabur, dikkat!","Tabur, rahat.",opus_opensubtitles_tr
Lütfen...,"Bugünün tarihi nedir, albay, biliyor musunuz?",opus_opensubtitles_tr
Takip edemedim.,1905'deki muhteşem Rusya zaferimizin yıldönümü.,opus_opensubtitles_tr
Tüm Doğu Asya'da bu tarihi kutluyoruz.,Bu olayın şerefine birliklerinize bir gün dinlenme izni veriyorum.,opus_opensubtitles_tr
Çok teşekkürler.,Bir genel af ilan ediyorum.,opus_opensubtitles_tr
Siz ve subaylarınız kışlalarınıza dönebilirsiniz.,Bu affın bir parçası olarak da subayların ağır işçilik yapmalarına gerek kalmamıştır.,opus_opensubtitles_tr
Başardı!,"Birisi madalyayı hak ediyor, efendim.",opus_opensubtitles_tr
Ekibinizde kaç adamınız var?,"Tam olarak bilmiyorum, efendim.",opus_opensubtitles_tr
- Bilmiyor musun?,"- On iki, genelde.",opus_opensubtitles_tr
"Adamlardan biri bu sabah hastalandı, efendim.",Hastaneye götürmek için üç-dört kişi gerekti.,opus_opensubtitles_tr
Ve...,"Çok ağır hastalandı, efendim.",opus_opensubtitles_tr
Bir onbaşı emrinde kaç kişinin çalıştığını bilmelidir.,"Evet, efendim.",opus_opensubtitles_tr
Sinirsel bir hastalığınız mı var?,Yüzünüzü böyle yapmayı kesin.,opus_opensubtitles_tr
"Size komik gelebilir ama, bu, orduya uygun bir hareket değil.","Hayır, efendim.",opus_opensubtitles_tr
Bu gösterilere bir son verdirmeliyiz.,- Subay Reeves?,opus_opensubtitles_tr
"- Evet, efendim?",Kwai gibi akıntılı bir nehir üzerine hiç köprü inşa ettiniz mi?,opus_opensubtitles_tr
"Evet, efendim, Madras'da yarım düzine kadar, Bengal'de...",Bu köprü sizin olsaydı altından nasıl kalkardınız?,opus_opensubtitles_tr
"Altından nasıl mı kalkardım, efendim?","İlk olarak, ben buraya inşa etmezdim.",opus_opensubtitles_tr
"Oh, neden?",Söylemeye çalıştığım şu ki Japonlar daha kötü bir yer seçemezlerdi.,opus_opensubtitles_tr
Şu kazıkları görüyor musunuz?,Batıyorlar.,opus_opensubtitles_tr
Bu kütüklerden sonsuza dek taşısak bile tutmazlar.,Siz nereye inşa ederdiniz?,opus_opensubtitles_tr
"Daha aşağı tarafa, efendim.",Dar boğazın iki tarafına.,opus_opensubtitles_tr
"O konumda, iki kıyıda sert kayalar olur.","Hughes, bu sizin köprünüz olsaydı, adamlarınızı ne şekilde kullanırdınız?",opus_opensubtitles_tr
Şimdiki gibi değil.,"Bu yöntem, gördüğünüz gibi, bir kargaşa.",opus_opensubtitles_tr
Koordinasyonsuz bir çalışma.,Takım çalışması yok.,opus_opensubtitles_tr
Bazı gruplar birbirleri aleyhinde çalışıyorlar.,Evet.,opus_opensubtitles_tr
"Bakın baylar, elimizde bir sorunumuz var.","Japonlar sayesinde, bir güruha kumanda ediyoruz.",opus_opensubtitles_tr
"Ne talimat var, ne de disiplin.",- Vazifemiz taburu baştan kurmaktır.,opus_opensubtitles_tr
"- Evet, efendim.",Ki bu hiç kolay olmayacak.,opus_opensubtitles_tr
"Neyse ki, araçlarımız hazır.",Köprü.,opus_opensubtitles_tr
"- Köprü mü, efendim?",- Köprü.,opus_opensubtitles_tr
"Batılıların nasıl çalıştıklarını gösterip, onları utandıracağız.",Bir İngiliz askerinin neler yapabileceğini göstereceğiz.,opus_opensubtitles_tr
Evet.,"Anlıyorum, efendim.",opus_opensubtitles_tr
İhtiyaçlarınızın elinizin altında olmadığı bu yerde zorluklarla karşılaşacağınızı biliyorum.,- İşte mücadeleniz.,opus_opensubtitles_tr
"- Anlayamadım, efendim.",Köprüyü gerçekten inşa etmelerini mi istiyorsunuz?,opus_opensubtitles_tr
Genelde bu kadar yavaş anlamazdın.,Adamlarımızı tanıyorum.,opus_opensubtitles_tr
Onları meşgul edecek birşeyler gerek.,"Hiç iş olmasaydı bile, yaratırdık.",opus_opensubtitles_tr
"- Yapardık, efendim.",- Yani şanslıyız.,opus_opensubtitles_tr
Fakat esaslı bir köprü olacak.,Çünkü adamlarımı tanıyorum.,opus_opensubtitles_tr
Yaptıkları işten gurur duymaları esastır.,"- Değil mi, beyler?",opus_opensubtitles_tr
"- Evet, efendim.","Reeves, bir mühendis olarak yetkili kişi sensin.",opus_opensubtitles_tr
"Nelere ihtiyacın olduğunu söyle, temin edelim.",Başarabilecek miyiz?,opus_opensubtitles_tr
"- Elimizden geleni yapacağız, efendim.",- Güzel.,opus_opensubtitles_tr
Planları çizdikten sonra Saito ile toplantı ayarlayıp onu yola sokmalıyız.,"Bu, tüm formaliteleri kapsıyor.",opus_opensubtitles_tr
"Oh, evet.","Sırada, korkarım hoşunuza gitmeyecek bir mevzu var.",opus_opensubtitles_tr
"Üzgünüm ama, köprünün konumu hem aceleyle hem de yanlış tayin edilmiş.",Yanlış mı?,opus_opensubtitles_tr
"Maalesef, öyle.",Mühendisimiz bölgeyi inceledi ve oradaki nehir tabanının çok yumuşak olduğuna karar verdi.,opus_opensubtitles_tr
Çok mu yumuşak?,Çamur!,opus_opensubtitles_tr
Tüm çalışmalar boşuna gitmiş.,"- Reeves, devam edebilir misin?",opus_opensubtitles_tr
"- Evet, efendim.","- Reeves, devam edebilir misin?",opus_opensubtitles_tr
"- Evet, efendim.",Temel kazıklar köprüyü taşıyabilmek için su seviyesinin altına çakılmalıydı.,opus_opensubtitles_tr
Bu haliyle üzerinden geçecek ilk trenle yıkılacaktır.,Basınç ve toprak direnci için 6.5 cm kare başına tonlar düşüyor.,opus_opensubtitles_tr
"Reeves, detaylara geçmeden...","Albay, birer fincan çay alabilir miyiz?",opus_opensubtitles_tr
"Sanırım hepimiz, olası bir felaketten kaçınmak için, nehrin 400 m.","Daha aşağısında, Reeves'in seçtiği yerde yeni bir köprü yapımı için hemfikiriz.",opus_opensubtitles_tr
Diğer konuya geçelim.,Diğer konuya geçelim.,opus_opensubtitles_tr
Adamlarımızın iş kotalarını değiştirmeye karar verdim.,- Değiştirmek mi?,opus_opensubtitles_tr
- Arttırdım.,1.5 metreden 2 m.' ye çıkardım.,opus_opensubtitles_tr
Eminim tasvip edersiniz.,Tüm detaylar Hughes'de mevcut.,opus_opensubtitles_tr
Devam eder misin?,Tüm projeyi detaylı bir şekilde inceledim.,opus_opensubtitles_tr
"Bakın, mevcut kuvvetler kötü bir şekilde dağıtılmışlar.","Çalışan ekiplerin düzenini gözden geçirip, düzeltmek istiyorum.",opus_opensubtitles_tr
Bir dakika.,"Albay, işimize yemek yerken devam edersek zaman kazanmış oluruz.",opus_opensubtitles_tr
Burada yemek mümkün olabilir mi?,Tabii ki.,opus_opensubtitles_tr
- Devam edin.,"- Peki, efendim.",opus_opensubtitles_tr
"Ekipleri çoğaltıp, vazifelerini uzmanlık alanlarına göre saptarsak eminim ki günlük randıman 30% civarında artış gösterecektir.","Şimdi, Albay Saito, bir mevzu daha var...",opus_opensubtitles_tr
"Şimdi, alınması gereken bir önemli karar daha var ki ertelenemez.",İngilizler köprü üzerinde çalışacaklarına göre tren yolu işi için elimizde çok az kişi kalacak.,opus_opensubtitles_tr
"Trenyolu ekibine takviye olarak, sizden adamlarınızın bazılarını ödünç istemek zorundayım ki, hattın son bölümü de çabuk tamamlansın.",Ben talimatımı verdim.,opus_opensubtitles_tr
Adamlarınız için günlük iş kotası tayin etmeliyiz.,Aşırı yorulmamaları için 1.5 m.,opus_opensubtitles_tr
Olarak düşünmüştüm ama bizimkilerle aynı oranda olması daha iyi olmaz mı?,Böylece sağlıklı bir rekabet ortamı da doğmuş olur.,opus_opensubtitles_tr
Ben talimatımı verdim.,"Bunun üstesinden gelmeye çalışırız, değil mi Hughes?",opus_opensubtitles_tr
Sanırım gündemimizdekiler bu gecelik bu kadar.,"İlginize teşekkürler, Albay Saito.",opus_opensubtitles_tr
Başka sorusu olan var mı?,Bir soru:,opus_opensubtitles_tr
Köprüyü zamanında bitirebilir misiniz?,"Açıkça, bu konudaki fikir birliğimiz bunun mümkün olmadığı doğrultusunda.",opus_opensubtitles_tr
Ama kesinlikle deneyeceğiz.,Talihsiz bir anlaşmazlıktan ötürü bir ay kaybettiğimizi unutmayınız ki bunun sorumlusu ben değildim.,opus_opensubtitles_tr
Başka birşey?,Hayır.,opus_opensubtitles_tr
Teşekkür ederim.,Toplantı bitmiştir.,opus_opensubtitles_tr
- İyi geceler.,- İyi geceler.,opus_opensubtitles_tr
Umarım Japonlar onlar için yaptıklarımızı takdir ederler.,Şu an için takdirleri beni ilgilendirmiyor.,opus_opensubtitles_tr
"- İyi geceler, Clipton.","- İyi geceler, efendim.",opus_opensubtitles_tr
"Bu arada, şunu söylemeliyim ki burada karaağaca benzer ağaçlar var.",Ve de Londra Köprüsünün karaağaç kazıkları 600 yıldır dayanıyor.,opus_opensubtitles_tr
"- 600 yıl mı, Reeves?","- Evet, efendim.",opus_opensubtitles_tr
Altıyüz yıl.,Bu herkese nasip olmaz.,opus_opensubtitles_tr
LAVINIA TEPESİ HASTANESİ SEYLAN,Kumandan Shears adında bir Amerikalıyı arıyorum.,opus_opensubtitles_tr
"- Evet, aşağıdaki plajda.","- Oh, çok teşekkürler.",opus_opensubtitles_tr
Öpücük!,Etrafta çok göz var.,opus_opensubtitles_tr
Etrafta çok göz var.,"Pudra ve hap verip, banyo yaptırıp, iğne ve lavman yapıyorsun ama...",opus_opensubtitles_tr
Benim tek isteğim aşk.,Doğru.,opus_opensubtitles_tr
Tek isteğin aşk.,Rapor alabileceğinden nasıl bu kadar emin olabiliyorsun?,opus_opensubtitles_tr
"Çünkü ben aslında bir sivilim, sevgilim.",Ve hep kalbimin sesini dinlerim.,opus_opensubtitles_tr
Öpücük.,"Bu nasıldı, kumandan?",opus_opensubtitles_tr
Bana kumandan deme.,Hiç romantik değil.,opus_opensubtitles_tr
Sen de bir subaysın.,Sana Teğmen Sevgilim desem hoşuna gider miydi?,opus_opensubtitles_tr
Demokratik olalım.,"Bana sadece ""efendim"" de.",opus_opensubtitles_tr
"Peki, efendim.",Bir yüksek rütbeli.,opus_opensubtitles_tr
Seni istiyor.,Senin olsun.,opus_opensubtitles_tr
- Ben yüzeceğim.,- Beni bırakma!,opus_opensubtitles_tr
- Kumandan Shears?,- Evet.,opus_opensubtitles_tr
Benim adım Warden.,- Nasılsınız?,opus_opensubtitles_tr
- Davetsiz geldiğim için...,"Önemli değil, binbaşı.",opus_opensubtitles_tr
Alışkınım.,Martini alır mısınız?,opus_opensubtitles_tr
Çok naziksiniz.,Almayacağım.,opus_opensubtitles_tr
Ben içebilir miyim?,Bunu nasıl alabildiniz?,opus_opensubtitles_tr
"Hastane olan bir yerde, alkol de vardır.","Evet, elbette.",opus_opensubtitles_tr
Çok hoş.,"Şey, olabildiğince kısa konuşacağım.",opus_opensubtitles_tr
Force 316 adında oldukça ilginç bir grubun üyesiyim.,Karargahımız Botanik Bahçeleri'nde.,opus_opensubtitles_tr
- Düşmanlardan mı koruyorsunuz?,- Pek sayılmaz.,opus_opensubtitles_tr
- İstemediğinize emin misiniz?,"- Hayır, teşekkürler.",opus_opensubtitles_tr
Üzerinde çalışmış olduğunuz tren yoluyla ilgileniyoruz.,Bize çok değerli bilgiler verebilirsiniz.,opus_opensubtitles_tr
"Şey, birkaç gün sonra Amerika'ya dönüyorum ve tüm bildiklerimi sizlere anlattım.",Ama bize oldukça özel bir anlamda yardım edebilirsiniz.,opus_opensubtitles_tr
"Çok zahmet olacak ama, gelip bizi görme imkanınız var mı acaba?","Aynı şeyleri dinlemek istiyorsanız, tabii.",opus_opensubtitles_tr
Çok naziksiniz.,Lord Louis size minnettar kalacak.,opus_opensubtitles_tr
- Kim?,- Tepenin efendisi.,opus_opensubtitles_tr
Onun özel adamlarındanız.,"Bu akşam diyelim mi, o halde?",opus_opensubtitles_tr
8 gibi.,Size araba yollarım.,opus_opensubtitles_tr
Bu akşam mı?,Mümkün değil.,opus_opensubtitles_tr
O halde yarın sabah?,10 gibi?,opus_opensubtitles_tr
"- Tamam, 10.",- Çok teşekkürler.,opus_opensubtitles_tr
- Hoşçakalın.,- Hoşçakalın.,opus_opensubtitles_tr
İyi şanslar.,Teşekkürler.,opus_opensubtitles_tr
Çok üzgünsün ama bu akşamki randevumuza gelemeyeceksin.,Çok yanılıyorsun.,opus_opensubtitles_tr
Selam dur!,Selam dur!,opus_opensubtitles_tr
Silahlar öne!,"- Geçiş izniniz, lütfen?",opus_opensubtitles_tr
"- Oh, evet.",Binbaşı Warden'ın bungalovu yolun sonunda.,opus_opensubtitles_tr
"Aferin, Jenkins.",Aferin!,opus_opensubtitles_tr
"Haydi, Thomson.","Bıçağını kullan, evlat.",opus_opensubtitles_tr
Ayağa kalk!,Sorgu odasına.,opus_opensubtitles_tr
Ayağa kalk!,Sorgu odasına.,opus_opensubtitles_tr
"Haydi, kımıldayın!",Seri davranın!,opus_opensubtitles_tr
"Çok hantalsın, Joyce, çok hantal.","Bıçağını her zaman anında kullanmalısın, Joyce.",opus_opensubtitles_tr
"Bak, ona fırsat verdin.",Dur bir dakika!,opus_opensubtitles_tr
"Çok üzgünüm, efendim.",- Üzgün müsünüz?,opus_opensubtitles_tr
- Ben de öyle.,- Düşman olduğunuzu sandım.,opus_opensubtitles_tr
"- Amerikalıyım, bunu kastettiyseniz.","- Gidebilirsin, Joyce.",opus_opensubtitles_tr
"- Evet, efendim.","Üzgünüm, efendim.",opus_opensubtitles_tr
- Size nasıl yardımcı olabilirim?,- Binbaşı Warden'ı görecektim.,opus_opensubtitles_tr
Size yolu göstereyim.,Dersi bitmek üzere olmalı.,opus_opensubtitles_tr
Size yolu göstereyim.,Dersi bitmek üzere olmalı.,opus_opensubtitles_tr
"- Dersinin sonu bu, efendim.",- Gümbürtülü alkış.,opus_opensubtitles_tr
"Eğitimi gerçek hayatla, olabildiğince bağdaştırmaktan yanadır.","- Binbaşı Warden, efendim?",opus_opensubtitles_tr
- Evet?,Geldiğinize sevindim.,opus_opensubtitles_tr
- Sizinle ilgilenildi mi?,- Oldukça.,opus_opensubtitles_tr
"Teşekkürler, asker.",Öyleyse gelin.,opus_opensubtitles_tr
Albay Green sizinle tanışmaya can atıyor.,"- Güzel bir yer, değil mi?",opus_opensubtitles_tr
- Komando okulu olduğunu bilmiyordum.,Bu kelimeyi kullanmamaya çalışırız.,opus_opensubtitles_tr
Kulağa aşırı duygusal geliyor.,Burada ne yapıyorsunuz?,opus_opensubtitles_tr
"Sabotaj, yıkım, bu tür şeyler.","P.P. Kullanıyoruz, plastik patlayıcılar.",opus_opensubtitles_tr
Harika birşey.,Bu patlama sesi bunun yarısı büyüklüğünde bir parça ile yapıldı.,opus_opensubtitles_tr
Gelignitten iki kat daha güçlü hem de yarısı ağırlığında.,Patlatılmadığı sürece oldukça zararsızdır.,opus_opensubtitles_tr
Söylediğiniz için teşekkürler.,Tamamen suya dayanıklı ve aslında bir plastik.,opus_opensubtitles_tr
Onunla istediğinizi yapabilirsiniz.,İşte burası.,opus_opensubtitles_tr
Girin.,"Oh, bir fincan çay için can atıyorum.",opus_opensubtitles_tr
- Siz de alır mıydınız?,"- Hayır, teşekkürler.",opus_opensubtitles_tr
- Bir içki?,"- Hayır, teşekkürler.",opus_opensubtitles_tr
"- Bir kişilik çay lütfen, Peter.","- Tabii, efendim.",opus_opensubtitles_tr
Bunu siz mi okuyorsunuz?,Savaştan önce Cambridge'de Doğu dilleri okutuyordum.,opus_opensubtitles_tr
Kaçışınızdan dolayı sizi tebrik etmedim.,İyi iş becerdiniz!,opus_opensubtitles_tr
"Eğer sahil kurtarma uçağınız beni fark etmeseydi, burada olamazdım.",Herhalde.,opus_opensubtitles_tr
Sizi nerede bulduklarını görmek ister misiniz?,Pekala.,opus_opensubtitles_tr
Bilgilerimiz yetersiz.,Sadece sizin raporunuza dayanıyor.,opus_opensubtitles_tr
Kampın şurada olduğunu sanıyoruz.,Albay Nicholson'a ne olduğu hakkında bir fikriniz var mı?,opus_opensubtitles_tr
Albay Nicholson'a ne olduğu hakkında bir fikriniz var mı?,Cesur biriydi.,opus_opensubtitles_tr
"Onu vurmak üzereydiler ama o, gözünü bile kırpmadı.","Vurulmak üzereyken, yapılacak fazla birşey yoktur.",opus_opensubtitles_tr
"Burası Kwai Nehri, ve şurası da size yardım edilen köy.","Burası Kwai Nehri, ve şurası da size yardım edilen köy.",opus_opensubtitles_tr
Bu da tren hattı.,Bu bölgeye oldukça aşina olmalısınız.,opus_opensubtitles_tr
"Hayır, zamanın yarısında kendimde değildim.",Tren hattı şurada Singapur'da başlıyor.,opus_opensubtitles_tr
"Malaya Bangkok, Rangoon.","Amaçları, Hindistan'ın içlerine kadar ilerlemek.",opus_opensubtitles_tr
- Ben nerede bulunmuştum?,"- Oh, buralarda.",opus_opensubtitles_tr
"Japonlar, Bangkok-Rangoon hattını Mayıs ortalarında açmayı istiyorlar.",Onları engellemeye çalışacağız.,opus_opensubtitles_tr
Onları engellemeye çalışacağız.,Bombacıların yük taşımaları için çok uzak.,opus_opensubtitles_tr
Onu karadan parçalamamız gerekecek.,- Nasıl?,opus_opensubtitles_tr
"- Paraşütle atlayıp, sonra yürüyerek.",Yıkıcı donatımla bu ormanın içinde mi?,opus_opensubtitles_tr
En önemli sorunumuz doğrudan bilgi eksikliğimiz.,"Çünkü, hiçbirimiz daha önce orada bulunmadık.",opus_opensubtitles_tr
- Hevesinizi kırmak istemem...,- Çok ilginç olmalı.,opus_opensubtitles_tr
Albay Green Kwai köprüsünü bana verdi.,Patlatmak için bir ekip götüreceğim.,opus_opensubtitles_tr
Çok şanslısınız.,Çay almayacağınızdan emin misiniz?,opus_opensubtitles_tr
"Hayır, sağolun.",Kabalık etmek istemem ama saat 14:00'de bir randevum var.,opus_opensubtitles_tr
- Sormak istediğiniz birşey varsa...,"- Elbette, bağışlayın.",opus_opensubtitles_tr
Aslında sadece tek bir sorum var.,Geri dönmeyi düşünür müsünüz?,opus_opensubtitles_tr
Anlayamadım?,Sizden çok şey isteniyor belki ama amacımıza erişmek için şahsi bilginize ihtiyacımız var.,opus_opensubtitles_tr
Bize katılmanızı çok isteriz.,Beni buraya bu yüzden mi getirdiniz?,opus_opensubtitles_tr
Bunu sormak için mi?,"Şey, açıkçası, evet.",opus_opensubtitles_tr
Daha yeni çıktım oradan.,Kaçışım bir mucizeydi.,opus_opensubtitles_tr
Şimdi de geri dönmemi bekliyorsunuz!,Saçmalık bu!,opus_opensubtitles_tr
Bu çok utanç verici...,Ben sizin mensubunuz değilim.,opus_opensubtitles_tr
Amerikan Donanması mensubuyum.,"Aslına bakarsanız, Albay Green bu meseleyi sizinkilerle görüştü.",opus_opensubtitles_tr
- Bizimkilerle mi?,- Donanmanız sizi bize devretti.,opus_opensubtitles_tr
Dün sabah Pasifik'ten gelen bir sinyal Force 316'daki göreviniz için geçici transferinize izni verdi.,- Bunu yapamazlar!,opus_opensubtitles_tr
- Korkarım yaptılar bile.,Size nasıl söyleyeceğimi bilmiyordum.,opus_opensubtitles_tr
Bunu bana yapamazlar.,Çok ciddiyim.,opus_opensubtitles_tr
Donanmam bir hata yapmış!,Bakın.,opus_opensubtitles_tr
Ben Donanma kumandanı değilim.,Bir subay bile değilim.,opus_opensubtitles_tr
Bunların hepsi yalan.,"Ben sadece sıradan bir temizlikçiyim, 2. sınıf.",opus_opensubtitles_tr
"Houston battığında, kıyıya gerçek bir kumandanla beraber çıktık.",Bir Japon devriyesine yakalandık.,opus_opensubtitles_tr
O öldürüldü.,Benim de yakalanmam an meselesiydi...,opus_opensubtitles_tr
Siz de ölünün kıyafetlerini giydiniz.,Siz de ölünün kıyafetlerini giydiniz.,opus_opensubtitles_tr
Subayların esir kamplarında daha iyi muamele göreceklerini sanmıştım.,"Ama Saito, subayları da diğerleri gibi çalıştırdı.",opus_opensubtitles_tr
"Beklenmedik şeyler hep olur, değil mi?","Subay olmaya alışmaya başlamıştım ve hastaneye getirildiğimde önce erlerin, sonra da subayların koğuşuna bir göz attım ve kendi kendime dedim ki, "" Bir süre için subay olmaktan birşey çıkmaz.""",opus_opensubtitles_tr
Bazı avantajları vardı.,Bir tanesine plajda şahit oldum.,opus_opensubtitles_tr
Bütün hikaye bu.,"Kısacası, beni kullanamazsınız.",opus_opensubtitles_tr
Sizin istediğiniz bir Amerikan Kumandanı olan Shears;,ki o artık hayatta değil.,opus_opensubtitles_tr
"Donanma gerçeği öğrendiğinde, diyecek ki:","""Bir subayın kimliğine büründüğü için onu buraya gönderin.""",opus_opensubtitles_tr
"- İşte o zaman, başarmış olacağım.",- Ne olacaksınız?,opus_opensubtitles_tr
Başarmış!,Bir içki alabilirim şimdi.,opus_opensubtitles_tr
Sağlık nedeniyle rapor isteyeceğim.,Ormanda aklımı kaçırdığım için bir subayın yerine geçtiğimi söyleyeceğim.,opus_opensubtitles_tr
Daha da kötüye gidiyorum.,Bazen kendimi Amiral Halsey sanıyorum.,opus_opensubtitles_tr
Çok akıllıca bir plan.,"Akıllıca demek yetmez, dört dörtlük.",opus_opensubtitles_tr
"Donanmam benim kim olduğumu öğrenirse o talimatların, üzerine yazılan kağıtlar kadar bile değeri kalmaz.",GİZLİ,opus_opensubtitles_tr
"Bu fotoğraf sizin, değil mi?",- Bunu nereden aldınız?,opus_opensubtitles_tr
- Sizinkiler sizi teşhis edemedikleri için biraz zor oldu.,Sonunda donanmanız sicil dosyanızın bir kopyasını bize gönderdi.,opus_opensubtitles_tr
"Fotoğraf, parmak izleri.",Bakmak ister misiniz?,opus_opensubtitles_tr
Gerçek mevkiinizi yaklaşık bir haftadan beri biliyoruz.,Donanmanız zor bir durumda.,opus_opensubtitles_tr
"Evet, o ormandan kaçmayı başarabildiğiniz için bir kahramansınız.","Ama, bir subay kimliğine büründüğünüz için size madalya da veremezler.",opus_opensubtitles_tr
Sanırım bu yüzden sizi bize devretmekten çok mutlu oldular.,Anlıyor musunuz?,opus_opensubtitles_tr
Fırlatılıp atıldım.,"Mevkiinize gelince biz, Force 316 mensupları bu konuda pek resmi değilizdir.",opus_opensubtitles_tr
Bir binbaşı taklidi yapabilirsiniz.,Bir binbaşı taklidi.,opus_opensubtitles_tr
Olabilir.,Şey...,opus_opensubtitles_tr
"Madem ki buraya çakıldım kaldım, bari gönüllü olayım.","Madem ki buraya çakıldım kaldım, bari gönüllü olayım.",opus_opensubtitles_tr
Çok güzel!,"Oh, Albay Green, efendim.",opus_opensubtitles_tr
"Binbaşı Shears, bana köprüyü uçurmaya yardımcı olmaya gönüllü oldu.",Öyle mi?,opus_opensubtitles_tr
Çok güzel!,"Çok çok güzel, binbaşı!",opus_opensubtitles_tr
Hasta koyuna git.,Ayağın mikrop kapmış.,opus_opensubtitles_tr
Albay hasta numarası yaptığımı zannedecek.,Sağlık yetkilisi benim.,opus_opensubtitles_tr
Acele et!,Neden esaslı bir köprü yapmak istiyor ki?,opus_opensubtitles_tr
Yaşlı Nick için endişelenme.,"O, ne yaptığını iyi bilir.",opus_opensubtitles_tr
"Merhaba, Clipton.",Uzun zamandır görünmüyorsun.,opus_opensubtitles_tr
Çocuklar iyi iş çıkarıyorlar.,Evet.,opus_opensubtitles_tr
Nasıl davranıyor?,Görevi üstlendiğimizden beri çok mantıklı biri oldu.,opus_opensubtitles_tr
- Ne düşünüyor?,- Hiçbir fikrim yok.,opus_opensubtitles_tr
"- Teşekkürler, Reeves.","- Rica ederim, efendim.",opus_opensubtitles_tr
Ne düşünüyorsun?,"Zorlu bir iş, değil mi?",opus_opensubtitles_tr
Bu köprüyü inşa etmenin iyi bir fikir olduğuna inanıyor musunuz?,- Ciddi misin?,opus_opensubtitles_tr
"- Evet, efendim.",İyi fikir mi?,opus_opensubtitles_tr
Bir daha bak.,Sence moralleri yükselmedi mi?,opus_opensubtitles_tr
Disiplin yeniden ele alınmadı mı?,Sağlık durumları düzelmedi mi?,opus_opensubtitles_tr
"Daha mutlular, değiller mi?",Daha iyi besleniyor ve artık işkence görmüyorlar.,opus_opensubtitles_tr
"Doğrusu, Clipton, bazen seni hiç anlayamıyorum.",Daha açık konuşayım.,opus_opensubtitles_tr
"Şu var ki, yaptığımız şey, bağışlayın ama efendim düşmanla işbirliği olarak yorumlanabilir.",Hatta vatana ihanet.,opus_opensubtitles_tr
Biz savaş mahkumlarıyız.,Çalışmayı reddetmek hakkına sahip değiliz.,opus_opensubtitles_tr
"Bunu anlıyorum, efendim.",Ama bu kadar mı iyi çalışmalıyız?,opus_opensubtitles_tr
Kendi yapacaklarından daha iyisini mi yapmak zorundayız?,"Saito'yu ameliyat etsen, elinden geleni mi yapar, ölümemi bırakırdın?",opus_opensubtitles_tr
İşsizlik içinde bölünmemizi mi tercih ediyorsun?,Ya da düzgün bir iş yapamadığımızın söylenmesini mi?,opus_opensubtitles_tr
Bizi ne fiziksel ne de ruhsal anlamda etkiliyemiyeceklerini göstermeliyiz.,"İyi bak, Clipton.",opus_opensubtitles_tr
Bir gün savaş bitecek.,"Ümit ediyorum ki, ileri yıllarda bu köprüden geçenler buranın nasıl ve kimler tarafından yapıldığını hatırlayacaklardır.",opus_opensubtitles_tr
"Esirler değil, askerler tarafından.","İngiliz askerleri, esarette bile.",opus_opensubtitles_tr
"- Evet, efendim.",- İyi bir doktorsun fakat ordu hakkında öğrenmen gereken çok şey var.,opus_opensubtitles_tr
Tut onu!,Tut onu!,opus_opensubtitles_tr
Botunu kullan!,"Botunu oraya koy, tamam mı?",opus_opensubtitles_tr
Günaydın!,SHEARS,opus_opensubtitles_tr
Nereye bakıyorsunuz öyle?,Onu botunla yakala!,opus_opensubtitles_tr
"Geciktiğim için üzgünüm, efendim.",Tam olarak dört dakika.,opus_opensubtitles_tr
Sağlık sorunlarınız mı vardı?,- Efendim?,opus_opensubtitles_tr
- Hemşireyi kastediyorum.,Çok hünerli.,opus_opensubtitles_tr
Warden haklıymış.,Oturun.,opus_opensubtitles_tr
"Sizi, ekibinizin 4. üyesini seçmemize yardımcı olmanız için çağırdım.",- Bay Joyce'u içeri çağırın.,opus_opensubtitles_tr
"- Evet, efendim.","Chapman, Joyce'u istiyor, ama ben emin değilim.",opus_opensubtitles_tr
Hesaplamaktansa tahmin yapmayı sever.,"Söylediğim gibi bu işte, iş bittikten sonra bile, hep yapılacak bir iş daha vardır.",opus_opensubtitles_tr
Okuldaki en iyi yüzücümüz odur.,Sizin düşüncenizi gayet iyi biliyorum.,opus_opensubtitles_tr
Shears'in görüşünü almak istiyorum.,"Pekala, rahat.",opus_opensubtitles_tr
Bu beyler seni ormanda bir yürüyüşe çıkarmak istiyorlar.,"Evet, efendim.",opus_opensubtitles_tr
Montreal'de bir muhasebeci miydin?,"Evet, efendim.",opus_opensubtitles_tr
Pek muhasebeci sayılmaz.,"Çünkü, belgem yoktu.",opus_opensubtitles_tr
Tam olarak ne yapıyordun?,"Şey, efendim, benden önce kontrolden geçmiş ve benden sonra kontrolden geçecek olan çizelgeleri kontrol ediyordum.",opus_opensubtitles_tr
- Çok can sıkıcı olmalı.,"- Evet, efendim, öyleydi.",opus_opensubtitles_tr
Buraya nasıl geldin?,"Askere yazılmak için '39'da Londra'ya geldim, sonra da bu işe gönüllü oldum.",opus_opensubtitles_tr
"- Gönüllü, ha!","- Evet, efendim.",opus_opensubtitles_tr
"Bakın, normal Ordu...","Devam et, açık konuşabilirsin.",opus_opensubtitles_tr
"Şey, normal ordu bana sivil hayatımdaki işimi hatırlattı.",Kafa çalıştırmanız beklenmiyor.,opus_opensubtitles_tr
Şunu düşün.,Bunu soğukkanlılıkla kullanabileceğinden emin misin?,opus_opensubtitles_tr
Nasıl kullanılacağını biliyorum.,Sorduğum şey bu değildi.,opus_opensubtitles_tr
Soğukkanlılıkla kullanabilir misin?,Tereddüt etmeden öldürebilir misin?,opus_opensubtitles_tr
Bu soruyu kendime sormuştum.,Beni oldukça endişelendiriyordu.,opus_opensubtitles_tr
Peki cevabın neydi?,"Gerçekten bilemiyorum, efendim.",opus_opensubtitles_tr
Kendimi o şekilde hayal etmeye...,Öldürmenin bir suç olmadığını kendime anlatmakta güçlük çekiyorum galiba.,opus_opensubtitles_tr
"Bu, eski bir ordu problemidir.","Pekala, sanırım hepsi bu kadar.",opus_opensubtitles_tr
"Teşekkür ederim, Joyce.",Ekiple gidecek miyim?,opus_opensubtitles_tr
Sana bildireceğiz.,Demek istediğim buydu.,opus_opensubtitles_tr
En azından dürüsttü.,"O an gelene kadar, bu sorunun cevabını hiçbirimiz bilemeyiz.",opus_opensubtitles_tr
"Görüşün nedir, Shears?","Şey, o bir Kanadalı.",opus_opensubtitles_tr
Bu da ekibimizin uluslararası oluşumuna uyuyor.,"Eğer gitmek istiyorsa, benim yerimi bile alabilir!",opus_opensubtitles_tr
"Pekala, eğer hepiniz Joyce için aynı fikirdeyseniz, artık sizindir.",Elimde köy hakkında keşif uçağı raporu var.,opus_opensubtitles_tr
Akşam karanlığında atlamanıza yetecek kadar açıklık var.,- Paraşüt eğitimi almış mıydınız?,opus_opensubtitles_tr
"- Hayır, efendim.",Kahretsin!,opus_opensubtitles_tr
Bu çok kötü.,Tuhaf ama hiç başıma gelmemişti!,opus_opensubtitles_tr
"Şey, o halde...",Haklı.,opus_opensubtitles_tr
Ona atlama tatbikatı ayarlansın.,Hemen gidip bakayım.,opus_opensubtitles_tr
"- Pekala, Chapman, gidebilirsin.","- Evet, efendim.",opus_opensubtitles_tr
Hava kokusu almaya hazır mısın?,"Evet, efendim.",opus_opensubtitles_tr
Ne kadar önemli biri olduğunu anlamıyorsun.,"Bölge hakkındaki malumatın, köyde edindiğin dostların.",opus_opensubtitles_tr
Sanki bizi düşünerek oradan kaçmayı planlamışsın gibi.,"Bu arada, işte ilgini çekecek birşey.",opus_opensubtitles_tr
"Yeni ""Ö"" hapı.",- Ö hapı mı?,opus_opensubtitles_tr
- Öldürücünün Ö'sü.,"Anında, acısız.",opus_opensubtitles_tr
Eskilerinden çok daha iyi.,"Yakalanırsan diye, tabii ki.",opus_opensubtitles_tr
Yani canlı olarak yakalanmamamı söylüyorsunuz.,Bunu tavsiye etmem.,opus_opensubtitles_tr
İçinizden biri yaralanırsa onu bırakmak zorundasınız.,Amacımıza ulaşmak başta gelmeli.,opus_opensubtitles_tr
Gerçek görüşümü duymak ister misiniz?,Onların önünde söylemek istemedim.,opus_opensubtitles_tr
"Anlıyorum, devam et.",Chapman idare eder.,opus_opensubtitles_tr
Çok soğukkanlı biri.,Joyce...,opus_opensubtitles_tr
O da idare eder.,- Ama Warden'ı bilemiyorum.,opus_opensubtitles_tr
- Oh?,Neden?,opus_opensubtitles_tr
Cambridge'de öğretmenlik vesaire.,Bir çocuğun çatapatlarla oynaması gibi patlayıcalra oynamak bir yana...,opus_opensubtitles_tr
"Tecrübesiz biri değil, biliyorsunuz.","Singapur çöktüğü zaman, o geride kalarak iki köprü patlattı.",opus_opensubtitles_tr
Japonlar onu yakalamadan önce daha pek çok iş başardı.,- İlginç bir hikaye.,opus_opensubtitles_tr
O...,"- Efendim, çok üzücü.",opus_opensubtitles_tr
"Zaman açısından, tatbiki atlayışların değmeyeceğini söylüyorlar.",Tek bir atlayışta yaralanma ihtimali 50% imiş.,opus_opensubtitles_tr
"İki atlayışta, 80%.","Üç atlayışta ise, ölüm ihtimali kesin gibiymiş.",opus_opensubtitles_tr
"Bizce, Shears'ın yapacağı en mantıklı şey gidip atlamak ve en iyi atlayışı ümit etmek.",Paraşütlü mü paraşütsüz mü?,opus_opensubtitles_tr
"Oh, çok iyiydi!","""Paraşütlü mü, paraşütsüz mü?""",opus_opensubtitles_tr
Ağaçların arasında!,"Yai diyor ki, Kwai'ye senin yolundan gidemeyiz.",opus_opensubtitles_tr
Çok fazla Japon devriyesi varmış.,Ormanın içinden kuzeye ilerleyeceğiz.,opus_opensubtitles_tr
Çok fazla Japon devriyesi varmış.,Ormanın içinden kuzeye ilerleyeceğiz.,opus_opensubtitles_tr
- Kim rehberlik yapacak?,- Yai.,opus_opensubtitles_tr
Japonlardan nefret ediyor.,Bütün adamlarını almışlar.,opus_opensubtitles_tr
Yani elimizdeki kadınları kullanacağız.,- Elimizdeki kadınlar!,opus_opensubtitles_tr
- Becerebilirler.,Geceyi burada geçirmenin tehlikeli olduğunu söylüyor.,opus_opensubtitles_tr
5 km.,Uzaklıkta bir düşman kampı olduğu için ormanın içinde uyumak zorundayız.,opus_opensubtitles_tr
- Chapman ne olacak?,- Yai onu ve paraşütünü gömecek.,opus_opensubtitles_tr
Bir sorun mu var?,Düşünüyordum da; sen Yai'nin dilini biliyorsun.,opus_opensubtitles_tr
Bense bilmiyorum.,"Sizi nehre o götürecek, hem de benim daha önce hiç gitmediğim bir yoldan.",opus_opensubtitles_tr
Bu ekip için neden çok gerekli olduğumu söyleyebilir misiniz?,Ne hissettiğini anlıyorum ama her zaman beklenmedik şeyler çıkabilir.,opus_opensubtitles_tr
Bunu Chapman'a anlat.,"Hayd, i gidelim!",opus_opensubtitles_tr
Çok tatlısın.,Tatlı.,opus_opensubtitles_tr
İşini seve seve yap!,"Evet, efendim.",opus_opensubtitles_tr
Sülükler.,Sülükler.,opus_opensubtitles_tr
Kımıldamamanı söylüyor.,Sırtındaki sülükleri temizleyecek.,opus_opensubtitles_tr
Senin gibi bir kızın böyle bir yerde işi ne?,Sana bunu Siyamca söylemeyi öğreteyim.,opus_opensubtitles_tr
"Hayır, bu havayı bozar.",Fazla konuşma havayı hep bozar.,opus_opensubtitles_tr
O şeyin nesi var?,Kötü bir darbe almış.,opus_opensubtitles_tr
Güçlü bir sinyal alamıyorum.,Ben söyleyeyim.,opus_opensubtitles_tr
Islak ve küflü!,Bu ormandaki herşey gibi.,opus_opensubtitles_tr
Hatta çöpe atabilirsin!,Radyo Tokyo programı sona erdi.,opus_opensubtitles_tr
En cana yakın düşmanınız der ki sakin olun ve hiçbir işe gönüllü olmayın.,"Burada kalırsak, tamamen ıslanacağız.",opus_opensubtitles_tr
"- Şifreyi çözdüm, efendim.","- Oku, haydi!",opus_opensubtitles_tr
"Evet, efendim. "" Bir, ilk köprü çalışması bırakılmıştır.",Yeni inşaat ilk yerinin akıntı yönündedir.,opus_opensubtitles_tr
"İki, düşman Bangkok'dan Rangoon'a askeri birlikler ve önemli kişiler taşıyacak bir tren ile tren hattını açmayı planlıyor.","Hedefin tahmini varış zamanı, ayın 13'ü, öğleden önce.",opus_opensubtitles_tr
"Üç, trenin geçişiyle eşzamanlı patlatma.","Dört, iyi avlar.",opus_opensubtitles_tr
"İyi eğlenceler."" Hepsi bu kadar.",Bir tren ve bir köprü!,opus_opensubtitles_tr
"Oraya zamanında varabilir miyiz, efendim?","Yai, iki-üç gün uzaklıkta olduğumuzu söylüyor.",opus_opensubtitles_tr
"Daha hızlı ilerlersek, 12'sinde gün batımından önce orada olabilirmişiz.",Tren için değer.,opus_opensubtitles_tr
"Oh, elbette.",İyi bir av.,opus_opensubtitles_tr
Harika bir iş.,Çok eğlenceli.,opus_opensubtitles_tr
Çok ama çok.,"Radyoyu tamir etmeseydin, treni bilemeyecektik.",opus_opensubtitles_tr
"Her zaman beklenmedik bir şeyler çıkar, değil mi?","- 0,225 litre, efendim.",opus_opensubtitles_tr
- Kinin.,Daha sonra bitiririz.,opus_opensubtitles_tr
"- Clipton, bir kriz yaşıyoruz.","- Evet, efendim?",opus_opensubtitles_tr
Reeves ve Hughes ile konuştum.,Köprüyü zamanında bitiremeyeceğiz.,opus_opensubtitles_tr
Yeterli adamımız yok.,"Subaylardan yardım istedim, ama bu da yeterli değil.",opus_opensubtitles_tr
Subaylar çalışacaklar mı?,"Durumu onlara açıkladım ve gönüllü oldular, ama bu da yetmiyor.",opus_opensubtitles_tr
Neden Saito'dan adam istemiyorsunuz?,Bu bizim işimiz.,opus_opensubtitles_tr
Kendi elimizdekilerle yetinmek zorundayız.,Sana bu yüzden geldim.,opus_opensubtitles_tr
Hasta listesi.,Hastanede oraya ait olmayan hiç kimse yok.,opus_opensubtitles_tr
"Seni kınadığımı zannetme sakın, ama hasta numarası yapanlar olabilir.",Gözünü açık tut yeter.,opus_opensubtitles_tr
"Haydi, bir bakalım.","Kalkmayın, kalkmayın.",opus_opensubtitles_tr
Haskins'in nesi var?,Amipli dizanteri ve karasu humması.,opus_opensubtitles_tr
Ateşi 40.,Pekala.,opus_opensubtitles_tr
Anlıyorum.,Ya bunun?,opus_opensubtitles_tr
Bacağı iltihaplı.,"Bu gece biraz daha kesebilirsem, kurtarabilirim.",opus_opensubtitles_tr
Onu gerçekten çalıştırmayı mı düşünüyorsunuz?,"Saçma konuşma, Clipton.",opus_opensubtitles_tr
Ya şu adam?,Kolu enfeksiyonlu.,opus_opensubtitles_tr
Çoğu yaraları tamamen iyileşmeyecek.,"Açık hava ve hafif işler, buraya tıkılmalarından daha iyi olmaz mı?",opus_opensubtitles_tr
- Hafif işler mi?,"- Kurallar, sadece kolu sıyrıldı diye birini tutmayı gerektirmiyor.",opus_opensubtitles_tr
- Kurallar mı?,"Tamamen formda olmayabilirler ama, yine de yararları dokunabilir.",opus_opensubtitles_tr
Süslemeler ve son rötuşlar gibi.,"Rahat, Baker.",opus_opensubtitles_tr
Köprüde hafif işler yapacak kadar kendini güçlü hissediyor musun?,"- Siz ne derseniz, efendim.",opus_opensubtitles_tr
- Güzel.,Ya sen?,opus_opensubtitles_tr
Kolay işler.,"- Denerim, efendim.",opus_opensubtitles_tr
- Aferin.,"Bakın, beyler.",opus_opensubtitles_tr
Hepinizle gurur duyduğumu söylememe gerek yok.,Ama bir krizle karşı karşıyayız.,opus_opensubtitles_tr
"Sorum, kendini iyi hissedenlere.",Yardım eli uzatmaya ne dersiniz?,opus_opensubtitles_tr
Getir-götür ve boyama işlerine?,Ne dersiniz?,opus_opensubtitles_tr
"- Evet, efendim.",- Güzel.,opus_opensubtitles_tr
"Haydi, beni izleyin.",10 dakika.,opus_opensubtitles_tr
Hepsinin öldüğünden emin ol.,"Haydi, Joyce.",opus_opensubtitles_tr
Bıçakları kullanın yoksa birbirimizi vurabiliriz.,"O taraftan git, Joyce.",opus_opensubtitles_tr
Yapabilirdim.,Buna hazırdım.,opus_opensubtitles_tr
"Yaralandınız mı, efendim?",Gidelim.,opus_opensubtitles_tr
Yüzeysel birşey.,"Çatlak bir kemik olabilir, ama kırık değil.",opus_opensubtitles_tr
"- Benim hatam, efendim.","- Oh, kapa çeneni.",opus_opensubtitles_tr
Yürüyebilirim.,Önemli olan da bu.,opus_opensubtitles_tr
Evet ama nereye kadar ve ne hızda?,"Bunu, denemeden önce bilemeyiz, değil mi?",opus_opensubtitles_tr
Ne yapıyorsunuz?,Mola için emir vermedim.,opus_opensubtitles_tr
Hepimizin ihtiyacı var.,Hızlı adımlarla daha beş saatlik yolumuz var.,opus_opensubtitles_tr
Belki de altı.,Haydi.,opus_opensubtitles_tr
"Yürümeye devam edersen, kanamadan öleceksin.",- Beni burada bırakacaksınız.,opus_opensubtitles_tr
"- Sen durursan, biz de dururuz.",Karanlık basınca köprünün planını inceleyemezsiniz.,opus_opensubtitles_tr
Gün batımından önce orada olmalısınız.,"Ama, efendim, iş bittikten sonra, aynı yoldan geri dönemeyebilir dönsek bile sizi burada bulamayabiliriz.",opus_opensubtitles_tr
"Yerimde sen olsaydın, seni tereddütsüz bırakırdım, bunu biliyorsun.",O bilmez ama ben biliyorum.,opus_opensubtitles_tr
"Kurallar söz konusuysa, öz anneni bile burada bırakırdın.",Bensiz devam edeceksiniz.,opus_opensubtitles_tr
Bu bir emirdir.,"Kumanda artık sende, Shears.",opus_opensubtitles_tr
Bu emre itaat etmeyeceğim.,Kahramanlık tavırlarından bıktım.,opus_opensubtitles_tr
Ölüm kokusunu bela gibi üzerinde taşıyorsun.,Patlayıcılar ve Ö-hapları birbirini iyi tamamlar.,opus_opensubtitles_tr
Ya öyle ya böyle.,"Ya köprüyü yok et, ya da kendini.",opus_opensubtitles_tr
Bu savaş sadece bir oyun.,Sen ve şu Albay Nicholson.,opus_opensubtitles_tr
Yiğitlik için çıldırıyorsunuz.,Ne için?,opus_opensubtitles_tr
"Asıl önemli olan insan gibi yaşamakken, siz nasıl bir beyefendi gibi ve nasıl kurallara göre ölünür, onu düşünüyorsunuz!","Seni burada ölüme terk etmeyeceğim, Warden çünkü ne köprü ne de kuralların umurumda değil.",opus_opensubtitles_tr
"Gideceksek, beraber gideceğiz.",Sevgili Yai.,opus_opensubtitles_tr
Tamam.,Haydi.,opus_opensubtitles_tr
Daha yaklaşalım.,Seni getirdiğimize hala üzgün müsün?,opus_opensubtitles_tr
- Daha iyi misin?,- Evet.,opus_opensubtitles_tr
"Kumanda yine sende, biliyorsun.","Teşekkürler, binbaşı.",opus_opensubtitles_tr
Anlayamıyorum.,Ne kadar sağlam ve ne kadar iyi tasarlanmış bir yapım.,opus_opensubtitles_tr
Düşmanın genelde gelişigüzel yaptığı köprülerden değil.,Bakın.,opus_opensubtitles_tr
Aşağıdaki şu zavallılara.,O şartlarda böyle bir iş yapmaya zorlandığınızı düşünsenize.,opus_opensubtitles_tr
Dizleri üstüne çökmüş bir İngiliz subayını çalıştırıyorlar.,Japonlar da bundan keyif alıyor gibiler.,opus_opensubtitles_tr
"Burada olduğumuzu bilse, morali yerine gelirdi.",BU KÖPRÜ İNGİLİZ ORDUSU ASKERLERİ TARAFINDAN,opus_opensubtitles_tr
TASARLANMIŞ VE KURULMUŞTUR,ŞUBAT,opus_opensubtitles_tr
- MAYIS 1943 KD.,YRB.,opus_opensubtitles_tr
L. NICHOLSON KOMUTANLIĞINDA,"Tren işi olmasaydı, saatli bomba koyup, uzaklaşabilirdik.",opus_opensubtitles_tr
Yarın kaçta geçeceğini bilmediğimize göre el ile yapmak zorunda kalacağız.,...el ile yapmak zorunda kalacağız.,opus_opensubtitles_tr
Barutları suyun altındaki temel kazıklarının 1 m.,Kadar altına yerleştirip ana tesisatı akıntı yönünde pompalayacağız.,opus_opensubtitles_tr
"Sorun, nerede saklayacağımızda.",Nehrin bulunduğumuz yakası belli ki Japonlar tarafından kullanılıyor.,opus_opensubtitles_tr
Hemen fark ederler.,Bak.,opus_opensubtitles_tr
Şu düşmüş ağaç gövdelerini görüyor musun?,Ve hemen altlarındaki gri kayayı?,opus_opensubtitles_tr
"- Evet, efendim, görüyorum.",- Kilit mevkimiz orası.,opus_opensubtitles_tr
Nehrin ters yönünde ama uygun uzaklıktaki tek saklanılabilecek yer.,Köprü havaya uçtuğunda orada olan her kimse geri yüzmesi gerekecek.,opus_opensubtitles_tr
Keyifli bir yüzüş olmayacak.,"Efendim, sınıftaki en iyi yüzücü bendim.",opus_opensubtitles_tr
"Tam senin işin, o halde.",Teşekkür ederim.,opus_opensubtitles_tr
"Shears, bizim yakamızda Joyce'u koruyabilmen için bir yer belirle.","Yai de seninle gelecek ki, Japonlar Joyce'a sorun çıkarırlarsa ikiniz onları oyalayabilin.",opus_opensubtitles_tr
"Başka bir aksilik çıkma ihtimali üzerine, onları şaşırtmak için buraya fazladan bir havan topu daha koyacağım.",Belki trene bile birkaç atış yapabilirim.,opus_opensubtitles_tr
Herşey açık mı?,Sorusu olan?,opus_opensubtitles_tr
"Pekala, hava kararır kararmaz başlayacaksınız.",Köprü üzerinde mutlaka nöbetçi asker olacaktır bu yüzden malzemeleri nehir yukarı yüzdürerek taşıman gerekecek yani bir sal yapman gerekiyor.,opus_opensubtitles_tr
Yai.,Yai sana yardım için 3 kadın verecek.,opus_opensubtitles_tr
Birisi burada benimle kalacak.,"Pekala, haydi bakalım!",opus_opensubtitles_tr
"Biliyorsun, ayağım böyle olmasaydı, Joyce'un görevini ben üstlenirdim.",Sence başarabilecek mi?,opus_opensubtitles_tr
Sanırım.,Benim yapmamı ister misin?,opus_opensubtitles_tr
Elimde olsa seni burada topun başında bırakırdım.,Üzgünüm.,opus_opensubtitles_tr
"İş bittiğinde, umarım sağlık raporunu alırsın zorlanmadan.",Sağol.,opus_opensubtitles_tr
Doldur.,Çok güzel.,opus_opensubtitles_tr
"Evet, çok güzel.",Birinci sınıf bir iş.,opus_opensubtitles_tr
Bu kadar güzel olacağını tahmin etmiyordum.,"Evet, harika bir eser.",opus_opensubtitles_tr
Düşünüyordum da...,"Yarın, hizmetimin 28.",opus_opensubtitles_tr
Yılını doldurmuş olacağım.,Barışta ve savaşta 28 yıl.,opus_opensubtitles_tr
Bu sürenin 10 ayından fazlasını evimde geçirmedim.,"Yine de, iyi bir hayatım oldu.",opus_opensubtitles_tr
Hindistan'ı sevdim.,Başka türlü olsun istemezdim.,opus_opensubtitles_tr
Ama bazen...,Birdenbire farkına varıyorsun ki sona başlangıçtan daha yakınsın.,opus_opensubtitles_tr
Ve düşünüyorsun...,Kendine şunu soruyorsun:,opus_opensubtitles_tr
Hayatının tümü neyi temsil ediyor?,Herhangi bir zamanda herhangi bir yerde oluşun neyi değiştirdi ya da birşeyi değiştirdi mi?,opus_opensubtitles_tr
Özellikle diğer insanların kariyerleriyle karşılaştırırsak.,Bu düşünce tarzı sağlıklı mıdır bilmiyorum ama itiraf etmeliyim ki zaman zaman bu meslekleri aklımdan geçirdim.,opus_opensubtitles_tr
Ama bu gece...,Bu gece...,opus_opensubtitles_tr
Kahretsin.,Gitmeliyim.,opus_opensubtitles_tr
Çocuklar bir tür eğlence hazırlıyorlar.,Tatlı.,opus_opensubtitles_tr
Olsaydın tek kız,Dünyadaki,opus_opensubtitles_tr
Ve sen de tek erkek,Başka şey istemezdim,opus_opensubtitles_tr
Bugünkü hayattan,Severdik birbirimizi,opus_opensubtitles_tr
Her zamanki gibi,İkimize özel bir Cennet Bahçesi,opus_opensubtitles_tr
Eminim hepimiz adına söyleyebilirim ki bu çok keyifli bir akşamdı.,Çoğunuz yarın yeni bir kampa ve yeni bir inşaata gideceksiniz.,opus_opensubtitles_tr
Ne yazık ki köprünün ilk tatbiki kullanımını göremeyeceksiniz.,"Ama, şuna memnun olacaksınızdır ki bu tren yolu hattının tamamlanması hasta ve sakatlarımızı yeni kampa trenle taşımamızı sağlayacak.",opus_opensubtitles_tr
"Albay Saito, Binbaşı Clipton ve hastalarla beraber kalmama izin verdi sizlere birkaç gün içinde katılacağız.",Artık işinizin bittiğine göre umarım üzülüyorsunuzdur.,opus_opensubtitles_tr
Bunu anlayabiliyorum.,Çok doğal bir tepki.,opus_opensubtitles_tr
"Ama bir gün; bir hafta, bir ay, bir yıl sonra olsun o gün geldiğinde, inşallah, hepimiz evlerimize döneceğiz işte o zaman, burada büyük zorluklarla başardığınız bu işten hepiniz gurur duyacaksınız.",Yaptıklarınız vatandaşlarımıza askerimize ve sivillere örnek olmalıdır ve olacaktır.,opus_opensubtitles_tr
Şerefinizle ayakta kaldınız.,Dahası da var.,opus_opensubtitles_tr
Bu ıssız bölgede yenilgiyi zafere çevirdiniz.,Sizi tebrik ediyorum.,opus_opensubtitles_tr
Bravo.,Krala.,opus_opensubtitles_tr
Haydi bakalım.,Herşeyi aldın mı?,opus_opensubtitles_tr
"Bitki sapı, cephane, çıkın, matara, bıçak.",Ben nehrin tam karşısında olacağım.,opus_opensubtitles_tr
"Profesör, her zaman yapılacak birşey daha vardır, der.",Ne olabileceği aklıma gelmiyor.,opus_opensubtitles_tr
Sana uzun ve mutlu bir hayat dilemekten başka.,Teşekkür ederim.,opus_opensubtitles_tr
Ne oldu?,Nehir alçalmış.,opus_opensubtitles_tr
Kablo görünüyor.,Patlayıcılar!,opus_opensubtitles_tr
Treni bekleme.,Şimdi yap!,opus_opensubtitles_tr
"Saito yanılmıyorsa, tren 5-10 dakika içinde gelecek.","Sakıncası yoksa, yukarıdaki tepeden bakacağım.",opus_opensubtitles_tr
Neden?,Köprüden daha iyi görürsün.,opus_opensubtitles_tr
"Açıklaması zor, efendim.",Bir parçası olmamayı tercih ederim.,opus_opensubtitles_tr
Nasıl istersen.,"Gerçekten, seni bazen hiç anlayamıyorum.",opus_opensubtitles_tr
"Daha önce de söylediğiniz gibi, ordu hakkında öğrenecek çok şeyim var.",Günaydın.,opus_opensubtitles_tr
Gece nehir alçalmış.,Ne yapıyor?,opus_opensubtitles_tr
"Albay, tuhaf birşeyler oluyor.",Tren varmadan önce etrafa bir baksak iyi olacak.,opus_opensubtitles_tr
Çıldırmış bu adam.,Onu tam oraya götürüyor!,opus_opensubtitles_tr
Kendi adamımız!,Haklıymışım.,opus_opensubtitles_tr
Birşeyler dönüyor.,"Yapmalısın, evlat!",opus_opensubtitles_tr
Şimdi yapmalısın!,Bıçağınız var mı?,opus_opensubtitles_tr
"Şimdi anladım, köprü mayınlanmış!",Mayın mı?,opus_opensubtitles_tr
Mayın mı?,"Aferin, evlat!",opus_opensubtitles_tr
İngiliz subayı!,Köprüyü uçurmak için buradayım.,opus_opensubtitles_tr
- Köprüyü uçurmak mı?,- Evet.,opus_opensubtitles_tr
İngiliz komandosu emri.,- Köprüyü uçurmak mı?,opus_opensubtitles_tr
- Evet.,Hiç zaman yok!,opus_opensubtitles_tr
"Hayır, hayır!",Yardım edin!,opus_opensubtitles_tr
Öldür onu!,Öldür onu!,opus_opensubtitles_tr
"Bırakın beni, efendim!",Anlamıyorsunuz!,opus_opensubtitles_tr
Öldür onu!,Öldür onu!,opus_opensubtitles_tr
"Öldür onu, Joyce!",Sen!,opus_opensubtitles_tr
Sen!,Ne yaptım ben?,opus_opensubtitles_tr
Olamaz!,Yapmak zorundaydım!,opus_opensubtitles_tr
Yapmak zorundaydım.,Sağ olarak yakalanabilirlerdi!,opus_opensubtitles_tr
Yapılacak tek şey buydu!,Olamaz!,opus_opensubtitles_tr
Olamaz!,Onunla istediğinizi yapabilirsiniz.,opus_opensubtitles_tr
İşte burası.,Girin.,opus_opensubtitles_tr
"Oh, bir fincan çay için can atıyorum.",- Siz de alır mıydınız?,opus_opensubtitles_tr
"- Hayır, teşekkürler.",- Bir içki?,opus_opensubtitles_tr
"- Hayır, teşekkürler.","- Bir kişilik çay lütfen, Peter.",opus_opensubtitles_tr
"- Tabii, efendim.",Bunu siz mi okuyorsunuz?,opus_opensubtitles_tr
Savaştan önce Cambridge'de Doğu dilleri okutuyordum.,Kaçışınızdan dolayı sizi tebrik etmedim.,opus_opensubtitles_tr
İyi iş becerdiniz!,"Eğer sahil kurtarma uçağınız beni fark etmeseydi, burada olamazdım.",opus_opensubtitles_tr
Herhalde.,Sizi nerede bulduklarını görmek ister misiniz?,opus_opensubtitles_tr
Pekala.,Bilgilerimiz yetersiz.,opus_opensubtitles_tr
Sadece sizin raporunuza dayanıyor.,Kampın şurada olduğunu sanıyoruz.,opus_opensubtitles_tr
Albay Nicholson'a ne olduğu hakkında bir fikriniz var mı?,Albay Nicholson'a ne olduğu hakkında bir fikriniz var mı?,opus_opensubtitles_tr
Cesur biriydi.,"Onu vurmak üzereydiler ama o, gözünü bile kırpmadı.",opus_opensubtitles_tr
"Vurulmak üzereyken, yapılacak fazla birşey yoktur.","Burası Kwai Nehri, ve şurası da size yardım edilen köy.",opus_opensubtitles_tr
"Burası Kwai Nehri, ve şurası da size yardım edilen köy.",Bu da tren hattı.,opus_opensubtitles_tr
Bu bölgeye oldukça aşina olmalısınız.,"Hayır, zamanın yarısında kendimde değildim.",opus_opensubtitles_tr
Tren hattı şurada Singapur'da başlıyor.,"Malaya Bangkok, Rangoon.",opus_opensubtitles_tr
"Amaçları, Hindistan'ın içlerine kadar ilerlemek.",- Ben nerede bulunmuştum?,opus_opensubtitles_tr
"- Oh, buralarda.","Japonlar, Bangkok-Rangoon hattını Mayıs ortalarında açmayı istiyorlar.",opus_opensubtitles_tr
Onları engellemeye çalışacağız.,Onları engellemeye çalışacağız.,opus_opensubtitles_tr
Bombacıların yük taşımaları için çok uzak.,Onu karadan parçalamamız gerekecek.,opus_opensubtitles_tr
- Nasıl?,"- Paraşütle atlayıp, sonra yürüyerek.",opus_opensubtitles_tr
Yıkıcı donatımla bu ormanın içinde mi?,En önemli sorunumuz doğrudan bilgi eksikliğimiz.,opus_opensubtitles_tr
"Çünkü, hiçbirimiz daha önce orada bulunmadık.",- Hevesinizi kırmak istemem...,opus_opensubtitles_tr
- Çok ilginç olmalı.,Albay Green Kwai köprüsünü bana verdi.,opus_opensubtitles_tr
Patlatmak için bir ekip götüreceğim.,Çok şanslısınız.,opus_opensubtitles_tr
Çay almayacağınızdan emin misiniz?,"Hayır, sağolun.",opus_opensubtitles_tr
Kabalık etmek istemem ama saat 14:00'de bir randevum var.,- Sormak istediğiniz birşey varsa...,opus_opensubtitles_tr
"- Elbette, bağışlayın.",Aslında sadece tek bir sorum var.,opus_opensubtitles_tr
Geri dönmeyi düşünür müsünüz?,Anlayamadım?,opus_opensubtitles_tr
Sizden çok şey isteniyor belki ama amacımıza erişmek için şahsi bilginize ihtiyacımız var.,Bize katılmanızı çok isteriz.,opus_opensubtitles_tr
Beni buraya bu yüzden mi getirdiniz?,Bunu sormak için mi?,opus_opensubtitles_tr
"Şey, açıkçası, evet.",Daha yeni çıktım oradan.,opus_opensubtitles_tr
Kaçışım bir mucizeydi.,Şimdi de geri dönmemi bekliyorsunuz!,opus_opensubtitles_tr
Saçmalık bu!,Bu çok utanç verici...,opus_opensubtitles_tr
Ben sizin mensubunuz değilim.,Amerikan Donanması mensubuyum.,opus_opensubtitles_tr
"Aslına bakarsanız, Albay Green bu meseleyi sizinkilerle görüştü.",- Bizimkilerle mi?,opus_opensubtitles_tr
- Donanmanız sizi bize devretti.,Dün sabah Pasifik'ten gelen bir sinyal Force 316'daki göreviniz için geçici transferinize izni verdi.,opus_opensubtitles_tr
- Bunu yapamazlar!,- Korkarım yaptılar bile.,opus_opensubtitles_tr
Size nasıl söyleyeceğimi bilmiyordum.,Bunu bana yapamazlar.,opus_opensubtitles_tr
Çok ciddiyim.,Donanmam bir hata yapmış!,opus_opensubtitles_tr
Bakın.,Ben Donanma kumandanı değilim.,opus_opensubtitles_tr
Bir subay bile değilim.,Bunların hepsi yalan.,opus_opensubtitles_tr
"Ben sadece sıradan bir temizlikçiyim, 2. sınıf.","Houston battığında, kıyıya gerçek bir kumandanla beraber çıktık.",opus_opensubtitles_tr
Bir Japon devriyesine yakalandık.,O öldürüldü.,opus_opensubtitles_tr
Benim de yakalanmam an meselesiydi...,Siz de ölünün kıyafetlerini giydiniz.,opus_opensubtitles_tr
Siz de ölünün kıyafetlerini giydiniz.,Subayların esir kamplarında daha iyi muamele göreceklerini sanmıştım.,opus_opensubtitles_tr
"Ama Saito, subayları da diğerleri gibi çalıştırdı.","Beklenmedik şeyler hep olur, değil mi?",opus_opensubtitles_tr
"Subay olmaya alışmaya başlamıştım ve hastaneye getirildiğimde önce erlerin, sonra da subayların koğuşuna bir göz attım ve kendi kendime dedim ki, "" Bir süre için subay olmaktan birşey çıkmaz.""",Bazı avantajları vardı.,opus_opensubtitles_tr
Bir tanesine plajda şahit oldum.,Bütün hikaye bu.,opus_opensubtitles_tr
"Kısacası, beni kullanamazsınız.",Sizin istediğiniz bir Amerikan Kumandanı olan Shears;,opus_opensubtitles_tr
ki o artık hayatta değil.,"Donanma gerçeği öğrendiğinde, diyecek ki:",opus_opensubtitles_tr
"""Bir subayın kimliğine büründüğü için onu buraya gönderin.""","- İşte o zaman, başarmış olacağım.",opus_opensubtitles_tr
- Ne olacaksınız?,Başarmış!,opus_opensubtitles_tr
Bir içki alabilirim şimdi.,Sağlık nedeniyle rapor isteyeceğim.,opus_opensubtitles_tr
Ormanda aklımı kaçırdığım için bir subayın yerine geçtiğimi söyleyeceğim.,Daha da kötüye gidiyorum.,opus_opensubtitles_tr
Bazen kendimi Amiral Halsey sanıyorum.,Çok akıllıca bir plan.,opus_opensubtitles_tr
"Akıllıca demek yetmez, dört dörtlük.","Donanmam benim kim olduğumu öğrenirse o talimatların, üzerine yazılan kağıtlar kadar bile değeri kalmaz.",opus_opensubtitles_tr
GİZLİ,"Bu fotoğraf sizin, değil mi?",opus_opensubtitles_tr
- Bunu nereden aldınız?,- Sizinkiler sizi teşhis edemedikleri için biraz zor oldu.,opus_opensubtitles_tr
Sonunda donanmanız sicil dosyanızın bir kopyasını bize gönderdi.,"Fotoğraf, parmak izleri.",opus_opensubtitles_tr
Bakmak ister misiniz?,Gerçek mevkiinizi yaklaşık bir haftadan beri biliyoruz.,opus_opensubtitles_tr
Donanmanız zor bir durumda.,"Evet, o ormandan kaçmayı başarabildiğiniz için bir kahramansınız.",opus_opensubtitles_tr
"Ama, bir subay kimliğine büründüğünüz için size madalya da veremezler.",Sanırım bu yüzden sizi bize devretmekten çok mutlu oldular.,opus_opensubtitles_tr
Anlıyor musunuz?,Fırlatılıp atıldım.,opus_opensubtitles_tr
"Mevkiinize gelince biz, Force 316 mensupları bu konuda pek resmi değilizdir.",Bir binbaşı taklidi yapabilirsiniz.,opus_opensubtitles_tr
Bir binbaşı taklidi.,Olabilir.,opus_opensubtitles_tr
Şey...,"Madem ki buraya çakıldım kaldım, bari gönüllü olayım.",opus_opensubtitles_tr
"Madem ki buraya çakıldım kaldım, bari gönüllü olayım.",Çok güzel!,opus_opensubtitles_tr
"Oh, Albay Green, efendim.","Binbaşı Shears, bana köprüyü uçurmaya yardımcı olmaya gönüllü oldu.",opus_opensubtitles_tr
Öyle mi?,Çok güzel!,opus_opensubtitles_tr
"Çok çok güzel, binbaşı!",Hasta koyuna git.,opus_opensubtitles_tr
Ayağın mikrop kapmış.,Albay hasta numarası yaptığımı zannedecek.,opus_opensubtitles_tr
Sağlık yetkilisi benim.,Acele et!,opus_opensubtitles_tr
Neden esaslı bir köprü yapmak istiyor ki?,Yaşlı Nick için endişelenme.,opus_opensubtitles_tr
"O, ne yaptığını iyi bilir.","Merhaba, Clipton.",opus_opensubtitles_tr
Uzun zamandır görünmüyorsun.,Çocuklar iyi iş çıkarıyorlar.,opus_opensubtitles_tr
Evet.,Nasıl davranıyor?,opus_opensubtitles_tr
Görevi üstlendiğimizden beri çok mantıklı biri oldu.,- Ne düşünüyor?,opus_opensubtitles_tr
- Hiçbir fikrim yok.,"- Teşekkürler, Reeves.",opus_opensubtitles_tr
"- Rica ederim, efendim.",Ne düşünüyorsun?,opus_opensubtitles_tr
"Zorlu bir iş, değil mi?",Bu köprüyü inşa etmenin iyi bir fikir olduğuna inanıyor musunuz?,opus_opensubtitles_tr
- Ciddi misin?,"- Evet, efendim.",opus_opensubtitles_tr
İyi fikir mi?,Bir daha bak.,opus_opensubtitles_tr
Sence moralleri yükselmedi mi?,Disiplin yeniden ele alınmadı mı?,opus_opensubtitles_tr
Sağlık durumları düzelmedi mi?,"Daha mutlular, değiller mi?",opus_opensubtitles_tr
Daha iyi besleniyor ve artık işkence görmüyorlar.,"Doğrusu, Clipton, bazen seni hiç anlayamıyorum.",opus_opensubtitles_tr
Daha açık konuşayım.,"Şu var ki, yaptığımız şey, bağışlayın ama efendim düşmanla işbirliği olarak yorumlanabilir.",opus_opensubtitles_tr
Hatta vatana ihanet.,Biz savaş mahkumlarıyız.,opus_opensubtitles_tr
Çalışmayı reddetmek hakkına sahip değiliz.,"Bunu anlıyorum, efendim.",opus_opensubtitles_tr
Ama bu kadar mı iyi çalışmalıyız?,Kendi yapacaklarından daha iyisini mi yapmak zorundayız?,opus_opensubtitles_tr
"Saito'yu ameliyat etsen, elinden geleni mi yapar, ölümemi bırakırdın?",İşsizlik içinde bölünmemizi mi tercih ediyorsun?,opus_opensubtitles_tr
Ya da düzgün bir iş yapamadığımızın söylenmesini mi?,Bizi ne fiziksel ne de ruhsal anlamda etkiliyemiyeceklerini göstermeliyiz.,opus_opensubtitles_tr
"İyi bak, Clipton.",Bir gün savaş bitecek.,opus_opensubtitles_tr
"Ümit ediyorum ki, ileri yıllarda bu köprüden geçenler buranın nasıl ve kimler tarafından yapıldığını hatırlayacaklardır.","Esirler değil, askerler tarafından.",opus_opensubtitles_tr
"İngiliz askerleri, esarette bile.","- Evet, efendim.",opus_opensubtitles_tr
- İyi bir doktorsun fakat ordu hakkında öğrenmen gereken çok şey var.,Tut onu!,opus_opensubtitles_tr
Tut onu!,Botunu kullan!,opus_opensubtitles_tr
"Botunu oraya koy, tamam mı?",Günaydın!,opus_opensubtitles_tr
SHEARS,Nereye bakıyorsunuz öyle?,opus_opensubtitles_tr
Onu botunla yakala!,"Geciktiğim için üzgünüm, efendim.",opus_opensubtitles_tr
Tam olarak dört dakika.,Sağlık sorunlarınız mı vardı?,opus_opensubtitles_tr
- Efendim?,- Hemşireyi kastediyorum.,opus_opensubtitles_tr
Çok hünerli.,Warden haklıymış.,opus_opensubtitles_tr
Oturun.,"Sizi, ekibinizin 4. üyesini seçmemize yardımcı olmanız için çağırdım.",opus_opensubtitles_tr
- Bay Joyce'u içeri çağırın.,"- Evet, efendim.",opus_opensubtitles_tr
"Chapman, Joyce'u istiyor, ama ben emin değilim.",Hesaplamaktansa tahmin yapmayı sever.,opus_opensubtitles_tr
"Söylediğim gibi bu işte, iş bittikten sonra bile, hep yapılacak bir iş daha vardır.",Okuldaki en iyi yüzücümüz odur.,opus_opensubtitles_tr
Sizin düşüncenizi gayet iyi biliyorum.,Shears'in görüşünü almak istiyorum.,opus_opensubtitles_tr
"Pekala, rahat.",Bu beyler seni ormanda bir yürüyüşe çıkarmak istiyorlar.,opus_opensubtitles_tr
"Evet, efendim.",Montreal'de bir muhasebeci miydin?,opus_opensubtitles_tr
"Evet, efendim.",Pek muhasebeci sayılmaz.,opus_opensubtitles_tr
"Çünkü, belgem yoktu.",Tam olarak ne yapıyordun?,opus_opensubtitles_tr
"Şey, efendim, benden önce kontrolden geçmiş ve benden sonra kontrolden geçecek olan çizelgeleri kontrol ediyordum.",- Çok can sıkıcı olmalı.,opus_opensubtitles_tr
"- Evet, efendim, öyleydi.",Buraya nasıl geldin?,opus_opensubtitles_tr
"Askere yazılmak için '39'da Londra'ya geldim, sonra da bu işe gönüllü oldum.","- Gönüllü, ha!",opus_opensubtitles_tr
"- Evet, efendim.","Bakın, normal Ordu...",opus_opensubtitles_tr
"Devam et, açık konuşabilirsin.","Şey, normal ordu bana sivil hayatımdaki işimi hatırlattı.",opus_opensubtitles_tr
Kafa çalıştırmanız beklenmiyor.,Şunu düşün.,opus_opensubtitles_tr
Bunu soğukkanlılıkla kullanabileceğinden emin misin?,Nasıl kullanılacağını biliyorum.,opus_opensubtitles_tr
Sorduğum şey bu değildi.,Soğukkanlılıkla kullanabilir misin?,opus_opensubtitles_tr
Tereddüt etmeden öldürebilir misin?,Bu soruyu kendime sormuştum.,opus_opensubtitles_tr
Beni oldukça endişelendiriyordu.,Peki cevabın neydi?,opus_opensubtitles_tr
"Gerçekten bilemiyorum, efendim.",Kendimi o şekilde hayal etmeye...,opus_opensubtitles_tr
Öldürmenin bir suç olmadığını kendime anlatmakta güçlük çekiyorum galiba.,"Bu, eski bir ordu problemidir.",opus_opensubtitles_tr
"Pekala, sanırım hepsi bu kadar.","Teşekkür ederim, Joyce.",opus_opensubtitles_tr
Ekiple gidecek miyim?,Sana bildireceğiz.,opus_opensubtitles_tr
Demek istediğim buydu.,En azından dürüsttü.,opus_opensubtitles_tr
"O an gelene kadar, bu sorunun cevabını hiçbirimiz bilemeyiz.","Görüşün nedir, Shears?",opus_opensubtitles_tr
"Şey, o bir Kanadalı.",Bu da ekibimizin uluslararası oluşumuna uyuyor.,opus_opensubtitles_tr
"Eğer gitmek istiyorsa, benim yerimi bile alabilir!","Pekala, eğer hepiniz Joyce için aynı fikirdeyseniz, artık sizindir.",opus_opensubtitles_tr
Elimde köy hakkında keşif uçağı raporu var.,Akşam karanlığında atlamanıza yetecek kadar açıklık var.,opus_opensubtitles_tr
- Paraşüt eğitimi almış mıydınız?,"- Hayır, efendim.",opus_opensubtitles_tr
Kahretsin!,Bu çok kötü.,opus_opensubtitles_tr
Tuhaf ama hiç başıma gelmemişti!,"Şey, o halde...",opus_opensubtitles_tr
Haklı.,Ona atlama tatbikatı ayarlansın.,opus_opensubtitles_tr
Hemen gidip bakayım.,"- Pekala, Chapman, gidebilirsin.",opus_opensubtitles_tr
"- Evet, efendim.",Hava kokusu almaya hazır mısın?,opus_opensubtitles_tr
"Evet, efendim.",Ne kadar önemli biri olduğunu anlamıyorsun.,opus_opensubtitles_tr
"Bölge hakkındaki malumatın, köyde edindiğin dostların.",Sanki bizi düşünerek oradan kaçmayı planlamışsın gibi.,opus_opensubtitles_tr
"Bu arada, işte ilgini çekecek birşey.","Yeni ""Ö"" hapı.",opus_opensubtitles_tr
- Ö hapı mı?,- Öldürücünün Ö'sü.,opus_opensubtitles_tr
"Anında, acısız.",Eskilerinden çok daha iyi.,opus_opensubtitles_tr
"Yakalanırsan diye, tabii ki.",Yani canlı olarak yakalanmamamı söylüyorsunuz.,opus_opensubtitles_tr
Bunu tavsiye etmem.,İçinizden biri yaralanırsa onu bırakmak zorundasınız.,opus_opensubtitles_tr
Amacımıza ulaşmak başta gelmeli.,Gerçek görüşümü duymak ister misiniz?,opus_opensubtitles_tr
Onların önünde söylemek istemedim.,"Anlıyorum, devam et.",opus_opensubtitles_tr
Chapman idare eder.,Çok soğukkanlı biri.,opus_opensubtitles_tr
Joyce...,O da idare eder.,opus_opensubtitles_tr
- Ama Warden'ı bilemiyorum.,- Oh?,opus_opensubtitles_tr
Neden?,Cambridge'de öğretmenlik vesaire.,opus_opensubtitles_tr
Bir çocuğun çatapatlarla oynaması gibi patlayıcalra oynamak bir yana...,"Tecrübesiz biri değil, biliyorsunuz.",opus_opensubtitles_tr
"Singapur çöktüğü zaman, o geride kalarak iki köprü patlattı.",Japonlar onu yakalamadan önce daha pek çok iş başardı.,opus_opensubtitles_tr
- İlginç bir hikaye.,O...,opus_opensubtitles_tr
"- Efendim, çok üzücü.","Zaman açısından, tatbiki atlayışların değmeyeceğini söylüyorlar.",opus_opensubtitles_tr
Tek bir atlayışta yaralanma ihtimali 50% imiş.,"İki atlayışta, 80%.",opus_opensubtitles_tr
"Üç atlayışta ise, ölüm ihtimali kesin gibiymiş.","Bizce, Shears'ın yapacağı en mantıklı şey gidip atlamak ve en iyi atlayışı ümit etmek.",opus_opensubtitles_tr
Paraşütlü mü paraşütsüz mü?,"Oh, çok iyiydi!",opus_opensubtitles_tr
"""Paraşütlü mü, paraşütsüz mü?""",Ağaçların arasında!,opus_opensubtitles_tr
"Yai diyor ki, Kwai'ye senin yolundan gidemeyiz.",Çok fazla Japon devriyesi varmış.,opus_opensubtitles_tr
Ormanın içinden kuzeye ilerleyeceğiz.,Çok fazla Japon devriyesi varmış.,opus_opensubtitles_tr
Ormanın içinden kuzeye ilerleyeceğiz.,- Kim rehberlik yapacak?,opus_opensubtitles_tr
- Yai.,Japonlardan nefret ediyor.,opus_opensubtitles_tr
Bütün adamlarını almışlar.,Yani elimizdeki kadınları kullanacağız.,opus_opensubtitles_tr
- Elimizdeki kadınlar!,- Becerebilirler.,opus_opensubtitles_tr
Geceyi burada geçirmenin tehlikeli olduğunu söylüyor.,5 km.,opus_opensubtitles_tr
Uzaklıkta bir düşman kampı olduğu için ormanın içinde uyumak zorundayız.,- Chapman ne olacak?,opus_opensubtitles_tr
- Yai onu ve paraşütünü gömecek.,Bir sorun mu var?,opus_opensubtitles_tr
Düşünüyordum da; sen Yai'nin dilini biliyorsun.,Bense bilmiyorum.,opus_opensubtitles_tr
"Sizi nehre o götürecek, hem de benim daha önce hiç gitmediğim bir yoldan.",Bu ekip için neden çok gerekli olduğumu söyleyebilir misiniz?,opus_opensubtitles_tr
Ne hissettiğini anlıyorum ama her zaman beklenmedik şeyler çıkabilir.,Bunu Chapman'a anlat.,opus_opensubtitles_tr
"Hayd, i gidelim!",Çok tatlısın.,opus_opensubtitles_tr
Tatlı.,İşini seve seve yap!,opus_opensubtitles_tr
"Evet, efendim.",Sülükler.,opus_opensubtitles_tr
Sülükler.,Kımıldamamanı söylüyor.,opus_opensubtitles_tr
Sırtındaki sülükleri temizleyecek.,Senin gibi bir kızın böyle bir yerde işi ne?,opus_opensubtitles_tr
Sana bunu Siyamca söylemeyi öğreteyim.,"Hayır, bu havayı bozar.",opus_opensubtitles_tr
Fazla konuşma havayı hep bozar.,O şeyin nesi var?,opus_opensubtitles_tr
Kötü bir darbe almış.,Güçlü bir sinyal alamıyorum.,opus_opensubtitles_tr
Ben söyleyeyim.,Islak ve küflü!,opus_opensubtitles_tr
Bu ormandaki herşey gibi.,Hatta çöpe atabilirsin!,opus_opensubtitles_tr
Radyo Tokyo programı sona erdi.,En cana yakın düşmanınız der ki sakin olun ve hiçbir işe gönüllü olmayın.,opus_opensubtitles_tr
"Burada kalırsak, tamamen ıslanacağız.","- Şifreyi çözdüm, efendim.",opus_opensubtitles_tr
"- Oku, haydi!","Evet, efendim. "" Bir, ilk köprü çalışması bırakılmıştır.",opus_opensubtitles_tr
Yeni inşaat ilk yerinin akıntı yönündedir.,"İki, düşman Bangkok'dan Rangoon'a askeri birlikler ve önemli kişiler taşıyacak bir tren ile tren hattını açmayı planlıyor.",opus_opensubtitles_tr
"Hedefin tahmini varış zamanı, ayın 13'ü, öğleden önce.","Üç, trenin geçişiyle eşzamanlı patlatma.",opus_opensubtitles_tr
"Dört, iyi avlar.","İyi eğlenceler."" Hepsi bu kadar.",opus_opensubtitles_tr
Bir tren ve bir köprü!,"Oraya zamanında varabilir miyiz, efendim?",opus_opensubtitles_tr
"Yai, iki-üç gün uzaklıkta olduğumuzu söylüyor.","Daha hızlı ilerlersek, 12'sinde gün batımından önce orada olabilirmişiz.",opus_opensubtitles_tr
Tren için değer.,"Oh, elbette.",opus_opensubtitles_tr
İyi bir av.,Harika bir iş.,opus_opensubtitles_tr
Çok eğlenceli.,Çok ama çok.,opus_opensubtitles_tr
"Radyoyu tamir etmeseydin, treni bilemeyecektik.","Her zaman beklenmedik bir şeyler çıkar, değil mi?",opus_opensubtitles_tr
"- 0,225 litre, efendim.",- Kinin.,opus_opensubtitles_tr
Daha sonra bitiririz.,"- Clipton, bir kriz yaşıyoruz.",opus_opensubtitles_tr
"- Evet, efendim?",Reeves ve Hughes ile konuştum.,opus_opensubtitles_tr
Köprüyü zamanında bitiremeyeceğiz.,Yeterli adamımız yok.,opus_opensubtitles_tr
"Subaylardan yardım istedim, ama bu da yeterli değil.",Subaylar çalışacaklar mı?,opus_opensubtitles_tr
"Durumu onlara açıkladım ve gönüllü oldular, ama bu da yetmiyor.",Neden Saito'dan adam istemiyorsunuz?,opus_opensubtitles_tr
Bu bizim işimiz.,Kendi elimizdekilerle yetinmek zorundayız.,opus_opensubtitles_tr
Sana bu yüzden geldim.,Hasta listesi.,opus_opensubtitles_tr
Hastanede oraya ait olmayan hiç kimse yok.,"Seni kınadığımı zannetme sakın, ama hasta numarası yapanlar olabilir.",opus_opensubtitles_tr
Gözünü açık tut yeter.,"Haydi, bir bakalım.",opus_opensubtitles_tr
"Kalkmayın, kalkmayın.",Haskins'in nesi var?,opus_opensubtitles_tr
Amipli dizanteri ve karasu humması.,Ateşi 40.,opus_opensubtitles_tr
Pekala.,Anlıyorum.,opus_opensubtitles_tr
Ya bunun?,Bacağı iltihaplı.,opus_opensubtitles_tr
"Bu gece biraz daha kesebilirsem, kurtarabilirim.",Onu gerçekten çalıştırmayı mı düşünüyorsunuz?,opus_opensubtitles_tr
"Saçma konuşma, Clipton.",Ya şu adam?,opus_opensubtitles_tr
Kolu enfeksiyonlu.,Çoğu yaraları tamamen iyileşmeyecek.,opus_opensubtitles_tr
"Açık hava ve hafif işler, buraya tıkılmalarından daha iyi olmaz mı?",- Hafif işler mi?,opus_opensubtitles_tr
"- Kurallar, sadece kolu sıyrıldı diye birini tutmayı gerektirmiyor.",- Kurallar mı?,opus_opensubtitles_tr
"Tamamen formda olmayabilirler ama, yine de yararları dokunabilir.",Süslemeler ve son rötuşlar gibi.,opus_opensubtitles_tr
"Rahat, Baker.",Köprüde hafif işler yapacak kadar kendini güçlü hissediyor musun?,opus_opensubtitles_tr
"- Siz ne derseniz, efendim.",- Güzel.,opus_opensubtitles_tr
Ya sen?,Kolay işler.,opus_opensubtitles_tr
"- Denerim, efendim.",- Aferin.,opus_opensubtitles_tr
"Bakın, beyler.",Hepinizle gurur duyduğumu söylememe gerek yok.,opus_opensubtitles_tr
Ama bir krizle karşı karşıyayız.,"Sorum, kendini iyi hissedenlere.",opus_opensubtitles_tr
Yardım eli uzatmaya ne dersiniz?,Getir-götür ve boyama işlerine?,opus_opensubtitles_tr
Ne dersiniz?,"- Evet, efendim.",opus_opensubtitles_tr
- Güzel.,"Haydi, beni izleyin.",opus_opensubtitles_tr
10 dakika.,Hepsinin öldüğünden emin ol.,opus_opensubtitles_tr
"Haydi, Joyce.",Bıçakları kullanın yoksa birbirimizi vurabiliriz.,opus_opensubtitles_tr
"O taraftan git, Joyce.",Yapabilirdim.,opus_opensubtitles_tr
Buna hazırdım.,"Yaralandınız mı, efendim?",opus_opensubtitles_tr
Gidelim.,Yüzeysel birşey.,opus_opensubtitles_tr
"Çatlak bir kemik olabilir, ama kırık değil.","- Benim hatam, efendim.",opus_opensubtitles_tr
"- Oh, kapa çeneni.",Yürüyebilirim.,opus_opensubtitles_tr
Önemli olan da bu.,Evet ama nereye kadar ve ne hızda?,opus_opensubtitles_tr
"Bunu, denemeden önce bilemeyiz, değil mi?",Ne yapıyorsunuz?,opus_opensubtitles_tr
Mola için emir vermedim.,Hepimizin ihtiyacı var.,opus_opensubtitles_tr
Hızlı adımlarla daha beş saatlik yolumuz var.,Belki de altı.,opus_opensubtitles_tr
Haydi.,"Yürümeye devam edersen, kanamadan öleceksin.",opus_opensubtitles_tr
- Beni burada bırakacaksınız.,"- Sen durursan, biz de dururuz.",opus_opensubtitles_tr
Karanlık basınca köprünün planını inceleyemezsiniz.,Gün batımından önce orada olmalısınız.,opus_opensubtitles_tr
"Ama, efendim, iş bittikten sonra, aynı yoldan geri dönemeyebilir dönsek bile sizi burada bulamayabiliriz.","Yerimde sen olsaydın, seni tereddütsüz bırakırdım, bunu biliyorsun.",opus_opensubtitles_tr
O bilmez ama ben biliyorum.,"Kurallar söz konusuysa, öz anneni bile burada bırakırdın.",opus_opensubtitles_tr
Bensiz devam edeceksiniz.,Bu bir emirdir.,opus_opensubtitles_tr
"Kumanda artık sende, Shears.",Bu emre itaat etmeyeceğim.,opus_opensubtitles_tr
Kahramanlık tavırlarından bıktım.,Ölüm kokusunu bela gibi üzerinde taşıyorsun.,opus_opensubtitles_tr
Patlayıcılar ve Ö-hapları birbirini iyi tamamlar.,Ya öyle ya böyle.,opus_opensubtitles_tr
"Ya köprüyü yok et, ya da kendini.",Bu savaş sadece bir oyun.,opus_opensubtitles_tr
Sen ve şu Albay Nicholson.,Yiğitlik için çıldırıyorsunuz.,opus_opensubtitles_tr
Ne için?,"Asıl önemli olan insan gibi yaşamakken, siz nasıl bir beyefendi gibi ve nasıl kurallara göre ölünür, onu düşünüyorsunuz!",opus_opensubtitles_tr
"Seni burada ölüme terk etmeyeceğim, Warden çünkü ne köprü ne de kuralların umurumda değil.","Gideceksek, beraber gideceğiz.",opus_opensubtitles_tr
Sevgili Yai.,Tamam.,opus_opensubtitles_tr
Haydi.,Daha yaklaşalım.,opus_opensubtitles_tr
Seni getirdiğimize hala üzgün müsün?,- Daha iyi misin?,opus_opensubtitles_tr
- Evet.,"Kumanda yine sende, biliyorsun.",opus_opensubtitles_tr
"Teşekkürler, binbaşı.",Anlayamıyorum.,opus_opensubtitles_tr
Ne kadar sağlam ve ne kadar iyi tasarlanmış bir yapım.,Düşmanın genelde gelişigüzel yaptığı köprülerden değil.,opus_opensubtitles_tr
Bakın.,Aşağıdaki şu zavallılara.,opus_opensubtitles_tr
O şartlarda böyle bir iş yapmaya zorlandığınızı düşünsenize.,Dizleri üstüne çökmüş bir İngiliz subayını çalıştırıyorlar.,opus_opensubtitles_tr
Japonlar da bundan keyif alıyor gibiler.,"Burada olduğumuzu bilse, morali yerine gelirdi.",opus_opensubtitles_tr
BU KÖPRÜ İNGİLİZ ORDUSU ASKERLERİ TARAFINDAN,TASARLANMIŞ VE KURULMUŞTUR,opus_opensubtitles_tr
ŞUBAT,- MAYIS 1943 KD.,opus_opensubtitles_tr
YRB.,L. NICHOLSON KOMUTANLIĞINDA,opus_opensubtitles_tr
"Tren işi olmasaydı, saatli bomba koyup, uzaklaşabilirdik.",Yarın kaçta geçeceğini bilmediğimize göre el ile yapmak zorunda kalacağız.,opus_opensubtitles_tr
...el ile yapmak zorunda kalacağız.,Barutları suyun altındaki temel kazıklarının 1 m.,opus_opensubtitles_tr
Kadar altına yerleştirip ana tesisatı akıntı yönünde pompalayacağız.,"Sorun, nerede saklayacağımızda.",opus_opensubtitles_tr
Nehrin bulunduğumuz yakası belli ki Japonlar tarafından kullanılıyor.,Hemen fark ederler.,opus_opensubtitles_tr
Bak.,Şu düşmüş ağaç gövdelerini görüyor musun?,opus_opensubtitles_tr
Ve hemen altlarındaki gri kayayı?,"- Evet, efendim, görüyorum.",opus_opensubtitles_tr
- Kilit mevkimiz orası.,Nehrin ters yönünde ama uygun uzaklıktaki tek saklanılabilecek yer.,opus_opensubtitles_tr
Köprü havaya uçtuğunda orada olan her kimse geri yüzmesi gerekecek.,Keyifli bir yüzüş olmayacak.,opus_opensubtitles_tr
"Efendim, sınıftaki en iyi yüzücü bendim.","Tam senin işin, o halde.",opus_opensubtitles_tr
Teşekkür ederim.,"Shears, bizim yakamızda Joyce'u koruyabilmen için bir yer belirle.",opus_opensubtitles_tr
"Yai de seninle gelecek ki, Japonlar Joyce'a sorun çıkarırlarsa ikiniz onları oyalayabilin.","Başka bir aksilik çıkma ihtimali üzerine, onları şaşırtmak için buraya fazladan bir havan topu daha koyacağım.",opus_opensubtitles_tr
Belki trene bile birkaç atış yapabilirim.,Herşey açık mı?,opus_opensubtitles_tr
Sorusu olan?,"Pekala, hava kararır kararmaz başlayacaksınız.",opus_opensubtitles_tr
Köprü üzerinde mutlaka nöbetçi asker olacaktır bu yüzden malzemeleri nehir yukarı yüzdürerek taşıman gerekecek yani bir sal yapman gerekiyor.,Yai.,opus_opensubtitles_tr
Yai sana yardım için 3 kadın verecek.,Birisi burada benimle kalacak.,opus_opensubtitles_tr
"Pekala, haydi bakalım!","Biliyorsun, ayağım böyle olmasaydı, Joyce'un görevini ben üstlenirdim.",opus_opensubtitles_tr
Sence başarabilecek mi?,Sanırım.,opus_opensubtitles_tr
Benim yapmamı ister misin?,Elimde olsa seni burada topun başında bırakırdım.,opus_opensubtitles_tr
Üzgünüm.,"İş bittiğinde, umarım sağlık raporunu alırsın zorlanmadan.",opus_opensubtitles_tr
Sağol.,Doldur.,opus_opensubtitles_tr
Çok güzel.,"Evet, çok güzel.",opus_opensubtitles_tr
Birinci sınıf bir iş.,Bu kadar güzel olacağını tahmin etmiyordum.,opus_opensubtitles_tr
"Evet, harika bir eser.",Düşünüyordum da...,opus_opensubtitles_tr
"Yarın, hizmetimin 28.",Yılını doldurmuş olacağım.,opus_opensubtitles_tr
Barışta ve savaşta 28 yıl.,Bu sürenin 10 ayından fazlasını evimde geçirmedim.,opus_opensubtitles_tr
"Yine de, iyi bir hayatım oldu.",Hindistan'ı sevdim.,opus_opensubtitles_tr
Başka türlü olsun istemezdim.,Ama bazen...,opus_opensubtitles_tr
Birdenbire farkına varıyorsun ki sona başlangıçtan daha yakınsın.,Ve düşünüyorsun...,opus_opensubtitles_tr
Kendine şunu soruyorsun:,Hayatının tümü neyi temsil ediyor?,opus_opensubtitles_tr
Herhangi bir zamanda herhangi bir yerde oluşun neyi değiştirdi ya da birşeyi değiştirdi mi?,Özellikle diğer insanların kariyerleriyle karşılaştırırsak.,opus_opensubtitles_tr
Bu düşünce tarzı sağlıklı mıdır bilmiyorum ama itiraf etmeliyim ki zaman zaman bu meslekleri aklımdan geçirdim.,Ama bu gece...,opus_opensubtitles_tr
Bu gece...,Kahretsin.,opus_opensubtitles_tr
Gitmeliyim.,Çocuklar bir tür eğlence hazırlıyorlar.,opus_opensubtitles_tr
Tatlı.,Olsaydın tek kız,opus_opensubtitles_tr
Dünyadaki,Ve sen de tek erkek,opus_opensubtitles_tr
Başka şey istemezdim,Bugünkü hayattan,opus_opensubtitles_tr
Severdik birbirimizi,Her zamanki gibi,opus_opensubtitles_tr
İkimize özel bir Cennet Bahçesi,Eminim hepimiz adına söyleyebilirim ki bu çok keyifli bir akşamdı.,opus_opensubtitles_tr
Çoğunuz yarın yeni bir kampa ve yeni bir inşaata gideceksiniz.,Ne yazık ki köprünün ilk tatbiki kullanımını göremeyeceksiniz.,opus_opensubtitles_tr
"Ama, şuna memnun olacaksınızdır ki bu tren yolu hattının tamamlanması hasta ve sakatlarımızı yeni kampa trenle taşımamızı sağlayacak.","Albay Saito, Binbaşı Clipton ve hastalarla beraber kalmama izin verdi sizlere birkaç gün içinde katılacağız.",opus_opensubtitles_tr
Artık işinizin bittiğine göre umarım üzülüyorsunuzdur.,Bunu anlayabiliyorum.,opus_opensubtitles_tr
Çok doğal bir tepki.,"Ama bir gün; bir hafta, bir ay, bir yıl sonra olsun o gün geldiğinde, inşallah, hepimiz evlerimize döneceğiz işte o zaman, burada büyük zorluklarla başardığınız bu işten hepiniz gurur duyacaksınız.",opus_opensubtitles_tr
Yaptıklarınız vatandaşlarımıza askerimize ve sivillere örnek olmalıdır ve olacaktır.,Şerefinizle ayakta kaldınız.,opus_opensubtitles_tr
Dahası da var.,Bu ıssız bölgede yenilgiyi zafere çevirdiniz.,opus_opensubtitles_tr
Sizi tebrik ediyorum.,Bravo.,opus_opensubtitles_tr
Krala.,Haydi bakalım.,opus_opensubtitles_tr
Herşeyi aldın mı?,"Bitki sapı, cephane, çıkın, matara, bıçak.",opus_opensubtitles_tr
Ben nehrin tam karşısında olacağım.,"Profesör, her zaman yapılacak birşey daha vardır, der.",opus_opensubtitles_tr
Ne olabileceği aklıma gelmiyor.,Sana uzun ve mutlu bir hayat dilemekten başka.,opus_opensubtitles_tr
Teşekkür ederim.,Ne oldu?,opus_opensubtitles_tr
Nehir alçalmış.,Kablo görünüyor.,opus_opensubtitles_tr
Patlayıcılar!,Treni bekleme.,opus_opensubtitles_tr
Şimdi yap!,"Saito yanılmıyorsa, tren 5-10 dakika içinde gelecek.",opus_opensubtitles_tr
"Sakıncası yoksa, yukarıdaki tepeden bakacağım.",Neden?,opus_opensubtitles_tr
Köprüden daha iyi görürsün.,"Açıklaması zor, efendim.",opus_opensubtitles_tr
Bir parçası olmamayı tercih ederim.,Nasıl istersen.,opus_opensubtitles_tr
"Gerçekten, seni bazen hiç anlayamıyorum.","Daha önce de söylediğiniz gibi, ordu hakkında öğrenecek çok şeyim var.",opus_opensubtitles_tr
Günaydın.,Gece nehir alçalmış.,opus_opensubtitles_tr
Ne yapıyor?,"Albay, tuhaf birşeyler oluyor.",opus_opensubtitles_tr
Tren varmadan önce etrafa bir baksak iyi olacak.,Çıldırmış bu adam.,opus_opensubtitles_tr
Onu tam oraya götürüyor!,Kendi adamımız!,opus_opensubtitles_tr
Haklıymışım.,Birşeyler dönüyor.,opus_opensubtitles_tr
"Yapmalısın, evlat!",Şimdi yapmalısın!,opus_opensubtitles_tr
Bıçağınız var mı?,"Şimdi anladım, köprü mayınlanmış!",opus_opensubtitles_tr
Mayın mı?,Mayın mı?,opus_opensubtitles_tr
"Aferin, evlat!",İngiliz subayı!,opus_opensubtitles_tr
Köprüyü uçurmak için buradayım.,- Köprüyü uçurmak mı?,opus_opensubtitles_tr
- Evet.,İngiliz komandosu emri.,opus_opensubtitles_tr
- Köprüyü uçurmak mı?,- Evet.,opus_opensubtitles_tr
Hiç zaman yok!,"Hayır, hayır!",opus_opensubtitles_tr
Yardım edin!,Öldür onu!,opus_opensubtitles_tr
Öldür onu!,"Bırakın beni, efendim!",opus_opensubtitles_tr
Anlamıyorsunuz!,Öldür onu!,opus_opensubtitles_tr
Öldür onu!,"Öldür onu, Joyce!",opus_opensubtitles_tr
Öldür onu,Sen!,opus_opensubtitles_tr
Sen!,Ne yaptım ben?,opus_opensubtitles_tr
Olamaz!,Yapmak zorundaydım!,opus_opensubtitles_tr
Yapmak zorundaydım.,Sağ olarak yakalanabilirlerdi!,opus_opensubtitles_tr
Yapılacak tek şey buydu!,Olamaz!,opus_opensubtitles_tr
Olamaz!,İşini bitir!,opus_opensubtitles_tr
Kulübeye git.,"Ah, tabii.",opus_opensubtitles_tr
"Yeni gelen mahkumlar mezar kazdığımızı görürlerse, kaçabilirler.",Şakanın sırası değil.,opus_opensubtitles_tr
İşini bitir!,"Kaz, kaz.",opus_opensubtitles_tr
Bizi hasta listesine koysanız diyorum.,"İnsaflı olun, yüzbaşı.",opus_opensubtitles_tr
Bizi hastaneye yatırın.,Hasta değilsiniz.,opus_opensubtitles_tr
Hiç olmadınız.,"Neden hep hasta numarası yapıyorsun, Shears?",opus_opensubtitles_tr
Başımın üzerine böyle birşey istemediğimden herhalde.,Yüzbaşı Kanematsu sigaraya ne dersiniz?,opus_opensubtitles_tr
Bu sabah verdim ya.,İkinize de.,opus_opensubtitles_tr
İyi ya işte.,Bu iyiliğinizin karşılığını vermek istiyorum.,opus_opensubtitles_tr
"İçten gelerek verilen bir hediyeyi asla unutmam, sizin verdiğiniz sigara gibi.",O yüzden bu çakmağı almanızı istiyorum.,opus_opensubtitles_tr
Çaldığımı mı sanıyorsunuz?,Az önce gömdüğümüz İngiliz çocuğun çakmağıydı.,opus_opensubtitles_tr
Ona yaptığım bir iyiliğe karşı bana bunu vermişti.,"Ölmeden önce, ben de aynı şeyi size yapmak istiyorum.",opus_opensubtitles_tr
"Tuhaf adamsın, Shears.",Hasta listesine kondun.,opus_opensubtitles_tr
O da.,Bir gün Albay Saito ona rüşvet verdiğini anlarsa ne olacak?,opus_opensubtitles_tr
"Bundan önce biz çoktan uzaklarda olacağız, dostum.",Çok uzaklarda.,opus_opensubtitles_tr
"Peki, haydi bitirelim.",Burada yatan...,opus_opensubtitles_tr
Az önce kimi gömdüğümüzü unuttum.,Thomson.,opus_opensubtitles_tr
"Ah, evet.",Burada yatan Onbaşı Herbert Thomson seri numarası sıfır-bir- iki-üç-dört-beş-altı-yedi.,opus_opensubtitles_tr
"1943'de beriberiden ölmüş, Kings Own veya Queens Own ya da her neyse onun cesur üyesi ve şerefiyle ölen...",- Ne uğruna ölmüştü?,opus_opensubtitles_tr
- Haydi yapma.,Ölenle alay edilmez.,opus_opensubtitles_tr
Ölenle alay falan etmiyorum.,Huzur içinde yatsın.,opus_opensubtitles_tr
Bu huzuru hayattayken pek bulamadı.,"""A"" Bölüğü, yerinde say!",opus_opensubtitles_tr
Dur.,"Sıraya geç, sola dön.",opus_opensubtitles_tr
Rahat.,"Bayağı yoğun mezarcılar olacağız, Weaver.",opus_opensubtitles_tr
"Aferin, aferin.",Bu albay neyin içinde olduğunu bilmiyor.,opus_opensubtitles_tr
Ona gerçeği anlatacak mısın?,Tabii ki hayır.,opus_opensubtitles_tr
"Sen ne bir subaysın, ne de bir centilmen.",Adım Nicholson.,opus_opensubtitles_tr
Ben Albay Saito.,Majesteleri adına size hoşgeldiniz diyorum.,opus_opensubtitles_tr
"Bu kampın, yani yakında Bangkok'u Rangoon'a bağlayacak olan büyük tren yolundaki 16. kampın kumandanıyım.","Siz İngiliz mahkumlar, Kwai Nehri üzerine bir köprü inşa etmek üzere seçildiniz.",opus_opensubtitles_tr
Keyifli ve beceri isteyen bir iş olacak.,Subaylar da siviller gibi çalışacaklar.,opus_opensubtitles_tr
Japon Ordusu tembel olanları beslemez.,"Çok çalışırsanız, karşılığını alırsınız.",opus_opensubtitles_tr
Ama eğer çok çalışmazsanız cezalandırılacaksınız.,Kaçmakla ilgili şunları söyleyeyim:,opus_opensubtitles_tr
Burada dikenli tel yok.,Kazıklı çit yok.,opus_opensubtitles_tr
Gözcü kulesi yok.,Tüm bunlar gerekli değil.,opus_opensubtitles_tr
Burası ormanın ortasında bir ada.,Buradan kaçmak imkansızdır.,opus_opensubtitles_tr
Ölürsünüz.,"Bugün dinlenecek, yarın işe başlayacaksınız.",opus_opensubtitles_tr
Size General Yamashita'nın bir sözünü hatırlatayım:,"""İşinizi seve seve yapın.""",opus_opensubtitles_tr
İşinizi seve seve yapın.,Gidebilirsiniz.,opus_opensubtitles_tr
"Tabur, rahat.","Binbaşı Hughes, sıradan çık.",opus_opensubtitles_tr
"Tabur, rahat.","Hughes, adamları koğuşlara yerleştir.",opus_opensubtitles_tr
Hasta olanlarla ilgilen.,Bu adamla biraz konuşacağım.,opus_opensubtitles_tr
"Sözlerinizi duydum, efendim.","Adamlarım, işlerini İngiliz askerlerine yakışır şekilde yapacaklardır.",opus_opensubtitles_tr
Davranışlarından subaylarım ve ben sorumlu olacağız.,"Cenevre Anlaşması gereği, subayların, işçi olarak çalıştırılmasının kesinlikle yasak olduğu gözünüzden kaçmış olabilir.",opus_opensubtitles_tr
Öyle mi?,Anlaşmanın bir kopyası bende var göz atmanız için size verebilirim.,opus_opensubtitles_tr
Buna gerek olmayacak.,"Oturun, lütfen.",opus_opensubtitles_tr
"Evet, efendim.",Clipton ile biraz konuşacağım.,opus_opensubtitles_tr
"Clipton, mani olmayayım.",- Kolun nasıl?,opus_opensubtitles_tr
- İyileşti sayılır.,"Efendim, bu Amerikan Donanmasından Binbaşı Shears.",opus_opensubtitles_tr
"Nasılsınız, efendim?",Onu ve bir Avustralyalı bulduk.,opus_opensubtitles_tr
Kampı kuran mahkumlardan geriye sadece ikisi kalmış.,"Amerikan Donanması, ha?",opus_opensubtitles_tr
Burada mı?,Kara ile kuşatılmış sayılırım.,opus_opensubtitles_tr
- Geminizi mi kaybettiniz?,- Houston'ı.,opus_opensubtitles_tr
Karaya çıkmayı başardım fakat diğer kurtulanlardan ayrı düştüm.,Buradaki grubunuzdan da mı?,opus_opensubtitles_tr
Çoğunlukla Avustralyalılar.,Birkaç...,opus_opensubtitles_tr
Birkaç İngiliz.,"Hintli, Birmanyalı, Siyamlı.",opus_opensubtitles_tr
Onlara ne oldu peki?,"Öldüler sıtma, dizanteri, beriberi ve kangrenden.",opus_opensubtitles_tr
Diğer ölüm sebepleri:,"Açlık, aşırı çalışma, kurşun yaraları, yılan ısırıkları Saito.",opus_opensubtitles_tr
Bir de yaşamaktan yorulanlar vardı.,Clipton size baktı mı?,opus_opensubtitles_tr
Üzereyim.,"Buraya gelin, sonra tıraş olursunuz.",opus_opensubtitles_tr
Pekala.,Subaylarla kalacaksınız.,opus_opensubtitles_tr
Size uygun bir kıyafet bulacağız.,Benim için endişelenmeyin.,opus_opensubtitles_tr
Hasta listesinden çıkmaya pek can atmıyorum.,"Ayrıca, bu da iş kıyafeti.",opus_opensubtitles_tr
Buralarda çok moda.,Grubunuzdaki subaylar ağır işçilik yaptılar mı?,opus_opensubtitles_tr
Öyle de diyebilirsiniz sanırım.,"Bu konuyu Albay, adı neyse, ona söyledim.",opus_opensubtitles_tr
Saito.,- Sanırım durumu anladı.,opus_opensubtitles_tr
- Öyle mi dersiniz?,Evet.,opus_opensubtitles_tr
Oldukça makul birine benzediğini söylemeliyim.,"Şey, işime devam etmeliyim.",opus_opensubtitles_tr
Saat 19:00'da subaylar toplantısı var.,- Taleplerinizin listesini çıkarın.,opus_opensubtitles_tr
"- Peki, efendim.",Ne yapabilirsek.,opus_opensubtitles_tr
"Teşekkür ederim, efendim.",- Ne oldu?,opus_opensubtitles_tr
- Boşver.,"Haydi, söyle.",opus_opensubtitles_tr
"Saito için söyleyecek pek çok şey bulabilirim ama ""makul"", yeni bir kelime.",Belki Albay Nicholson bu kelimeyi farklı tanımlıyordur.,opus_opensubtitles_tr
Başka görüşü olan?,"- İzin verirseniz, efendim?",opus_opensubtitles_tr
- Jennings?,Kaçış komitesi hakkında.,opus_opensubtitles_tr
Binbaşı Shears ile konuştum...,Kaçış komitesi diye birşey olmayacak.,opus_opensubtitles_tr
"Anlayamıyorum, efendim.",Yüzbaşı Jennings'in bir planı var.,opus_opensubtitles_tr
"Evet, evet, eminim Jennings'in bir planı vardır, ama kaçmak mı?",Nereye?,opus_opensubtitles_tr
Bu ormanın içine mi?,"Şu adam, Saito, o haklı.",opus_opensubtitles_tr
Burada dikenli tellere gerek yok.,Kurtulma şansı 100'de bir.,opus_opensubtitles_tr
Eminim Binbaşı Shears'in adamlarının tecrübeleri beni destekleyecektir.,Bence başarılı bir kaçış ihtimali 100'de bir.,opus_opensubtitles_tr
- Ama birşey daha ekleyebilir miyim?,- Lütfen.,opus_opensubtitles_tr
Bu kampta hayatta kalma ihtimali bundan da düşük.,Mezarlığı gördünüz.,opus_opensubtitles_tr
Güçlü ihtimal o.,"Kaçış ümidinizi yitirip bunu düşünmekten vazgeçerseniz, ölüm fermanınızı hazırlamış olursunuz.",opus_opensubtitles_tr
"Siz neden kaçmayı hiç denemediniz, binbaşı?",Zamanını bekliyorum.,opus_opensubtitles_tr
Doğru zamanı ve doğru ekibi.,Ne hissettiğinizi anlıyorum.,opus_opensubtitles_tr
"Tabii ki, esir düşen bir askerin görevi, kaçma teşebbüsüdür.",Fakat adamlarım ve ben garip bir yasal olaya karışmış durumdayız ki bunu siz bilmiyorsunuz.,opus_opensubtitles_tr
Başkomutanlık bize Singapur'da teslim olmamızı emretti.,Emretti.,opus_opensubtitles_tr
"O yüzden, bizim durumumuzda kaçmak, ordu kanunlarına karşı gelmek olur.","İlginç bir konu, efendim.",opus_opensubtitles_tr
"Özür dilerim, efendim, Sizi tam anlayamadım.","Bu yasal talimatı, ne pahasına olursa olsun, uygulamayı mı düşünüyorsunuz?",opus_opensubtitles_tr
"Yasalar olmazsa, binbaşı, medeniyet de olmaz.",Söylemek istediğim bu.,opus_opensubtitles_tr
Burada medeniyet yok.,O halde öğretme fırsatımız var.,opus_opensubtitles_tr
Kaçma konusunu kapatalım.,Başka birşey var mı?,opus_opensubtitles_tr
Sanırım program gayet açık.,Yarın sabahtan itibaren herşeyin sorunsuz gitmesini istiyorum.,opus_opensubtitles_tr
Ve şunu unutmayın:,Adamlarımız halen bizim emrimizde olduklarını hissetmeliler Japonların değil.,opus_opensubtitles_tr
"Buna inandıkları sürece, asker olarak kalırlar, esir değil.","Bunda mutabık mıyız, binbaşı?",opus_opensubtitles_tr
"Umarım asker olarak kalabilirler, albay.","Bana gelince, ben bir esirim.",opus_opensubtitles_tr
Yaşayan bir esir.,Garip bir kuş.,opus_opensubtitles_tr
Bir Amerikalı için bile...,"Çok uzun süre ayrı kalmış, zavallı çocuk.",opus_opensubtitles_tr
Bölüğünden alınmış.,Bu hepimize ders olmalı.,opus_opensubtitles_tr
İngiliz mahkumlar!,Dikkat ettiyseniz İngiliz askerler demiyorum.,opus_opensubtitles_tr
"Teslim olduğunuz andan itibaren, askerliğiniz bitmiştir.",Mayıs ayının on ikinci gününe kadar köprüyü bitirmiş olacaksınız.,opus_opensubtitles_tr
Japon bir mühendisin talimatları doğrultusunda çalışacaksınız.,Zamanımız kısıtlı.,opus_opensubtitles_tr
Herkes çalışacak.,Subaylarınız da sizlerin yanında çalışacaklar.,opus_opensubtitles_tr
Çünkü teslim olarak sizlere ihanet etmişlerdir.,Utancınız onların şerefsizliğidir.,opus_opensubtitles_tr
Sizlere kahramanca ölmektense hamallar gibi yaşamak daha iyidir diyen onlar.,"Sizleri buraya getiren de onlar, ben değilim.",opus_opensubtitles_tr
"Bu yüzden, kendileri yararlı işlerde kullanılmak üzere sizlere katılacaklar.",Hepsi bu kadar.,opus_opensubtitles_tr
"Subay mahkumlar, aletlerinizi alın.","Bradley, yerine dön.",opus_opensubtitles_tr
"Binbaşı Saito, size Cenevre Anlaşmasının 27.",Maddesini hatırlatmak isterim.,opus_opensubtitles_tr
"""Savaşan taraflar, sağlıklı savaş mahkumlarını çalıştırabilirler, subaylar hariç""...",O kitabı bana verin.,opus_opensubtitles_tr
Elbette.,"İngilizce okuyabiliyorsunuz, değil mi?",opus_opensubtitles_tr
- Siz Japonca okuyabiliyor musunuz?,"- Üzgünüm, hayır.",opus_opensubtitles_tr
"Sorun tercüme ise, eminim bunu ayarlayabiliriz.","Bakın, kanun der ki...",opus_opensubtitles_tr
Yerlerinizde kalın.,Bana kanundan mı bahsediyorsunuz?,opus_opensubtitles_tr
"Hangi ""kanun""?",Korkakların kanunu!,opus_opensubtitles_tr
Asker kanunları hakkında ne bilirsiniz?,Bushido hakkında?,opus_opensubtitles_tr
Hiçbir şey!,Komutanlığa layık değilsiniz!,opus_opensubtitles_tr
Medeni dünyanın kanunlarına riayet etmeyi reddederseniz size itaat edemeyiz.,Subaylarım ağır iş yapmayacaklar.,opus_opensubtitles_tr
Göreceğiz.,Tüm er mahkumlar iş başına.,opus_opensubtitles_tr
Başçavuş!,Adamları işe başlatın.,opus_opensubtitles_tr
"Tabur, aletlerinizi alın.",Tek sıra halinde sola dön.,opus_opensubtitles_tr
Sola dön!,"""A"" Bölüğü, sağa.",opus_opensubtitles_tr
"Marş, marş.",Gözler sağa.,opus_opensubtitles_tr
Gözler sağa.,Gözler öne.,opus_opensubtitles_tr
"Marş, marş, gözler sağa.","""C"" Bölüğü, sağa.",opus_opensubtitles_tr
Ne yapıyor?,Galiba şahit bırakmak istemiyor.,opus_opensubtitles_tr
"Şimdi, mantıklı olacaksınız.",Subaylarınıza çalışmalarını emredeceksiniz.,opus_opensubtitles_tr
Hayır.,Üçe kadar sayacağım.,opus_opensubtitles_tr
Eğer üç dediğimde siz ve subaylarınız işin yolunu tutmamışsanız ateş emri vereceğim.,Yapacak.,opus_opensubtitles_tr
"İnan bana, gerçekten yapacak.",Bir.,opus_opensubtitles_tr
"Sizi uyarıyorum, Albay...",İki.,opus_opensubtitles_tr
Durun!,"Albay Saito, herşeyi gördüm ve duydum.",opus_opensubtitles_tr
Hastanedeki diğerleri de.,Çok fazla şahit var.,opus_opensubtitles_tr
"Toplu kaçış oldu diyemezsiniz, çünkü bir çoğu yürüyemiyor bile.",Bu mu sizin askeri kanununuz?,opus_opensubtitles_tr
Silahsız adamları öldürmek mi?,"Gördün mü, Jennings?",opus_opensubtitles_tr
Hasta listesinde olmanın bazı avantajları da varmış.,İhtiyar için şunu söyleyebilirim:,opus_opensubtitles_tr
Çok yürekli biri.,"""Ölüm vadisine giden yol.""",opus_opensubtitles_tr
"Nasıl yani, efendim?",Öyle bir yüreklilik.,opus_opensubtitles_tr
1914'te sadece bellerindeki süs kamçılarıyla savaşan subayların yürekliliği.,- Anlıyorum.,opus_opensubtitles_tr
- Kesinlikle anlamıyorsun.,Hepimizin ölümüne sebep olacak bir yüreklilik.,opus_opensubtitles_tr
"Özür dilerim, efendim.",Ben de katılmak istiyorum.,opus_opensubtitles_tr
"Kolum neredeyse iyileşti, efendim, gerçekten.",Ya o?,opus_opensubtitles_tr
"Kaçmamamızı emretmedi, önerdi.","Dinle, albayınız gibi biri birşey önerdiğinde, bu bir emir sayılır.",opus_opensubtitles_tr
Yine başlıyoruz.,Albay Saito tüm subayların ceza kulübesine gitmesini istiyor.,opus_opensubtitles_tr
"Söyleyin, gitsinler.",Sen değil.,opus_opensubtitles_tr
Gel.,Onu serbest bırakın!,opus_opensubtitles_tr
Onu serbest bırakın!,Onu fırına koyacaklar.,opus_opensubtitles_tr
Çünkü o çok iyi bir adamdır Çünkü o çok iyi bir adamdır,Çünkü o çok iyi bir adamdır,opus_opensubtitles_tr
Hepimiz böyle düşünüyoruz,Hepimiz böyle düşünüyoruz Hepimiz böyle düşünüyoruz,opus_opensubtitles_tr
Çünkü o çok iyi bir adamdır Çünkü o çok iyi bir adamdır,Çünkü o çok iyi bir adamdır,opus_opensubtitles_tr
Hepimiz böyle düşünüyoruz,Dikkat!,opus_opensubtitles_tr
Düşüyor!,"Bir, iki, üç, dört.",opus_opensubtitles_tr
"Bir, iki, üç, dört.","Hayır, hayır, hayır!",opus_opensubtitles_tr
Bırakın!,Bırakın!,opus_opensubtitles_tr
Beni mi görmek istediniz?,Üç gündür buna uğraşıyorum.,opus_opensubtitles_tr
Albay hakkında.,O kilitli kulübede...,opus_opensubtitles_tr
Sizi vurdurabilirdim.,"Kaçmaya teşebbüs eden mahkumlar, sizin sorumluluğunuzdaydılar.",opus_opensubtitles_tr
Kaçma hakkında hiçbir şey bilmiyordum.,Bu birşeyi değiştirmez.,opus_opensubtitles_tr
Deneyenlere saygı duymak gerekir.,"Kısa bir süre için, kaçma ve ölüm arasında tekrar asker oldular.",opus_opensubtitles_tr
Ama kaçmaya çalışmak delilik.,"İki asker vuruldu, üçüncüsü de boğuldu.",opus_opensubtitles_tr
Ne uğruna?,"Bu, gerçeklerden kaçıştı.",opus_opensubtitles_tr
İşte gerçeğiniz.,"Bu, öğlene kadar bitirilmesi gereken işi gösteriyor.",opus_opensubtitles_tr
"Bu da, ne kadar ilerleme kaydedildiğini.","Albayınızın inatçılığı yüzünden, programın çok gerisinde kaldık.",opus_opensubtitles_tr
Hepsi bu kadar değil.,Kayıtlı mahkumlar işi sabote ettiler.,opus_opensubtitles_tr
"Evet, gördüm.",Hepsini vurdurabilirdim.,opus_opensubtitles_tr
O zaman köprünüzü kim inşa ederdi?,Sabotaj olduğundan emin misiniz ki?,opus_opensubtitles_tr
Adamlar kendi subayları olmadan verimli çalışamıyorlardır.,Onları benim subaylarım yönetecek.,opus_opensubtitles_tr
Sizin subaylarınız onlarla çalışacak.,Buna Nicholson karar verir.,opus_opensubtitles_tr
"Dediği gibi bu, kurallara aykırı.",Bana kurallardan bahsetmeyin.,opus_opensubtitles_tr
Bu bir savaş!,Bir kriket oyunu değil.,opus_opensubtitles_tr
Albayınız çılgın oldukça çılgın.,"Oturun, lütfen.",opus_opensubtitles_tr
Albayı bir kerelik görmenize izin vermeye karar verdim.,Teşekkür ederim.,opus_opensubtitles_tr
Ona şunu söyleyin; eğer subayları çalışmazlarsa hastaneyi kapatmak zorunda kalacağım ve hastalarınız onların yerine çalıştırılacaklar.,Bir çoğu ölecek.,opus_opensubtitles_tr
Bunun da sorumlusu kendisi olacak.,Gidin ve konuşun onunla.,opus_opensubtitles_tr
Beş dakika süreniz var.,"Doktor, ihtiyarı görmeye gidiyor.",opus_opensubtitles_tr
Efendim...,"Benim, Clipton, efendim.",opus_opensubtitles_tr
Size bazı şeyler getirdim.,- Adamlarım nasıl?,opus_opensubtitles_tr
"- İyiler, efendim, iyiler.",Zor bela toparladığımız azıcık et ve hindistan cevizi getirdim.,opus_opensubtitles_tr
Ya subaylar?,Pek iyi değiller.,opus_opensubtitles_tr
Hala cezalılar.,Çavuş Jennings ise...,opus_opensubtitles_tr
Jennings öldü.,- Ne?,opus_opensubtitles_tr
"- Öldürüldü, kaçmaya çalışırken.","İki kişi daha, Onbaşı Weaver ve Amerikalı.",opus_opensubtitles_tr
Jennings.,"Zavallı, yiğit delikanlı.",opus_opensubtitles_tr
"Onu uyarmıştım, değil mi Clipton?","Bakın, efendim, fazla vaktimiz yok.",opus_opensubtitles_tr
Konuşurken sizi biraz temizleyeceğim.,Size söyleyeceklerim var.,opus_opensubtitles_tr
Az önce Saito ile konuştum.,O adam karşılaştığım en kötü kumandan.,opus_opensubtitles_tr
"Daha doğrusu, o bir çılgın.",Devam et.,opus_opensubtitles_tr
Şantaj!,"Biliyorum, efendim, ama o çok ciddi.",opus_opensubtitles_tr
Bundan eminim.,"Bu bir cüret meselesi, bu kadar basit.",opus_opensubtitles_tr
Ve vazgeçemiyor.,Bu yine de bir şantaj.,opus_opensubtitles_tr
"Efendim, bundan daha fazlasına dayanamazsınız.",Subaylarınızın o delikte boğulmaktansa çalışmaları daha iyi olmaz mı?,opus_opensubtitles_tr
Adamlar iyi iş yapıyorlar.,Cesaret edebildikleri kadar yavaş gidiyorlar.,opus_opensubtitles_tr
Ama Saito yemeklerinden kesti ve eğer hastaları çalıştırırsa...,"Şey, ölürler.",opus_opensubtitles_tr
Doğrusu bu.,"Evet, Clipton, anlıyorum.",opus_opensubtitles_tr
Gerçekten.,Ama görmüyor musun?,opus_opensubtitles_tr
Bu bir prensip meselesi.,"Eğer şimdi pes edersek, bunun sonu gelmez.",opus_opensubtitles_tr
Hayır.,"Efendim, koca bir ormanın içindeyiz, her yerden binlerce kilometre uzakta.",opus_opensubtitles_tr
Kararından asla vazgeçmeyecek bir adamın hükmü altındayız.,Prensip!,opus_opensubtitles_tr
Bize neler olduğunu ne bilecekler ne de umursayacaklar.,"Pes edin, efendim.",opus_opensubtitles_tr
Lütfen!,Kararım kesindir.,opus_opensubtitles_tr
Taburumdan hiçbir subayın hamal gibi çalışmasına izin vermeyeceğim.,- Vakit doldu.,opus_opensubtitles_tr
- Pekala.,Beni düşünenlere teşekkür et lütfen.,opus_opensubtitles_tr
Hastanedeki herkesin birer parça katkısı oldu.,Reynolds hindistancevizini çaldı.,opus_opensubtitles_tr
Size arasıra yiyecek getirebileceğiz.,Gardiyanlardan birine rüşvet verdik.,opus_opensubtitles_tr
"Hoşçakalın, efendim.",Ve iyi şanslar.,opus_opensubtitles_tr
Çok teşekkürler.,O Amerikalı öldürüldü mü demiştin?,opus_opensubtitles_tr
"Evet, efendim.",Vuruldu ve boğuldu.,opus_opensubtitles_tr
Kaçmayı planlamak delilik.,"Üç adam öldü, peki ne uğruna?",opus_opensubtitles_tr
Vakit!,İşte bundan galip çıkmalıyız.,opus_opensubtitles_tr
"Doktor bize bakıp, kafasını salladı.",Bu ne anlama geliyorsa.,opus_opensubtitles_tr
"Sadece bir anlama geliyor, albay pes etmeyecek.",Eeee?,opus_opensubtitles_tr
Şöyle.,Albay Nicholson pes etmeyecek.,opus_opensubtitles_tr
Prensip meselesi.,"Bir tıp adamı ve subay olarak, gördüğü muameleyi kınıyorum.",opus_opensubtitles_tr
Hala hayatta olması bir mucize.,"Acı bir olay olursa, bu cinayet anlamına gelir.",opus_opensubtitles_tr
Sorumlusu kendisidir.,Ben değilim.,opus_opensubtitles_tr
Hasta mısınız?,İkisi de mi çılgın?,opus_opensubtitles_tr
Yoksa ben mi çıldırıyorum?,Yoksa güneşin etkisi mi?,opus_opensubtitles_tr
Dikkat!,"Tabur, dikkat.",opus_opensubtitles_tr
İngiliz mahkumlar.,Şunu soruyorum sizlere köprü yapımında neden ilerleme yok?,opus_opensubtitles_tr
"Nedenini biliyorsunuz, subaylarınız tembel de ondan!",Kendilerini yükünüzü paylaşmaya layık görmüyorlar.,opus_opensubtitles_tr
Bu adil değil.,"Bu yüzden, işinizi severek yapmıyorsunuz.",opus_opensubtitles_tr
"Bu yüzden, köprü işinde ilerleme kaydedilmiyor.",Ama başka bir nedeni daha var.,opus_opensubtitles_tr
Gerçeği saklamıyorum.,"Utanarak ve üzülerek kabul etmeliyim ki bu, Japon ekibinden birinin başarısızlığıdır.",opus_opensubtitles_tr
Teğmen Miura'yı kastediyorum.,Kendisi kötü bir mühendistir.,opus_opensubtitles_tr
Emir vermekten aciz biridir.,"Bu yüzden, onu görevinden aldım.",opus_opensubtitles_tr
Yarın tekrar başlayacağız.,Çalışmayı bizzat yöneteceğim.,opus_opensubtitles_tr
Bugün dinleniyoruz.,Hiç durmadan çalışan bir kişi sersemler ve sıkıcı biri olur!,opus_opensubtitles_tr
"Göstereceğiniz çabadan ötürü, saygı simgesi olarak hepinize hediyeler vereceğim.",İşimizi seve seve yapalım.,opus_opensubtitles_tr
"Bölük, dağılabilirsiniz.","Tabur, dağılabilirsiniz.",opus_opensubtitles_tr
"Hey, şuna bir bakın.",Kızılay!,opus_opensubtitles_tr
Bize kendi...,"Hey, bize kendi Kızılay çantalarımızı vermiş.",opus_opensubtitles_tr
"""Yarın tekrar başlıyoruz.""","Hey, Harry, bak!",opus_opensubtitles_tr
İhtiyarı dışarı çıkarıyorlar.,Herhalde yine dövecekler.,opus_opensubtitles_tr
"İyi akşamlar, albay.",Oturmaz mısınız?,opus_opensubtitles_tr
Geç bir akşam yemeği yiyorum.,İngiliz bifteği.,opus_opensubtitles_tr
"Hayır, teşekkür ederim.",İskoç malı.,opus_opensubtitles_tr
Sake'ye tercih ederim.,"Londra'da üç yıl kaldım, biliyor musunuz?",opus_opensubtitles_tr
Londra Sanat Üniversitesi'nde okudum.,Şerefe!,opus_opensubtitles_tr
Özür dilerim.,"Daha sonra belki, ha?",opus_opensubtitles_tr
Belki.,İyi bir sanatçı değildim.,opus_opensubtitles_tr
Babam istemiyordu.,Ona göre ben orduya aitmişim.,opus_opensubtitles_tr
O yüzden sanattan mühendisliğe geçtim.,"Şunu söylemeliyim, Albay Saito:",opus_opensubtitles_tr
Faaliyetlerinizle ilgili tam bir rapor verme düşüncesindeyim.,Mevkiimi tam olarak anladığınızı sanmıyorum.,opus_opensubtitles_tr
- Emirleri uygulamak zorundayım.,"- Oh, tabii, tabii.",opus_opensubtitles_tr
"İşim, köprüyü 12 Mayıs'a kadar bitirmek.",- Sadece 12 haftam kaldı.,opus_opensubtitles_tr
- Hiç şüphesiz.,"Bu yüzden, elimizdeki tüm personeli kullanmak zorundayım.",opus_opensubtitles_tr
"Subaylar olmaz, yönetim işleri dışında.",Fakat koca tren yolu boyunca çalışan subaylar var.,opus_opensubtitles_tr
"Bunu siz de biliyorsunuz, ben de.",Diğer subaylardan ben sorumlu değilim.,opus_opensubtitles_tr
"Şahsen, şaşırdım.",Öfkelenmeyelim.,opus_opensubtitles_tr
Puro ister misiniz?,Hayır.,opus_opensubtitles_tr
Teşekkür ederim.,"Tüm subaylar çalışmak zorunda derken elbette, sizi, bir kumandanı kastetmedim.",opus_opensubtitles_tr
Talimatlarım sadece diğer subaylar için...,Hiçbir subay ağır işte çalışmayacak.,opus_opensubtitles_tr
Lütfen!,Şunu söyleyecektim:,opus_opensubtitles_tr
Meseleyi baştan düşündüm ve şuna karar verdim.,Binbaşı ve üstsubayları yönetimde çalıştırıp sadece astsubayları ağır işlerde çalıştıracağım.,opus_opensubtitles_tr
Hayır.,Anlaşma bunu açıkça belirtiyor.,opus_opensubtitles_tr
Köprü zamanında bitmezse bana ne olacağını biliyor musunuz?,Hiçbir fikrim yok.,opus_opensubtitles_tr
Kendimi öldürmek zorunda kalacağım.,Benim yerimde olsanız ne yapardınız?,opus_opensubtitles_tr
"Sanırım, yerinizde olsam kendimi öldürmek zorunda kalırdım.",Şerefe.,opus_opensubtitles_tr
"Sizi uyarıyorum, albay ben öleceksem, başkaları benden daha önce ölecek.",Anlıyor musunuz?,opus_opensubtitles_tr
Clipton bundan bahsetti.,"Bu, sorununuzu çözmez.",opus_opensubtitles_tr
Eminim uygun bir çözüme varabiliriz.,"Lütfen, oturun.",opus_opensubtitles_tr
Şimdi.,"Söyleyin, albay sizce de bir subayın başlıca görevi, emir vermek değil midir?",opus_opensubtitles_tr
- Elbette.,- Güzel.,opus_opensubtitles_tr
Şimdi.,Şu köprünüzü ele alın.,opus_opensubtitles_tr
Muazzam bir girişim.,"Açıkça söylemek gerekirse, şu sizin teğmenin, adı neydi...",opus_opensubtitles_tr
Miura.,...böylesine önemli bir görevin üstesinden gelebileceğine şüpheliyim.,opus_opensubtitles_tr
"Diğer taraftan, bizde öyle subaylar var ki, örneğin Reeves ve Hughes bunlar Hindistan'da birçok köprü inşa etmişlerdir.",Askerler onları sayarlar.,opus_opensubtitles_tr
Bir subay için bu tür bir saygı esastır.,"Bunu yitirirse, komutanlığı sona erer.",opus_opensubtitles_tr
Sonra ne olur?,Moral bozukluğu ve kaos.,opus_opensubtitles_tr
Buna izin verirsem zavallı bir kumandam olurum.,Köprünün artık benim kumandam altında olduğunu belki de bilmiyorsunuzdur.,opus_opensubtitles_tr
Öyle mi?,"Peki, işten memnun olup olmadığınızı sorabilir miyim?",opus_opensubtitles_tr
- Memnun değilim!,- Üzerine bastınız.,opus_opensubtitles_tr
İngilizlerden nefret ediyorum!,Yenildiniz fakat utanç duymuyorsunuz.,opus_opensubtitles_tr
İnatçısınız fakat gururlu değilsiniz.,Dayanma gücünüz var ama cesaretiniz yok.,opus_opensubtitles_tr
İngilizlerden nefret ediyorum!,Bunu sürdürmenin bir anlamı yok.,opus_opensubtitles_tr
Durun!,Yerinizde kalın.,opus_opensubtitles_tr
Yerinizde kalın!,"Tabur, dikkat!",opus_opensubtitles_tr
"Tabur, rahat.",Lütfen...,opus_opensubtitles_tr
"Bugünün tarihi nedir, albay, biliyor musunuz?",Takip edemedim.,opus_opensubtitles_tr
1905'deki muhteşem Rusya zaferimizin yıldönümü.,Tüm Doğu Asya'da bu tarihi kutluyoruz.,opus_opensubtitles_tr
Bu olayın şerefine birliklerinize bir gün dinlenme izni veriyorum.,Çok teşekkürler.,opus_opensubtitles_tr
Bir genel af ilan ediyorum.,Siz ve subaylarınız kışlalarınıza dönebilirsiniz.,opus_opensubtitles_tr
Bu affın bir parçası olarak da subayların ağır işçilik yapmalarına gerek kalmamıştır.,Başardı!,opus_opensubtitles_tr
"Birisi madalyayı hak ediyor, efendim.",Ekibinizde kaç adamınız var?,opus_opensubtitles_tr
"Tam olarak bilmiyorum, efendim.",- Bilmiyor musun?,opus_opensubtitles_tr
"- On iki, genelde.","Adamlardan biri bu sabah hastalandı, efendim.",opus_opensubtitles_tr
Hastaneye götürmek için üç-dört kişi gerekti.,Ve...,opus_opensubtitles_tr
"Çok ağır hastalandı, efendim.",Bir onbaşı emrinde kaç kişinin çalıştığını bilmelidir.,opus_opensubtitles_tr
"Evet, efendim.",Sinirsel bir hastalığınız mı var?,opus_opensubtitles_tr
Yüzünüzü böyle yapmayı kesin.,"Size komik gelebilir ama, bu, orduya uygun bir hareket değil.",opus_opensubtitles_tr
"Hayır, efendim.",Bu gösterilere bir son verdirmeliyiz.,opus_opensubtitles_tr
- Subay Reeves?,"- Evet, efendim?",opus_opensubtitles_tr
Kwai gibi akıntılı bir nehir üzerine hiç köprü inşa ettiniz mi?,"Evet, efendim, Madras'da yarım düzine kadar, Bengal'de...",opus_opensubtitles_tr
Bu köprü sizin olsaydı altından nasıl kalkardınız?,"Altından nasıl mı kalkardım, efendim?",opus_opensubtitles_tr
"İlk olarak, ben buraya inşa etmezdim.","Oh, neden?",opus_opensubtitles_tr
Söylemeye çalıştığım şu ki Japonlar daha kötü bir yer seçemezlerdi.,Şu kazıkları görüyor musunuz?,opus_opensubtitles_tr
Batıyorlar.,Bu kütüklerden sonsuza dek taşısak bile tutmazlar.,opus_opensubtitles_tr
Siz nereye inşa ederdiniz?,"Daha aşağı tarafa, efendim.",opus_opensubtitles_tr
Dar boğazın iki tarafına.,"O konumda, iki kıyıda sert kayalar olur.",opus_opensubtitles_tr
"Hughes, bu sizin köprünüz olsaydı, adamlarınızı ne şekilde kullanırdınız?",Şimdiki gibi değil.,opus_opensubtitles_tr
"Bu yöntem, gördüğünüz gibi, bir kargaşa.",Koordinasyonsuz bir çalışma.,opus_opensubtitles_tr
Takım çalışması yok.,Bazı gruplar birbirleri aleyhinde çalışıyorlar.,opus_opensubtitles_tr
Evet.,"Bakın baylar, elimizde bir sorunumuz var.",opus_opensubtitles_tr
"Japonlar sayesinde, bir güruha kumanda ediyoruz.","Ne talimat var, ne de disiplin.",opus_opensubtitles_tr
- Vazifemiz taburu baştan kurmaktır.,"- Evet, efendim.",opus_opensubtitles_tr
Ki bu hiç kolay olmayacak.,"Neyse ki, araçlarımız hazır.",opus_opensubtitles_tr
Köprü.,"- Köprü mü, efendim?",opus_opensubtitles_tr
- Köprü.,"Batılıların nasıl çalıştıklarını gösterip, onları utandıracağız.",opus_opensubtitles_tr
Bir İngiliz askerinin neler yapabileceğini göstereceğiz.,Evet.,opus_opensubtitles_tr
"Anlıyorum, efendim.",İhtiyaçlarınızın elinizin altında olmadığı bu yerde zorluklarla karşılaşacağınızı biliyorum.,opus_opensubtitles_tr
- İşte mücadeleniz.,"- Anlayamadım, efendim.",opus_opensubtitles_tr
Köprüyü gerçekten inşa etmelerini mi istiyorsunuz?,Genelde bu kadar yavaş anlamazdın.,opus_opensubtitles_tr
Adamlarımızı tanıyorum.,Onları meşgul edecek birşeyler gerek.,opus_opensubtitles_tr
"Hiç iş olmasaydı bile, yaratırdık.","- Yapardık, efendim.",opus_opensubtitles_tr
- Yani şanslıyız.,Fakat esaslı bir köprü olacak.,opus_opensubtitles_tr
Çünkü adamlarımı tanıyorum.,Yaptıkları işten gurur duymaları esastır.,opus_opensubtitles_tr
"- Değil mi, beyler?","- Evet, efendim.",opus_opensubtitles_tr
"Reeves, bir mühendis olarak yetkili kişi sensin.","Nelere ihtiyacın olduğunu söyle, temin edelim.",opus_opensubtitles_tr
Başarabilecek miyiz?,"- Elimizden geleni yapacağız, efendim.",opus_opensubtitles_tr
- Güzel.,Planları çizdikten sonra Saito ile toplantı ayarlayıp onu yola sokmalıyız.,opus_opensubtitles_tr
"Bu, tüm formaliteleri kapsıyor.","Oh, evet.",opus_opensubtitles_tr
"Sırada, korkarım hoşunuza gitmeyecek bir mevzu var.","Üzgünüm ama, köprünün konumu hem aceleyle hem de yanlış tayin edilmiş.",opus_opensubtitles_tr
Yanlış mı?,"Maalesef, öyle.",opus_opensubtitles_tr
Mühendisimiz bölgeyi inceledi ve oradaki nehir tabanının çok yumuşak olduğuna karar verdi.,Çok mu yumuşak?,opus_opensubtitles_tr
Çamur!,Tüm çalışmalar boşuna gitmiş.,opus_opensubtitles_tr
"- Reeves, devam edebilir misin?","- Evet, efendim.",opus_opensubtitles_tr
"- Reeves, devam edebilir misin?","- Evet, efendim.",opus_opensubtitles_tr
Temel kazıklar köprüyü taşıyabilmek için su seviyesinin altına çakılmalıydı.,Bu haliyle üzerinden geçecek ilk trenle yıkılacaktır.,opus_opensubtitles_tr
Basınç ve toprak direnci için 6.5 cm kare başına tonlar düşüyor.,"Reeves, detaylara geçmeden...",opus_opensubtitles_tr
"Albay, birer fincan çay alabilir miyiz?","Sanırım hepimiz, olası bir felaketten kaçınmak için, nehrin 400 m.",opus_opensubtitles_tr
"Daha aşağısında, Reeves'in seçtiği yerde yeni bir köprü yapımı için hemfikiriz.",Diğer konuya geçelim.,opus_opensubtitles_tr
Diğer konuya geçelim.,Adamlarımızın iş kotalarını değiştirmeye karar verdim.,opus_opensubtitles_tr
- Değiştirmek mi?,- Arttırdım.,opus_opensubtitles_tr
1.5 metreden 2 m.' ye çıkardım.,Eminim tasvip edersiniz.,opus_opensubtitles_tr
Tüm detaylar Hughes'de mevcut.,Devam eder misin?,opus_opensubtitles_tr
Tüm projeyi detaylı bir şekilde inceledim.,"Bakın, mevcut kuvvetler kötü bir şekilde dağıtılmışlar.",opus_opensubtitles_tr
"Çalışan ekiplerin düzenini gözden geçirip, düzeltmek istiyorum.",Bir dakika.,opus_opensubtitles_tr
"Albay, işimize yemek yerken devam edersek zaman kazanmış oluruz.",Burada yemek mümkün olabilir mi?,opus_opensubtitles_tr
Tabii ki.,- Devam edin.,opus_opensubtitles_tr
"- Peki, efendim.","Ekipleri çoğaltıp, vazifelerini uzmanlık alanlarına göre saptarsak eminim ki günlük randıman 30% civarında artış gösterecektir.",opus_opensubtitles_tr
"Şimdi, Albay Saito, bir mevzu daha var...","Şimdi, alınması gereken bir önemli karar daha var ki ertelenemez.",opus_opensubtitles_tr
İngilizler köprü üzerinde çalışacaklarına göre tren yolu işi için elimizde çok az kişi kalacak.,"Trenyolu ekibine takviye olarak, sizden adamlarınızın bazılarını ödünç istemek zorundayım ki, hattın son bölümü de çabuk tamamlansın.",opus_opensubtitles_tr
Ben talimatımı verdim.,Adamlarınız için günlük iş kotası tayin etmeliyiz.,opus_opensubtitles_tr
Aşırı yorulmamaları için 1.5 m.,Olarak düşünmüştüm ama bizimkilerle aynı oranda olması daha iyi olmaz mı?,opus_opensubtitles_tr
Böylece sağlıklı bir rekabet ortamı da doğmuş olur.,Ben talimatımı verdim.,opus_opensubtitles_tr
"Bunun üstesinden gelmeye çalışırız, değil mi Hughes?",Sanırım gündemimizdekiler bu gecelik bu kadar.,opus_opensubtitles_tr
"İlginize teşekkürler, Albay Saito.",Başka sorusu olan var mı?,opus_opensubtitles_tr
Bir soru:,Köprüyü zamanında bitirebilir misiniz?,opus_opensubtitles_tr
"Açıkça, bu konudaki fikir birliğimiz bunun mümkün olmadığı doğrultusunda.",Ama kesinlikle deneyeceğiz.,opus_opensubtitles_tr
Talihsiz bir anlaşmazlıktan ötürü bir ay kaybettiğimizi unutmayınız ki bunun sorumlusu ben değildim.,Başka birşey?,opus_opensubtitles_tr
Hayır.,Teşekkür ederim.,opus_opensubtitles_tr
Toplantı bitmiştir.,- İyi geceler.,opus_opensubtitles_tr
- İyi geceler.,Umarım Japonlar onlar için yaptıklarımızı takdir ederler.,opus_opensubtitles_tr
Şu an için takdirleri beni ilgilendirmiyor.,"- İyi geceler, Clipton.",opus_opensubtitles_tr
"- İyi geceler, efendim.","Bu arada, şunu söylemeliyim ki burada karaağaca benzer ağaçlar var.",opus_opensubtitles_tr
Ve de Londra Köprüsünün karaağaç kazıkları 600 yıldır dayanıyor.,"- 600 yıl mı, Reeves?",opus_opensubtitles_tr
"- Evet, efendim.",Altıyüz yıl.,opus_opensubtitles_tr
Bu herkese nasip olmaz.,LAVINIA TEPESİ HASTANESİ SEYLAN,opus_opensubtitles_tr
Kumandan Shears adında bir Amerikalıyı arıyorum.,"- Evet, aşağıdaki plajda.",opus_opensubtitles_tr
"- Oh, çok teşekkürler.",Öpücük!,opus_opensubtitles_tr
Etrafta çok göz var.,Etrafta çok göz var.,opus_opensubtitles_tr
"Pudra ve hap verip, banyo yaptırıp, iğne ve lavman yapıyorsun ama...",Benim tek isteğim aşk.,opus_opensubtitles_tr
Doğru.,Tek isteğin aşk.,opus_opensubtitles_tr
Rapor alabileceğinden nasıl bu kadar emin olabiliyorsun?,"Çünkü ben aslında bir sivilim, sevgilim.",opus_opensubtitles_tr
Ve hep kalbimin sesini dinlerim.,Öpücük.,opus_opensubtitles_tr
"Bu nasıldı, kumandan?",Bana kumandan deme.,opus_opensubtitles_tr
Hiç romantik değil.,Sen de bir subaysın.,opus_opensubtitles_tr
Sana Teğmen Sevgilim desem hoşuna gider miydi?,Demokratik olalım.,opus_opensubtitles_tr
"Bana sadece ""efendim"" de.","Peki, efendim.",opus_opensubtitles_tr
Bir yüksek rütbeli.,Seni istiyor.,opus_opensubtitles_tr
Senin olsun.,- Ben yüzeceğim.,opus_opensubtitles_tr
- Beni bırakma!,- Kumandan Shears?,opus_opensubtitles_tr
- Evet.,Benim adım Warden.,opus_opensubtitles_tr
- Nasılsınız?,- Davetsiz geldiğim için...,opus_opensubtitles_tr
"Önemli değil, binbaşı.",Alışkınım.,opus_opensubtitles_tr
Martini alır mısınız?,Çok naziksiniz.,opus_opensubtitles_tr
Almayacağım.,Ben içebilir miyim?,opus_opensubtitles_tr
Bunu nasıl alabildiniz?,"Hastane olan bir yerde, alkol de vardır.",opus_opensubtitles_tr
"Evet, elbette.",Çok hoş.,opus_opensubtitles_tr
"Şey, olabildiğince kısa konuşacağım.",Force 316 adında oldukça ilginç bir grubun üyesiyim.,opus_opensubtitles_tr
Karargahımız Botanik Bahçeleri'nde.,- Düşmanlardan mı koruyorsunuz?,opus_opensubtitles_tr
- Pek sayılmaz.,- İstemediğinize emin misiniz?,opus_opensubtitles_tr
"- Hayır, teşekkürler.",Üzerinde çalışmış olduğunuz tren yoluyla ilgileniyoruz.,opus_opensubtitles_tr
Bize çok değerli bilgiler verebilirsiniz.,"Şey, birkaç gün sonra Amerika'ya dönüyorum ve tüm bildiklerimi sizlere anlattım.",opus_opensubtitles_tr
Ama bize oldukça özel bir anlamda yardım edebilirsiniz.,"Çok zahmet olacak ama, gelip bizi görme imkanınız var mı acaba?",opus_opensubtitles_tr
"Aynı şeyleri dinlemek istiyorsanız, tabii.",Çok naziksiniz.,opus_opensubtitles_tr
Lord Louis size minnettar kalacak.,- Kim?,opus_opensubtitles_tr
- Tepenin efendisi.,Onun özel adamlarındanız.,opus_opensubtitles_tr
"Bu akşam diyelim mi, o halde?",8 gibi.,opus_opensubtitles_tr
Size araba yollarım.,Bu akşam mı?,opus_opensubtitles_tr
Mümkün değil.,O halde yarın sabah?,opus_opensubtitles_tr
10 gibi?,"- Tamam, 10.",opus_opensubtitles_tr
- Çok teşekkürler.,- Hoşçakalın.,opus_opensubtitles_tr
- Hoşçakalın.,İyi şanslar.,opus_opensubtitles_tr
Teşekkürler.,Çok üzgünsün ama bu akşamki randevumuza gelemeyeceksin.,opus_opensubtitles_tr
Çok yanılıyorsun.,Selam dur!,opus_opensubtitles_tr
Selam dur!,Silahlar öne!,opus_opensubtitles_tr
"- Geçiş izniniz, lütfen?","- Oh, evet.",opus_opensubtitles_tr
Binbaşı Warden'ın bungalovu yolun sonunda.,"Aferin, Jenkins.",opus_opensubtitles_tr
Aferin!,"Haydi, Thomson.",opus_opensubtitles_tr
"Bıçağını kullan, evlat.",Ayağa kalk!,opus_opensubtitles_tr
Sorgu odasına.,Ayağa kalk!,opus_opensubtitles_tr
Sorgu odasına.,"Haydi, kımıldayın!",opus_opensubtitles_tr
Seri davranın!,"Çok hantalsın, Joyce, çok hantal.",opus_opensubtitles_tr
"Bıçağını her zaman anında kullanmalısın, Joyce.","Bak, ona fırsat verdin.",opus_opensubtitles_tr
Dur bir dakika!,"Çok üzgünüm, efendim.",opus_opensubtitles_tr
- Üzgün müsünüz?,- Ben de öyle.,opus_opensubtitles_tr
- Düşman olduğunuzu sandım.,"- Amerikalıyım, bunu kastettiyseniz.",opus_opensubtitles_tr
"- Gidebilirsin, Joyce.","- Evet, efendim.",opus_opensubtitles_tr
"Üzgünüm, efendim.",- Size nasıl yardımcı olabilirim?,opus_opensubtitles_tr
- Binbaşı Warden'ı görecektim.,Size yolu göstereyim.,opus_opensubtitles_tr
Dersi bitmek üzere olmalı.,Size yolu göstereyim.,opus_opensubtitles_tr
Dersi bitmek üzere olmalı.,"- Dersinin sonu bu, efendim.",opus_opensubtitles_tr
- Gümbürtülü alkış.,"Eğitimi gerçek hayatla, olabildiğince bağdaştırmaktan yanadır.",opus_opensubtitles_tr
"- Binbaşı Warden, efendim?",- Evet?,opus_opensubtitles_tr
Geldiğinize sevindim.,- Sizinle ilgilenildi mi?,opus_opensubtitles_tr
- Oldukça.,"Teşekkürler, asker.",opus_opensubtitles_tr
Öyleyse gelin.,Albay Green sizinle tanışmaya can atıyor.,opus_opensubtitles_tr
"- Güzel bir yer, değil mi?",- Komando okulu olduğunu bilmiyordum.,opus_opensubtitles_tr
Bu kelimeyi kullanmamaya çalışırız.,Kulağa aşırı duygusal geliyor.,opus_opensubtitles_tr
Burada ne yapıyorsunuz?,"Sabotaj, yıkım, bu tür şeyler.",opus_opensubtitles_tr
"P.P. Kullanıyoruz, plastik patlayıcılar.",Harika birşey.,opus_opensubtitles_tr
Bu patlama sesi bunun yarısı büyüklüğünde bir parça ile yapıldı.,Gelignitten iki kat daha güçlü hem de yarısı ağırlığında.,opus_opensubtitles_tr
Patlatılmadığı sürece oldukça zararsızdır.,Söylediğiniz için teşekkürler.,opus_opensubtitles_tr
Tamamen suya dayanıklı ve aslında bir plastik.,İşini bitir!,opus_opensubtitles_tr
Kulübeye git.,"Ah, tabii.",opus_opensubtitles_tr
"Yeni gelen mahkumlar mezar kazdığımızı görürlerse, kaçabilirler.",Şakanın sırası değil.,opus_opensubtitles_tr
İşini bitir!,"Kaz, kaz.",opus_opensubtitles_tr
Bizi hasta listesine koysanız diyorum.,"İnsaflı olun, yüzbaşı.",opus_opensubtitles_tr
Bizi hastaneye yatırın.,Hasta değilsiniz.,opus_opensubtitles_tr
Hiç olmadınız.,"Neden hep hasta numarası yapıyorsun, Shears?",opus_opensubtitles_tr
Başımın üzerine böyle birşey istemediğimden herhalde.,Yüzbaşı Kanematsu sigaraya ne dersiniz?,opus_opensubtitles_tr
Bu sabah verdim ya.,İkinize de.,opus_opensubtitles_tr
İyi ya işte.,Bu iyiliğinizin karşılığını vermek istiyorum.,opus_opensubtitles_tr
"İçten gelerek verilen bir hediyeyi asla unutmam, sizin verdiğiniz sigara gibi.",O yüzden bu çakmağı almanızı istiyorum.,opus_opensubtitles_tr
Çaldığımı mı sanıyorsunuz?,Az önce gömdüğümüz İngiliz çocuğun çakmağıydı.,opus_opensubtitles_tr
Ona yaptığım bir iyiliğe karşı bana bunu vermişti.,"Ölmeden önce, ben de aynı şeyi size yapmak istiyorum.",opus_opensubtitles_tr
"Tuhaf adamsın, Shears.",Hasta listesine kondun.,opus_opensubtitles_tr
O da.,Bir gün Albay Saito ona rüşvet verdiğini anlarsa ne olacak?,opus_opensubtitles_tr
"Bundan önce biz çoktan uzaklarda olacağız, dostum.",Çok uzaklarda.,opus_opensubtitles_tr
"Peki, haydi bitirelim.",Burada yatan...,opus_opensubtitles_tr
Az önce kimi gömdüğümüzü unuttum.,Thomson.,opus_opensubtitles_tr
"Ah, evet.",Burada yatan Onbaşı Herbert Thomson seri numarası sıfır-bir- iki-üç-dört-beş-altı-yedi.,opus_opensubtitles_tr
"1943'de beriberiden ölmüş, Kings Own veya Queens Own ya da her neyse onun cesur üyesi ve şerefiyle ölen...",- Ne uğruna ölmüştü?,opus_opensubtitles_tr
- Haydi yapma.,Ölenle alay edilmez.,opus_opensubtitles_tr
Ölenle alay falan etmiyorum.,Huzur içinde yatsın.,opus_opensubtitles_tr
Bu huzuru hayattayken pek bulamadı.,"""A"" Bölüğü, yerinde say!",opus_opensubtitles_tr
Dur.,"Sıraya geç, sola dön.",opus_opensubtitles_tr
Rahat.,"Bayağı yoğun mezarcılar olacağız, Weaver.",opus_opensubtitles_tr
"Aferin, aferin.",Bu albay neyin içinde olduğunu bilmiyor.,opus_opensubtitles_tr
Ona gerçeği anlatacak mısın?,Tabii ki hayır.,opus_opensubtitles_tr
"Sen ne bir subaysın, ne de bir centilmen.",Adım Nicholson.,opus_opensubtitles_tr
Ben Albay Saito.,Majesteleri adına size hoşgeldiniz diyorum.,opus_opensubtitles_tr
"Bu kampın, yani yakında Bangkok'u Rangoon'a bağlayacak olan büyük tren yolundaki 16. kampın kumandanıyım.","Siz İngiliz mahkumlar, Kwai Nehri üzerine bir köprü inşa etmek üzere seçildiniz.",opus_opensubtitles_tr
Keyifli ve beceri isteyen bir iş olacak.,Subaylar da siviller gibi çalışacaklar.,opus_opensubtitles_tr
Japon Ordusu tembel olanları beslemez.,"Çok çalışırsanız, karşılığını alırsınız.",opus_opensubtitles_tr
Ama eğer çok çalışmazsanız cezalandırılacaksınız.,Kaçmakla ilgili şunları söyleyeyim:,opus_opensubtitles_tr
Burada dikenli tel yok.,Kazıklı çit yok.,opus_opensubtitles_tr
Gözcü kulesi yok.,Tüm bunlar gerekli değil.,opus_opensubtitles_tr
Burası ormanın ortasında bir ada.,Buradan kaçmak imkansızdır.,opus_opensubtitles_tr
Ölürsünüz.,"Bugün dinlenecek, yarın işe başlayacaksınız.",opus_opensubtitles_tr
Size General Yamashita'nın bir sözünü hatırlatayım:,"""İşinizi seve seve yapın.""",opus_opensubtitles_tr
İşinizi seve seve yapın.,Gidebilirsiniz.,opus_opensubtitles_tr
"Tabur, rahat.","Binbaşı Hughes, sıradan çık.",opus_opensubtitles_tr
"Tabur, rahat.","Hughes, adamları koğuşlara yerleştir.",opus_opensubtitles_tr
Hasta olanlarla ilgilen.,Bu adamla biraz konuşacağım.,opus_opensubtitles_tr
"Sözlerinizi duydum, efendim.","Adamlarım, işlerini İngiliz askerlerine yakışır şekilde yapacaklardır.",opus_opensubtitles_tr
Davranışlarından subaylarım ve ben sorumlu olacağız.,"Cenevre Anlaşması gereği, subayların, işçi olarak çalıştırılmasının kesinlikle yasak olduğu gözünüzden kaçmış olabilir.",opus_opensubtitles_tr
Öyle mi?,Anlaşmanın bir kopyası bende var göz atmanız için size verebilirim.,opus_opensubtitles_tr
Buna gerek olmayacak.,"Oturun, lütfen.",opus_opensubtitles_tr
"Evet, efendim.",Clipton ile biraz konuşacağım.,opus_opensubtitles_tr
"Clipton, mani olmayayım.",- Kolun nasıl?,opus_opensubtitles_tr
- İyileşti sayılır.,"Efendim, bu Amerikan Donanmasından Binbaşı Shears.",opus_opensubtitles_tr
"Nasılsınız, efendim?",Onu ve bir Avustralyalı bulduk.,opus_opensubtitles_tr
Kampı kuran mahkumlardan geriye sadece ikisi kalmış.,"Amerikan Donanması, ha?",opus_opensubtitles_tr
Burada mı?,Kara ile kuşatılmış sayılırım.,opus_opensubtitles_tr
- Geminizi mi kaybettiniz?,- Houston'ı.,opus_opensubtitles_tr
Karaya çıkmayı başardım fakat diğer kurtulanlardan ayrı düştüm.,Buradaki grubunuzdan da mı?,opus_opensubtitles_tr
Çoğunlukla Avustralyalılar.,Birkaç...,opus_opensubtitles_tr
Birkaç İngiliz.,"Hintli, Birmanyalı, Siyamlı.",opus_opensubtitles_tr
Onlara ne oldu peki?,"Öldüler sıtma, dizanteri, beriberi ve kangrenden.",opus_opensubtitles_tr
Diğer ölüm sebepleri:,"Açlık, aşırı çalışma, kurşun yaraları, yılan ısırıkları Saito.",opus_opensubtitles_tr
Bir de yaşamaktan yorulanlar vardı.,Clipton size baktı mı?,opus_opensubtitles_tr
Üzereyim.,"Buraya gelin, sonra tıraş olursunuz.",opus_opensubtitles_tr
Pekala.,Subaylarla kalacaksınız.,opus_opensubtitles_tr
Size uygun bir kıyafet bulacağız.,Benim için endişelenmeyin.,opus_opensubtitles_tr
Hasta listesinden çıkmaya pek can atmıyorum.,"Ayrıca, bu da iş kıyafeti.",opus_opensubtitles_tr
Buralarda çok moda.,Grubunuzdaki subaylar ağır işçilik yaptılar mı?,opus_opensubtitles_tr
Öyle de diyebilirsiniz sanırım.,"Bu konuyu Albay, adı neyse, ona söyledim.",opus_opensubtitles_tr
Saito.,- Sanırım durumu anladı.,opus_opensubtitles_tr
- Öyle mi dersiniz?,Evet.,opus_opensubtitles_tr
Oldukça makul birine benzediğini söylemeliyim.,"Şey, işime devam etmeliyim.",opus_opensubtitles_tr
Saat 19:00'da subaylar toplantısı var.,- Taleplerinizin listesini çıkarın.,opus_opensubtitles_tr
"- Peki, efendim.",Ne yapabilirsek.,opus_opensubtitles_tr
"Teşekkür ederim, efendim.",- Ne oldu?,opus_opensubtitles_tr
- Boşver.,"Haydi, söyle.",opus_opensubtitles_tr
"Saito için söyleyecek pek çok şey bulabilirim ama ""makul"", yeni bir kelime.",Belki Albay Nicholson bu kelimeyi farklı tanımlıyordur.,opus_opensubtitles_tr
Başka görüşü olan?,"- İzin verirseniz, efendim?",opus_opensubtitles_tr
- Jennings?,Kaçış komitesi hakkında.,opus_opensubtitles_tr
Binbaşı Shears ile konuştum...,Kaçış komitesi diye birşey olmayacak.,opus_opensubtitles_tr
"Anlayamıyorum, efendim.",Yüzbaşı Jennings'in bir planı var.,opus_opensubtitles_tr
"Evet, evet, eminim Jennings'in bir planı vardır, ama kaçmak mı?",Nereye?,opus_opensubtitles_tr
Bu ormanın içine mi?,"Şu adam, Saito, o haklı.",opus_opensubtitles_tr
Burada dikenli tellere gerek yok.,Kurtulma şansı 100'de bir.,opus_opensubtitles_tr
Eminim Binbaşı Shears'in adamlarının tecrübeleri beni destekleyecektir.,Bence başarılı bir kaçış ihtimali 100'de bir.,opus_opensubtitles_tr
- Ama birşey daha ekleyebilir miyim?,- Lütfen.,opus_opensubtitles_tr
Bu kampta hayatta kalma ihtimali bundan da düşük.,Mezarlığı gördünüz.,opus_opensubtitles_tr
Güçlü ihtimal o.,"Kaçış ümidinizi yitirip bunu düşünmekten vazgeçerseniz, ölüm fermanınızı hazırlamış olursunuz.",opus_opensubtitles_tr
"Siz neden kaçmayı hiç denemediniz, binbaşı?",Zamanını bekliyorum.,opus_opensubtitles_tr
Doğru zamanı ve doğru ekibi.,Ne hissettiğinizi anlıyorum.,opus_opensubtitles_tr
"Tabii ki, esir düşen bir askerin görevi, kaçma teşebbüsüdür.",Fakat adamlarım ve ben garip bir yasal olaya karışmış durumdayız ki bunu siz bilmiyorsunuz.,opus_opensubtitles_tr
Başkomutanlık bize Singapur'da teslim olmamızı emretti.,Emretti.,opus_opensubtitles_tr
"O yüzden, bizim durumumuzda kaçmak, ordu kanunlarına karşı gelmek olur.","İlginç bir konu, efendim.",opus_opensubtitles_tr
"Özür dilerim, efendim, Sizi tam anlayamadım.","Bu yasal talimatı, ne pahasına olursa olsun, uygulamayı mı düşünüyorsunuz?",opus_opensubtitles_tr
"Yasalar olmazsa, binbaşı, medeniyet de olmaz.",Söylemek istediğim bu.,opus_opensubtitles_tr
Burada medeniyet yok.,O halde öğretme fırsatımız var.,opus_opensubtitles_tr
Kaçma konusunu kapatalım.,Başka birşey var mı?,opus_opensubtitles_tr
Sanırım program gayet açık.,Yarın sabahtan itibaren herşeyin sorunsuz gitmesini istiyorum.,opus_opensubtitles_tr
Ve şunu unutmayın:,Adamlarımız halen bizim emrimizde olduklarını hissetmeliler Japonların değil.,opus_opensubtitles_tr
"Buna inandıkları sürece, asker olarak kalırlar, esir değil.","Bunda mutabık mıyız, binbaşı?",opus_opensubtitles_tr
"Umarım asker olarak kalabilirler, albay.","Bana gelince, ben bir esirim.",opus_opensubtitles_tr
Yaşayan bir esir.,Garip bir kuş.,opus_opensubtitles_tr
Bir Amerikalı için bile...,"Çok uzun süre ayrı kalmış, zavallı çocuk.",opus_opensubtitles_tr
Bölüğünden alınmış.,Bu hepimize ders olmalı.,opus_opensubtitles_tr
İngiliz mahkumlar!,Dikkat ettiyseniz İngiliz askerler demiyorum.,opus_opensubtitles_tr
"Teslim olduğunuz andan itibaren, askerliğiniz bitmiştir.",Mayıs ayının on ikinci gününe kadar köprüyü bitirmiş olacaksınız.,opus_opensubtitles_tr
Japon bir mühendisin talimatları doğrultusunda çalışacaksınız.,Zamanımız kısıtlı.,opus_opensubtitles_tr
Herkes çalışacak.,Subaylarınız da sizlerin yanında çalışacaklar.,opus_opensubtitles_tr
Çünkü teslim olarak sizlere ihanet etmişlerdir.,Utancınız onların şerefsizliğidir.,opus_opensubtitles_tr
Sizlere kahramanca ölmektense hamallar gibi yaşamak daha iyidir diyen onlar.,"Sizleri buraya getiren de onlar, ben değilim.",opus_opensubtitles_tr
"Bu yüzden, kendileri yararlı işlerde kullanılmak üzere sizlere katılacaklar.",Hepsi bu kadar.,opus_opensubtitles_tr
"Subay mahkumlar, aletlerinizi alın.","Bradley, yerine dön.",opus_opensubtitles_tr
"Binbaşı Saito, size Cenevre Anlaşmasının 27.",Maddesini hatırlatmak isterim.,opus_opensubtitles_tr
"""Savaşan taraflar, sağlıklı savaş mahkumlarını çalıştırabilirler, subaylar hariç""...",O kitabı bana verin.,opus_opensubtitles_tr
Elbette.,"İngilizce okuyabiliyorsunuz, değil mi?",opus_opensubtitles_tr
- Siz Japonca okuyabiliyor musunuz?,"- Üzgünüm, hayır.",opus_opensubtitles_tr
"Sorun tercüme ise, eminim bunu ayarlayabiliriz.","Bakın, kanun der ki...",opus_opensubtitles_tr
Yerlerinizde kalın.,Bana kanundan mı bahsediyorsunuz?,opus_opensubtitles_tr
"Hangi ""kanun""?",Korkakların kanunu!,opus_opensubtitles_tr
Asker kanunları hakkında ne bilirsiniz?,Bushido hakkında?,opus_opensubtitles_tr
Hiçbir şey!,Komutanlığa layık değilsiniz!,opus_opensubtitles_tr
Medeni dünyanın kanunlarına riayet etmeyi reddederseniz size itaat edemeyiz.,Subaylarım ağır iş yapmayacaklar.,opus_opensubtitles_tr
Göreceğiz.,Tüm er mahkumlar iş başına.,opus_opensubtitles_tr
Başçavuş!,Adamları işe başlatın.,opus_opensubtitles_tr
"Tabur, aletlerinizi alın.",Tek sıra halinde sola dön.,opus_opensubtitles_tr
Sola dön!,"""A"" Bölüğü, sağa.",opus_opensubtitles_tr
"Marş, marş.",Gözler sağa.,opus_opensubtitles_tr
Gözler sağa.,Gözler öne.,opus_opensubtitles_tr
"Marş, marş, gözler sağa.","""C"" Bölüğü, sağa.",opus_opensubtitles_tr
Ne yapıyor?,Galiba şahit bırakmak istemiyor.,opus_opensubtitles_tr
"Şimdi, mantıklı olacaksınız.",Subaylarınıza çalışmalarını emredeceksiniz.,opus_opensubtitles_tr
Hayır.,Üçe kadar sayacağım.,opus_opensubtitles_tr
Eğer üç dediğimde siz ve subaylarınız işin yolunu tutmamışsanız ateş emri vereceğim.,Yapacak.,opus_opensubtitles_tr
"İnan bana, gerçekten yapacak.",Bir.,opus_opensubtitles_tr
"Sizi uyarıyorum, Albay...",İki.,opus_opensubtitles_tr
Durun!,"Albay Saito, herşeyi gördüm ve duydum.",opus_opensubtitles_tr
Hastanedeki diğerleri de.,Çok fazla şahit var.,opus_opensubtitles_tr
"Toplu kaçış oldu diyemezsiniz, çünkü bir çoğu yürüyemiyor bile.",Bu mu sizin askeri kanununuz?,opus_opensubtitles_tr
Silahsız adamları öldürmek mi?,"Gördün mü, Jennings?",opus_opensubtitles_tr
Hasta listesinde olmanın bazı avantajları da varmış.,İhtiyar için şunu söyleyebilirim:,opus_opensubtitles_tr
Çok yürekli biri.,"""Ölüm vadisine giden yol.""",opus_opensubtitles_tr
"Nasıl yani, efendim?",Öyle bir yüreklilik.,opus_opensubtitles_tr
1914'te sadece bellerindeki süs kamçılarıyla savaşan subayların yürekliliği.,- Anlıyorum.,opus_opensubtitles_tr
- Kesinlikle anlamıyorsun.,Hepimizin ölümüne sebep olacak bir yüreklilik.,opus_opensubtitles_tr
"Özür dilerim, efendim.",Ben de katılmak istiyorum.,opus_opensubtitles_tr
"Kolum neredeyse iyileşti, efendim, gerçekten.",Ya o?,opus_opensubtitles_tr
"Kaçmamamızı emretmedi, önerdi.","Dinle, albayınız gibi biri birşey önerdiğinde, bu bir emir sayılır.",opus_opensubtitles_tr
Yine başlıyoruz.,Albay Saito tüm subayların ceza kulübesine gitmesini istiyor.,opus_opensubtitles_tr
"Söyleyin, gitsinler.",Sen değil.,opus_opensubtitles_tr
Gel.,Onu serbest bırakın!,opus_opensubtitles_tr
Onu serbest bırakın!,Onu fırına koyacaklar.,opus_opensubtitles_tr
Çünkü o çok iyi bir adamdır Çünkü o çok iyi bir adamdır,Çünkü o çok iyi bir adamdır,opus_opensubtitles_tr
Hepimiz böyle düşünüyoruz,Hepimiz böyle düşünüyoruz Hepimiz böyle düşünüyoruz,opus_opensubtitles_tr
Çünkü o çok iyi bir adamdır Çünkü o çok iyi bir adamdır,Çünkü o çok iyi bir adamdır,opus_opensubtitles_tr
Hepimiz böyle düşünüyoruz,Dikkat!,opus_opensubtitles_tr
Düşüyor!,"Bir, iki, üç, dört.",opus_opensubtitles_tr
"Bir, iki, üç, dört.","Hayır, hayır, hayır!",opus_opensubtitles_tr
Bırakın!,Bırakın!,opus_opensubtitles_tr
Beni mi görmek istediniz?,Üç gündür buna uğraşıyorum.,opus_opensubtitles_tr
Albay hakkında.,O kilitli kulübede...,opus_opensubtitles_tr
Sizi vurdurabilirdim.,"Kaçmaya teşebbüs eden mahkumlar, sizin sorumluluğunuzdaydılar.",opus_opensubtitles_tr
Kaçma hakkında hiçbir şey bilmiyordum.,Bu birşeyi değiştirmez.,opus_opensubtitles_tr
Deneyenlere saygı duymak gerekir.,"Kısa bir süre için, kaçma ve ölüm arasında tekrar asker oldular.",opus_opensubtitles_tr
Ama kaçmaya çalışmak delilik.,"İki asker vuruldu, üçüncüsü de boğuldu.",opus_opensubtitles_tr
Ne uğruna?,"Bu, gerçeklerden kaçıştı.",opus_opensubtitles_tr
İşte gerçeğiniz.,"Bu, öğlene kadar bitirilmesi gereken işi gösteriyor.",opus_opensubtitles_tr
"Bu da, ne kadar ilerleme kaydedildiğini.","Albayınızın inatçılığı yüzünden, programın çok gerisinde kaldık.",opus_opensubtitles_tr
Hepsi bu kadar değil.,Kayıtlı mahkumlar işi sabote ettiler.,opus_opensubtitles_tr
"Evet, gördüm.",Hepsini vurdurabilirdim.,opus_opensubtitles_tr
O zaman köprünüzü kim inşa ederdi?,Sabotaj olduğundan emin misiniz ki?,opus_opensubtitles_tr
Adamlar kendi subayları olmadan verimli çalışamıyorlardır.,Onları benim subaylarım yönetecek.,opus_opensubtitles_tr
Sizin subaylarınız onlarla çalışacak.,Buna Nicholson karar verir.,opus_opensubtitles_tr
"Dediği gibi bu, kurallara aykırı.",Bana kurallardan bahsetmeyin.,opus_opensubtitles_tr
Bu bir savaş!,Bir kriket oyunu değil.,opus_opensubtitles_tr
Albayınız çılgın oldukça çılgın.,"Oturun, lütfen.",opus_opensubtitles_tr
Albayı bir kerelik görmenize izin vermeye karar verdim.,Teşekkür ederim.,opus_opensubtitles_tr
Ona şunu söyleyin; eğer subayları çalışmazlarsa hastaneyi kapatmak zorunda kalacağım ve hastalarınız onların yerine çalıştırılacaklar.,Bir çoğu ölecek.,opus_opensubtitles_tr
Bunun da sorumlusu kendisi olacak.,Gidin ve konuşun onunla.,opus_opensubtitles_tr
Beş dakika süreniz var.,"Doktor, ihtiyarı görmeye gidiyor.",opus_opensubtitles_tr
Efendim...,"Benim, Clipton, efendim.",opus_opensubtitles_tr
Size bazı şeyler getirdim.,- Adamlarım nasıl?,opus_opensubtitles_tr
"- İyiler, efendim, iyiler.",Zor bela toparladığımız azıcık et ve hindistan cevizi getirdim.,opus_opensubtitles_tr
Ya subaylar?,Pek iyi değiller.,opus_opensubtitles_tr
Hala cezalılar.,Çavuş Jennings ise...,opus_opensubtitles_tr
Jennings öldü.,- Ne?,opus_opensubtitles_tr
"- Öldürüldü, kaçmaya çalışırken.","İki kişi daha, Onbaşı Weaver ve Amerikalı.",opus_opensubtitles_tr
Jennings.,"Zavallı, yiğit delikanlı.",opus_opensubtitles_tr
"Onu uyarmıştım, değil mi Clipton?","Bakın, efendim, fazla vaktimiz yok.",opus_opensubtitles_tr
Konuşurken sizi biraz temizleyeceğim.,Size söyleyeceklerim var.,opus_opensubtitles_tr
Az önce Saito ile konuştum.,O adam karşılaştığım en kötü kumandan.,opus_opensubtitles_tr
"Daha doğrusu, o bir çılgın.",Devam et.,opus_opensubtitles_tr
Şantaj!,"Biliyorum, efendim, ama o çok ciddi.",opus_opensubtitles_tr
Bundan eminim.,"Bu bir cüret meselesi, bu kadar basit.",opus_opensubtitles_tr
Ve vazgeçemiyor.,Bu yine de bir şantaj.,opus_opensubtitles_tr
"Efendim, bundan daha fazlasına dayanamazsınız.",Subaylarınızın o delikte boğulmaktansa çalışmaları daha iyi olmaz mı?,opus_opensubtitles_tr
Adamlar iyi iş yapıyorlar.,Cesaret edebildikleri kadar yavaş gidiyorlar.,opus_opensubtitles_tr
Ama Saito yemeklerinden kesti ve eğer hastaları çalıştırırsa...,"Şey, ölürler.",opus_opensubtitles_tr
Doğrusu bu.,"Evet, Clipton, anlıyorum.",opus_opensubtitles_tr
Gerçekten.,Ama görmüyor musun?,opus_opensubtitles_tr
Bu bir prensip meselesi.,"Eğer şimdi pes edersek, bunun sonu gelmez.",opus_opensubtitles_tr
Hayır.,"Efendim, koca bir ormanın içindeyiz, her yerden binlerce kilometre uzakta.",opus_opensubtitles_tr
Kararından asla vazgeçmeyecek bir adamın hükmü altındayız.,Prensip!,opus_opensubtitles_tr
Bize neler olduğunu ne bilecekler ne de umursayacaklar.,"Pes edin, efendim.",opus_opensubtitles_tr
Lütfen!,Kararım kesindir.,opus_opensubtitles_tr
Taburumdan hiçbir subayın hamal gibi çalışmasına izin vermeyeceğim.,- Vakit doldu.,opus_opensubtitles_tr
- Pekala.,Beni düşünenlere teşekkür et lütfen.,opus_opensubtitles_tr
Hastanedeki herkesin birer parça katkısı oldu.,Reynolds hindistancevizini çaldı.,opus_opensubtitles_tr
Size arasıra yiyecek getirebileceğiz.,Gardiyanlardan birine rüşvet verdik.,opus_opensubtitles_tr
"Hoşçakalın, efendim.",Ve iyi şanslar.,opus_opensubtitles_tr
Çok teşekkürler.,O Amerikalı öldürüldü mü demiştin?,opus_opensubtitles_tr
"Evet, efendim.",Vuruldu ve boğuldu.,opus_opensubtitles_tr
Kaçmayı planlamak delilik.,"Üç adam öldü, peki ne uğruna?",opus_opensubtitles_tr
Vakit!,İşte bundan galip çıkmalıyız.,opus_opensubtitles_tr
"Doktor bize bakıp, kafasını salladı.",Bu ne anlama geliyorsa.,opus_opensubtitles_tr
"Sadece bir anlama geliyor, albay pes etmeyecek.",Eeee?,opus_opensubtitles_tr
Şöyle.,Albay Nicholson pes etmeyecek.,opus_opensubtitles_tr
Prensip meselesi.,"Bir tıp adamı ve subay olarak, gördüğü muameleyi kınıyorum.",opus_opensubtitles_tr
Hala hayatta olması bir mucize.,"Acı bir olay olursa, bu cinayet anlamına gelir.",opus_opensubtitles_tr
Sorumlusu kendisidir.,Ben değilim.,opus_opensubtitles_tr
Hasta mısınız?,İkisi de mi çılgın?,opus_opensubtitles_tr
Yoksa ben mi çıldırıyorum?,Yoksa güneşin etkisi mi?,opus_opensubtitles_tr
Dikkat!,"Tabur, dikkat.",opus_opensubtitles_tr
İngiliz mahkumlar.,Şunu soruyorum sizlere köprü yapımında neden ilerleme yok?,opus_opensubtitles_tr
"Nedenini biliyorsunuz, subaylarınız tembel de ondan!",Kendilerini yükünüzü paylaşmaya layık görmüyorlar.,opus_opensubtitles_tr
Bu adil değil.,"Bu yüzden, işinizi severek yapmıyorsunuz.",opus_opensubtitles_tr
"Bu yüzden, köprü işinde ilerleme kaydedilmiyor.",Ama başka bir nedeni daha var.,opus_opensubtitles_tr
Gerçeği saklamıyorum.,"Utanarak ve üzülerek kabul etmeliyim ki bu, Japon ekibinden birinin başarısızlığıdır.",opus_opensubtitles_tr
Teğmen Miura'yı kastediyorum.,Kendisi kötü bir mühendistir.,opus_opensubtitles_tr
Emir vermekten aciz biridir.,"Bu yüzden, onu görevinden aldım.",opus_opensubtitles_tr
Yarın tekrar başlayacağız.,Çalışmayı bizzat yöneteceğim.,opus_opensubtitles_tr
Bugün dinleniyoruz.,Hiç durmadan çalışan bir kişi sersemler ve sıkıcı biri olur!,opus_opensubtitles_tr
"Göstereceğiniz çabadan ötürü, saygı simgesi olarak hepinize hediyeler vereceğim.",İşimizi seve seve yapalım.,opus_opensubtitles_tr
"Bölük, dağılabilirsiniz.","Tabur, dağılabilirsiniz.",opus_opensubtitles_tr
"Hey, şuna bir bakın.",Kızılay!,opus_opensubtitles_tr
Bize kendi...,"Hey, bize kendi Kızılay çantalarımızı vermiş.",opus_opensubtitles_tr
"""Yarın tekrar başlıyoruz.""","Hey, Harry, bak!",opus_opensubtitles_tr
İhtiyarı dışarı çıkarıyorlar.,Herhalde yine dövecekler.,opus_opensubtitles_tr
"İyi akşamlar, albay.",Oturmaz mısınız?,opus_opensubtitles_tr
Geç bir akşam yemeği yiyorum.,İngiliz bifteği.,opus_opensubtitles_tr
"Hayır, teşekkür ederim.",İskoç malı.,opus_opensubtitles_tr
Sake'ye tercih ederim.,"Londra'da üç yıl kaldım, biliyor musunuz?",opus_opensubtitles_tr
Londra Sanat Üniversitesi'nde okudum.,Şerefe!,opus_opensubtitles_tr
Özür dilerim.,"Daha sonra belki, ha?",opus_opensubtitles_tr
Belki.,İyi bir sanatçı değildim.,opus_opensubtitles_tr
Babam istemiyordu.,Ona göre ben orduya aitmişim.,opus_opensubtitles_tr
O yüzden sanattan mühendisliğe geçtim.,"Şunu söylemeliyim, Albay Saito:",opus_opensubtitles_tr
Faaliyetlerinizle ilgili tam bir rapor verme düşüncesindeyim.,Mevkiimi tam olarak anladığınızı sanmıyorum.,opus_opensubtitles_tr
- Emirleri uygulamak zorundayım.,"- Oh, tabii, tabii.",opus_opensubtitles_tr
"İşim, köprüyü 12 Mayıs'a kadar bitirmek.",- Sadece 12 haftam kaldı.,opus_opensubtitles_tr
- Hiç şüphesiz.,"Bu yüzden, elimizdeki tüm personeli kullanmak zorundayım.",opus_opensubtitles_tr
"Subaylar olmaz, yönetim işleri dışında.",Fakat koca tren yolu boyunca çalışan subaylar var.,opus_opensubtitles_tr
"Bunu siz de biliyorsunuz, ben de.",Diğer subaylardan ben sorumlu değilim.,opus_opensubtitles_tr
"Şahsen, şaşırdım.",Öfkelenmeyelim.,opus_opensubtitles_tr
Puro ister misiniz?,Hayır.,opus_opensubtitles_tr
Teşekkür ederim.,"Tüm subaylar çalışmak zorunda derken elbette, sizi, bir kumandanı kastetmedim.",opus_opensubtitles_tr
Talimatlarım sadece diğer subaylar için...,Hiçbir subay ağır işte çalışmayacak.,opus_opensubtitles_tr
Lütfen!,Şunu söyleyecektim:,opus_opensubtitles_tr
Meseleyi baştan düşündüm ve şuna karar verdim.,Binbaşı ve üstsubayları yönetimde çalıştırıp sadece astsubayları ağır işlerde çalıştıracağım.,opus_opensubtitles_tr
Hayır.,Anlaşma bunu açıkça belirtiyor.,opus_opensubtitles_tr
Köprü zamanında bitmezse bana ne olacağını biliyor musunuz?,Hiçbir fikrim yok.,opus_opensubtitles_tr
Kendimi öldürmek zorunda kalacağım.,Benim yerimde olsanız ne yapardınız?,opus_opensubtitles_tr
"Sanırım, yerinizde olsam kendimi öldürmek zorunda kalırdım.",Şerefe.,opus_opensubtitles_tr
"Sizi uyarıyorum, albay ben öleceksem, başkaları benden daha önce ölecek.",Anlıyor musunuz?,opus_opensubtitles_tr
Clipton bundan bahsetti.,"Bu, sorununuzu çözmez.",opus_opensubtitles_tr
Eminim uygun bir çözüme varabiliriz.,"Lütfen, oturun.",opus_opensubtitles_tr
Şimdi.,"Söyleyin, albay sizce de bir subayın başlıca görevi, emir vermek değil midir?",opus_opensubtitles_tr
- Elbette.,- Güzel.,opus_opensubtitles_tr
Şimdi.,Şu köprünüzü ele alın.,opus_opensubtitles_tr
Muazzam bir girişim.,"Açıkça söylemek gerekirse, şu sizin teğmenin, adı neydi...",opus_opensubtitles_tr
Miura.,...böylesine önemli bir görevin üstesinden gelebileceğine şüpheliyim.,opus_opensubtitles_tr
"Diğer taraftan, bizde öyle subaylar var ki, örneğin Reeves ve Hughes bunlar Hindistan'da birçok köprü inşa etmişlerdir.",Askerler onları sayarlar.,opus_opensubtitles_tr
Bir subay için bu tür bir saygı esastır.,"Bunu yitirirse, komutanlığı sona erer.",opus_opensubtitles_tr
Sonra ne olur?,Moral bozukluğu ve kaos.,opus_opensubtitles_tr
Buna izin verirsem zavallı bir kumandam olurum.,Köprünün artık benim kumandam altında olduğunu belki de bilmiyorsunuzdur.,opus_opensubtitles_tr
Öyle mi?,"Peki, işten memnun olup olmadığınızı sorabilir miyim?",opus_opensubtitles_tr
- Memnun değilim!,- Üzerine bastınız.,opus_opensubtitles_tr
İngilizlerden nefret ediyorum!,Yenildiniz fakat utanç duymuyorsunuz.,opus_opensubtitles_tr
İnatçısınız fakat gururlu değilsiniz.,Dayanma gücünüz var ama cesaretiniz yok.,opus_opensubtitles_tr
İngilizlerden nefret ediyorum!,Bunu sürdürmenin bir anlamı yok.,opus_opensubtitles_tr
Durun!,Yerinizde kalın.,opus_opensubtitles_tr
Yerinizde kalın!,"Tabur, dikkat!",opus_opensubtitles_tr
"Tabur, rahat.",Lütfen...,opus_opensubtitles_tr
"Bugünün tarihi nedir, albay, biliyor musunuz?",Takip edemedim.,opus_opensubtitles_tr
1905'deki muhteşem Rusya zaferimizin yıldönümü.,Tüm Doğu Asya'da bu tarihi kutluyoruz.,opus_opensubtitles_tr
Bu olayın şerefine birliklerinize bir gün dinlenme izni veriyorum.,Çok teşekkürler.,opus_opensubtitles_tr
Bir genel af ilan ediyorum.,Siz ve subaylarınız kışlalarınıza dönebilirsiniz.,opus_opensubtitles_tr
Bu affın bir parçası olarak da subayların ağır işçilik yapmalarına gerek kalmamıştır.,Başardı!,opus_opensubtitles_tr
"Birisi madalyayı hak ediyor, efendim.",Ekibinizde kaç adamınız var?,opus_opensubtitles_tr
"Tam olarak bilmiyorum, efendim.",- Bilmiyor musun?,opus_opensubtitles_tr
"- On iki, genelde.","Adamlardan biri bu sabah hastalandı, efendim.",opus_opensubtitles_tr
Hastaneye götürmek için üç-dört kişi gerekti.,Ve...,opus_opensubtitles_tr
"Çok ağır hastalandı, efendim.",Bir onbaşı emrinde kaç kişinin çalıştığını bilmelidir.,opus_opensubtitles_tr
"Evet, efendim.",Sinirsel bir hastalığınız mı var?,opus_opensubtitles_tr
Yüzünüzü böyle yapmayı kesin.,"Size komik gelebilir ama, bu, orduya uygun bir hareket değil.",opus_opensubtitles_tr
"Hayır, efendim.",Bu gösterilere bir son verdirmeliyiz.,opus_opensubtitles_tr
- Subay Reeves?,"- Evet, efendim?",opus_opensubtitles_tr
Kwai gibi akıntılı bir nehir üzerine hiç köprü inşa ettiniz mi?,"Evet, efendim, Madras'da yarım düzine kadar, Bengal'de...",opus_opensubtitles_tr
Bu köprü sizin olsaydı altından nasıl kalkardınız?,"Altından nasıl mı kalkardım, efendim?",opus_opensubtitles_tr
"İlk olarak, ben buraya inşa etmezdim.","Oh, neden?",opus_opensubtitles_tr
Söylemeye çalıştığım şu ki Japonlar daha kötü bir yer seçemezlerdi.,Şu kazıkları görüyor musunuz?,opus_opensubtitles_tr
Batıyorlar.,Bu kütüklerden sonsuza dek taşısak bile tutmazlar.,opus_opensubtitles_tr
Siz nereye inşa ederdiniz?,"Daha aşağı tarafa, efendim.",opus_opensubtitles_tr
Dar boğazın iki tarafına.,"O konumda, iki kıyıda sert kayalar olur.",opus_opensubtitles_tr
"Hughes, bu sizin köprünüz olsaydı, adamlarınızı ne şekilde kullanırdınız?",Şimdiki gibi değil.,opus_opensubtitles_tr
"Bu yöntem, gördüğünüz gibi, bir kargaşa.",Koordinasyonsuz bir çalışma.,opus_opensubtitles_tr
Takım çalışması yok.,Bazı gruplar birbirleri aleyhinde çalışıyorlar.,opus_opensubtitles_tr
Evet.,"Bakın baylar, elimizde bir sorunumuz var.",opus_opensubtitles_tr
"Japonlar sayesinde, bir güruha kumanda ediyoruz.","Ne talimat var, ne de disiplin.",opus_opensubtitles_tr
- Vazifemiz taburu baştan kurmaktır.,"- Evet, efendim.",opus_opensubtitles_tr
Ki bu hiç kolay olmayacak.,"Neyse ki, araçlarımız hazır.",opus_opensubtitles_tr
Köprü.,"- Köprü mü, efendim?",opus_opensubtitles_tr
- Köprü.,"Batılıların nasıl çalıştıklarını gösterip, onları utandıracağız.",opus_opensubtitles_tr
Bir İngiliz askerinin neler yapabileceğini göstereceğiz.,Evet.,opus_opensubtitles_tr
"Anlıyorum, efendim.",İhtiyaçlarınızın elinizin altında olmadığı bu yerde zorluklarla karşılaşacağınızı biliyorum.,opus_opensubtitles_tr
- İşte mücadeleniz.,"- Anlayamadım, efendim.",opus_opensubtitles_tr
Köprüyü gerçekten inşa etmelerini mi istiyorsunuz?,Genelde bu kadar yavaş anlamazdın.,opus_opensubtitles_tr
Adamlarımızı tanıyorum.,Onları meşgul edecek birşeyler gerek.,opus_opensubtitles_tr
"Hiç iş olmasaydı bile, yaratırdık.","- Yapardık, efendim.",opus_opensubtitles_tr
- Yani şanslıyız.,Fakat esaslı bir köprü olacak.,opus_opensubtitles_tr
Çünkü adamlarımı tanıyorum.,Yaptıkları işten gurur duymaları esastır.,opus_opensubtitles_tr
"- Değil mi, beyler?","- Evet, efendim.",opus_opensubtitles_tr
"Reeves, bir mühendis olarak yetkili kişi sensin.","Nelere ihtiyacın olduğunu söyle, temin edelim.",opus_opensubtitles_tr
Başarabilecek miyiz?,"- Elimizden geleni yapacağız, efendim.",opus_opensubtitles_tr
- Güzel.,Planları çizdikten sonra Saito ile toplantı ayarlayıp onu yola sokmalıyız.,opus_opensubtitles_tr
"Bu, tüm formaliteleri kapsıyor.","Oh, evet.",opus_opensubtitles_tr
"Sırada, korkarım hoşunuza gitmeyecek bir mevzu var.","Üzgünüm ama, köprünün konumu hem aceleyle hem de yanlış tayin edilmiş.",opus_opensubtitles_tr
Yanlış mı?,"Maalesef, öyle.",opus_opensubtitles_tr
Mühendisimiz bölgeyi inceledi ve oradaki nehir tabanının çok yumuşak olduğuna karar verdi.,Çok mu yumuşak?,opus_opensubtitles_tr
Çamur!,Tüm çalışmalar boşuna gitmiş.,opus_opensubtitles_tr
"- Reeves, devam edebilir misin?","- Evet, efendim.",opus_opensubtitles_tr
"- Reeves, devam edebilir misin?","- Evet, efendim.",opus_opensubtitles_tr
Temel kazıklar köprüyü taşıyabilmek için su seviyesinin altına çakılmalıydı.,Bu haliyle üzerinden geçecek ilk trenle yıkılacaktır.,opus_opensubtitles_tr
Basınç ve toprak direnci için 6.5 cm kare başına tonlar düşüyor.,"Reeves, detaylara geçmeden...",opus_opensubtitles_tr
"Albay, birer fincan çay alabilir miyiz?","Sanırım hepimiz, olası bir felaketten kaçınmak için, nehrin 400 m.",opus_opensubtitles_tr
"Daha aşağısında, Reeves'in seçtiği yerde yeni bir köprü yapımı için hemfikiriz.",Diğer konuya geçelim.,opus_opensubtitles_tr
Diğer konuya geçelim.,Adamlarımızın iş kotalarını değiştirmeye karar verdim.,opus_opensubtitles_tr
- Değiştirmek mi?,- Arttırdım.,opus_opensubtitles_tr
1.5 metreden 2 m.' ye çıkardım.,Eminim tasvip edersiniz.,opus_opensubtitles_tr
Tüm detaylar Hughes'de mevcut.,Devam eder misin?,opus_opensubtitles_tr
Tüm projeyi detaylı bir şekilde inceledim.,"Bakın, mevcut kuvvetler kötü bir şekilde dağıtılmışlar.",opus_opensubtitles_tr
"Çalışan ekiplerin düzenini gözden geçirip, düzeltmek istiyorum.",Bir dakika.,opus_opensubtitles_tr
"Albay, işimize yemek yerken devam edersek zaman kazanmış oluruz.",Burada yemek mümkün olabilir mi?,opus_opensubtitles_tr
Tabii ki.,- Devam edin.,opus_opensubtitles_tr
"- Peki, efendim.","Ekipleri çoğaltıp, vazifelerini uzmanlık alanlarına göre saptarsak eminim ki günlük randıman 30% civarında artış gösterecektir.",opus_opensubtitles_tr
"Şimdi, Albay Saito, bir mevzu daha var...","Şimdi, alınması gereken bir önemli karar daha var ki ertelenemez.",opus_opensubtitles_tr
İngilizler köprü üzerinde çalışacaklarına göre tren yolu işi için elimizde çok az kişi kalacak.,"Trenyolu ekibine takviye olarak, sizden adamlarınızın bazılarını ödünç istemek zorundayım ki, hattın son bölümü de çabuk tamamlansın.",opus_opensubtitles_tr
Ben talimatımı verdim.,Adamlarınız için günlük iş kotası tayin etmeliyiz.,opus_opensubtitles_tr
Aşırı yorulmamaları için 1.5 m.,Olarak düşünmüştüm ama bizimkilerle aynı oranda olması daha iyi olmaz mı?,opus_opensubtitles_tr
Böylece sağlıklı bir rekabet ortamı da doğmuş olur.,Ben talimatımı verdim.,opus_opensubtitles_tr
"Bunun üstesinden gelmeye çalışırız, değil mi Hughes?",Sanırım gündemimizdekiler bu gecelik bu kadar.,opus_opensubtitles_tr
"İlginize teşekkürler, Albay Saito.",Başka sorusu olan var mı?,opus_opensubtitles_tr
Bir soru:,Köprüyü zamanında bitirebilir misiniz?,opus_opensubtitles_tr
"Açıkça, bu konudaki fikir birliğimiz bunun mümkün olmadığı doğrultusunda.",Ama kesinlikle deneyeceğiz.,opus_opensubtitles_tr
Talihsiz bir anlaşmazlıktan ötürü bir ay kaybettiğimizi unutmayınız ki bunun sorumlusu ben değildim.,Başka birşey?,opus_opensubtitles_tr
Hayır.,Teşekkür ederim.,opus_opensubtitles_tr
Toplantı bitmiştir.,- İyi geceler.,opus_opensubtitles_tr
- İyi geceler.,Umarım Japonlar onlar için yaptıklarımızı takdir ederler.,opus_opensubtitles_tr
Şu an için takdirleri beni ilgilendirmiyor.,"- İyi geceler, Clipton.",opus_opensubtitles_tr
"- İyi geceler, efendim.","Bu arada, şunu söylemeliyim ki burada karaağaca benzer ağaçlar var.",opus_opensubtitles_tr
Ve de Londra Köprüsünün karaağaç kazıkları 600 yıldır dayanıyor.,"- 600 yıl mı, Reeves?",opus_opensubtitles_tr
"- Evet, efendim.",Altıyüz yıl.,opus_opensubtitles_tr
Bu herkese nasip olmaz.,LAVINIA TEPESİ HASTANESİ SEYLAN,opus_opensubtitles_tr
Kumandan Shears adında bir Amerikalıyı arıyorum.,"- Evet, aşağıdaki plajda.",opus_opensubtitles_tr
"- Oh, çok teşekkürler.",Öpücük!,opus_opensubtitles_tr
Etrafta çok göz var.,Etrafta çok göz var.,opus_opensubtitles_tr
"Pudra ve hap verip, banyo yaptırıp, iğne ve lavman yapıyorsun ama...",Benim tek isteğim aşk.,opus_opensubtitles_tr
Doğru.,Tek isteğin aşk.,opus_opensubtitles_tr
Rapor alabileceğinden nasıl bu kadar emin olabiliyorsun?,"Çünkü ben aslında bir sivilim, sevgilim.",opus_opensubtitles_tr
Ve hep kalbimin sesini dinlerim.,Öpücük.,opus_opensubtitles_tr
"Bu nasıldı, kumandan?",Bana kumandan deme.,opus_opensubtitles_tr
Hiç romantik değil.,Sen de bir subaysın.,opus_opensubtitles_tr
Sana Teğmen Sevgilim desem hoşuna gider miydi?,Demokratik olalım.,opus_opensubtitles_tr
"Bana sadece ""efendim"" de.","Peki, efendim.",opus_opensubtitles_tr
Bir yüksek rütbeli.,Seni istiyor.,opus_opensubtitles_tr
Senin olsun.,- Ben yüzeceğim.,opus_opensubtitles_tr
- Beni bırakma!,- Kumandan Shears?,opus_opensubtitles_tr
- Evet.,Benim adım Warden.,opus_opensubtitles_tr
- Nasılsınız?,- Davetsiz geldiğim için...,opus_opensubtitles_tr
"Önemli değil, binbaşı.",Alışkınım.,opus_opensubtitles_tr
Martini alır mısınız?,Çok naziksiniz.,opus_opensubtitles_tr
Almayacağım.,Ben içebilir miyim?,opus_opensubtitles_tr
Bunu nasıl alabildiniz?,"Hastane olan bir yerde, alkol de vardır.",opus_opensubtitles_tr
"Evet, elbette.",Çok hoş.,opus_opensubtitles_tr
"Şey, olabildiğince kısa konuşacağım.",Force 316 adında oldukça ilginç bir grubun üyesiyim.,opus_opensubtitles_tr
Karargahımız Botanik Bahçeleri'nde.,- Düşmanlardan mı koruyorsunuz?,opus_opensubtitles_tr
- Pek sayılmaz.,- İstemediğinize emin misiniz?,opus_opensubtitles_tr
"- Hayır, teşekkürler.",Üzerinde çalışmış olduğunuz tren yoluyla ilgileniyoruz.,opus_opensubtitles_tr
Bize çok değerli bilgiler verebilirsiniz.,"Şey, birkaç gün sonra Amerika'ya dönüyorum ve tüm bildiklerimi sizlere anlattım.",opus_opensubtitles_tr
Ama bize oldukça özel bir anlamda yardım edebilirsiniz.,"Çok zahmet olacak ama, gelip bizi görme imkanınız var mı acaba?",opus_opensubtitles_tr
"Aynı şeyleri dinlemek istiyorsanız, tabii.",Çok naziksiniz.,opus_opensubtitles_tr
Lord Louis size minnettar kalacak.,- Kim?,opus_opensubtitles_tr
- Tepenin efendisi.,Onun özel adamlarındanız.,opus_opensubtitles_tr
"Bu akşam diyelim mi, o halde?",8 gibi.,opus_opensubtitles_tr
Size araba yollarım.,Bu akşam mı?,opus_opensubtitles_tr
Mümkün değil.,O halde yarın sabah?,opus_opensubtitles_tr
10 gibi?,"- Tamam, 10.",opus_opensubtitles_tr
- Çok teşekkürler.,- Hoşçakalın.,opus_opensubtitles_tr
- Hoşçakalın.,İyi şanslar.,opus_opensubtitles_tr
Teşekkürler.,Çok üzgünsün ama bu akşamki randevumuza gelemeyeceksin.,opus_opensubtitles_tr
Çok yanılıyorsun.,Selam dur!,opus_opensubtitles_tr
Selam dur!,Silahlar öne!,opus_opensubtitles_tr
"- Geçiş izniniz, lütfen?","- Oh, evet.",opus_opensubtitles_tr
Binbaşı Warden'ın bungalovu yolun sonunda.,"Aferin, Jenkins.",opus_opensubtitles_tr
Aferin!,"Haydi, Thomson.",opus_opensubtitles_tr
"Bıçağını kullan, evlat.",Ayağa kalk!,opus_opensubtitles_tr
Sorgu odasına.,Ayağa kalk!,opus_opensubtitles_tr
Sorgu odasına.,"Haydi, kımıldayın!",opus_opensubtitles_tr
Seri davranın!,"Çok hantalsın, Joyce, çok hantal.",opus_opensubtitles_tr
"Bıçağını her zaman anında kullanmalısın, Joyce.","Bak, ona fırsat verdin.",opus_opensubtitles_tr
Dur bir dakika!,"Çok üzgünüm, efendim.",opus_opensubtitles_tr
- Üzgün müsünüz?,- Ben de öyle.,opus_opensubtitles_tr
- Düşman olduğunuzu sandım.,"- Amerikalıyım, bunu kastettiyseniz.",opus_opensubtitles_tr
"- Gidebilirsin, Joyce.","- Evet, efendim.",opus_opensubtitles_tr
"Üzgünüm, efendim.",- Size nasıl yardımcı olabilirim?,opus_opensubtitles_tr
- Binbaşı Warden'ı görecektim.,Size yolu göstereyim.,opus_opensubtitles_tr
Dersi bitmek üzere olmalı.,Size yolu göstereyim.,opus_opensubtitles_tr
Dersi bitmek üzere olmalı.,"- Dersinin sonu bu, efendim.",opus_opensubtitles_tr
- Gümbürtülü alkış.,"Eğitimi gerçek hayatla, olabildiğince bağdaştırmaktan yanadır.",opus_opensubtitles_tr
"- Binbaşı Warden, efendim?",- Evet?,opus_opensubtitles_tr
Geldiğinize sevindim.,- Sizinle ilgilenildi mi?,opus_opensubtitles_tr
- Oldukça.,"Teşekkürler, asker.",opus_opensubtitles_tr
Öyleyse gelin.,Albay Green sizinle tanışmaya can atıyor.,opus_opensubtitles_tr
"- Güzel bir yer, değil mi?",- Komando okulu olduğunu bilmiyordum.,opus_opensubtitles_tr
Bu kelimeyi kullanmamaya çalışırız.,Kulağa aşırı duygusal geliyor.,opus_opensubtitles_tr
Burada ne yapıyorsunuz?,"Sabotaj, yıkım, bu tür şeyler.",opus_opensubtitles_tr
"P.P. Kullanıyoruz, plastik patlayıcılar.",Harika birşey.,opus_opensubtitles_tr
Bu patlama sesi bunun yarısı büyüklüğünde bir parça ile yapıldı.,Gelignitten iki kat daha güçlü hem de yarısı ağırlığında.,opus_opensubtitles_tr
Patlatılmadığı sürece oldukça zararsızdır.,Söylediğiniz için teşekkürler.,opus_opensubtitles_tr
Tamamen suya dayanıklı ve aslında bir plastik.,Onunla istediğinizi yapabilirsiniz.,opus_opensubtitles_tr
İşte burası.,Girin.,opus_opensubtitles_tr
İşini bitir!,Kulübeye git.,opus_opensubtitles_tr
"Ah, tabii.","Yeni gelen mahkumlar mezar kazdığımızı görürlerse, kaçabilirler.",opus_opensubtitles_tr
Şakanın sırası değil.,İşini bitir!,opus_opensubtitles_tr
"Kaz, kaz.",Bizi hasta listesine koysanız diyorum.,opus_opensubtitles_tr
"İnsaflı olun, yüzbaşı.",Bizi hastaneye yatırın.,opus_opensubtitles_tr
Hasta değilsiniz.,Hiç olmadınız.,opus_opensubtitles_tr
"Neden hep hasta numarası yapıyorsun, Shears?",Başımın üzerine böyle birşey istemediğimden herhalde.,opus_opensubtitles_tr
Yüzbaşı Kanematsu sigaraya ne dersiniz?,Bu sabah verdim ya.,opus_opensubtitles_tr
İkinize de.,İyi ya işte.,opus_opensubtitles_tr
Bu iyiliğinizin karşılığını vermek istiyorum.,"İçten gelerek verilen bir hediyeyi asla unutmam, sizin verdiğiniz sigara gibi.",opus_opensubtitles_tr
O yüzden bu çakmağı almanızı istiyorum.,Çaldığımı mı sanıyorsunuz?,opus_opensubtitles_tr
Az önce gömdüğümüz İngiliz çocuğun çakmağıydı.,Ona yaptığım bir iyiliğe karşı bana bunu vermişti.,opus_opensubtitles_tr
"Ölmeden önce, ben de aynı şeyi size yapmak istiyorum.","Tuhaf adamsın, Shears.",opus_opensubtitles_tr
Hasta listesine kondun.,O da.,opus_opensubtitles_tr
Bir gün Albay Saito ona rüşvet verdiğini anlarsa ne olacak?,"Bundan önce biz çoktan uzaklarda olacağız, dostum.",opus_opensubtitles_tr
Çok uzaklarda.,"Peki, haydi bitirelim.",opus_opensubtitles_tr
Burada yatan...,Az önce kimi gömdüğümüzü unuttum.,opus_opensubtitles_tr
Thomson.,"Ah, evet.",opus_opensubtitles_tr
Burada yatan Onbaşı Herbert Thomson seri numarası sıfır-bir- iki-üç-dört-beş-altı-yedi.,"1943'de beriberiden ölmüş, Kings Own veya Queens Own ya da her neyse onun cesur üyesi ve şerefiyle ölen...",opus_opensubtitles_tr
- Ne uğruna ölmüştü?,- Haydi yapma.,opus_opensubtitles_tr
Ölenle alay edilmez.,Ölenle alay falan etmiyorum.,opus_opensubtitles_tr
Huzur içinde yatsın.,Bu huzuru hayattayken pek bulamadı.,opus_opensubtitles_tr
"""A"" Bölüğü, yerinde say!",Dur.,opus_opensubtitles_tr
"Sıraya geç, sola dön.",Rahat.,opus_opensubtitles_tr
"Bayağı yoğun mezarcılar olacağız, Weaver.","Aferin, aferin.",opus_opensubtitles_tr
Bu albay neyin içinde olduğunu bilmiyor.,Ona gerçeği anlatacak mısın?,opus_opensubtitles_tr
Tabii ki hayır.,"Sen ne bir subaysın, ne de bir centilmen.",opus_opensubtitles_tr
Adım Nicholson.,Ben Albay Saito.,opus_opensubtitles_tr
Majesteleri adına size hoşgeldiniz diyorum.,"Bu kampın, yani yakında Bangkok'u Rangoon'a bağlayacak olan büyük tren yolundaki 16. kampın kumandanıyım.",opus_opensubtitles_tr
"Siz İngiliz mahkumlar, Kwai Nehri üzerine bir köprü inşa etmek üzere seçildiniz.",Keyifli ve beceri isteyen bir iş olacak.,opus_opensubtitles_tr
Subaylar da siviller gibi çalışacaklar.,Japon Ordusu tembel olanları beslemez.,opus_opensubtitles_tr
"Çok çalışırsanız, karşılığını alırsınız.",Ama eğer çok çalışmazsanız cezalandırılacaksınız.,opus_opensubtitles_tr
Kaçmakla ilgili şunları söyleyeyim:,Burada dikenli tel yok.,opus_opensubtitles_tr
Kazıklı çit yok.,Gözcü kulesi yok.,opus_opensubtitles_tr
Tüm bunlar gerekli değil.,Burası ormanın ortasında bir ada.,opus_opensubtitles_tr
Buradan kaçmak imkansızdır.,Ölürsünüz.,opus_opensubtitles_tr
"Bugün dinlenecek, yarın işe başlayacaksınız.",Size General Yamashita'nın bir sözünü hatırlatayım:,opus_opensubtitles_tr
"""İşinizi seve seve yapın.""",İşinizi seve seve yapın.,opus_opensubtitles_tr
Gidebilirsiniz.,"Tabur, rahat.",opus_opensubtitles_tr
"Binbaşı Hughes, sıradan çık.","Tabur, rahat.",opus_opensubtitles_tr
"Hughes, adamları koğuşlara yerleştir.",Hasta olanlarla ilgilen.,opus_opensubtitles_tr
Bu adamla biraz konuşacağım.,"Sözlerinizi duydum, efendim.",opus_opensubtitles_tr
"Adamlarım, işlerini İngiliz askerlerine yakışır şekilde yapacaklardır.",Davranışlarından subaylarım ve ben sorumlu olacağız.,opus_opensubtitles_tr
"Cenevre Anlaşması gereği, subayların, işçi olarak çalıştırılmasının kesinlikle yasak olduğu gözünüzden kaçmış olabilir.",Öyle mi?,opus_opensubtitles_tr
Anlaşmanın bir kopyası bende var göz atmanız için size verebilirim.,Buna gerek olmayacak.,opus_opensubtitles_tr
"Oturun, lütfen.","Evet, efendim.",opus_opensubtitles_tr
Clipton ile biraz konuşacağım.,"Clipton, mani olmayayım.",opus_opensubtitles_tr
- Kolun nasıl?,- İyileşti sayılır.,opus_opensubtitles_tr
"Efendim, bu Amerikan Donanmasından Binbaşı Shears.","Nasılsınız, efendim?",opus_opensubtitles_tr
Onu ve bir Avustralyalı bulduk.,Kampı kuran mahkumlardan geriye sadece ikisi kalmış.,opus_opensubtitles_tr
"Amerikan Donanması, ha?",Burada mı?,opus_opensubtitles_tr
Kara ile kuşatılmış sayılırım.,- Geminizi mi kaybettiniz?,opus_opensubtitles_tr
- Houston'ı.,Karaya çıkmayı başardım fakat diğer kurtulanlardan ayrı düştüm.,opus_opensubtitles_tr
Buradaki grubunuzdan da mı?,Çoğunlukla Avustralyalılar.,opus_opensubtitles_tr
Birkaç...,Birkaç İngiliz.,opus_opensubtitles_tr
"Hintli, Birmanyalı, Siyamlı.",Onlara ne oldu peki?,opus_opensubtitles_tr
"Öldüler sıtma, dizanteri, beriberi ve kangrenden.",Diğer ölüm sebepleri:,opus_opensubtitles_tr
"Açlık, aşırı çalışma, kurşun yaraları, yılan ısırıkları Saito.",Bir de yaşamaktan yorulanlar vardı.,opus_opensubtitles_tr
Clipton size baktı mı?,Üzereyim.,opus_opensubtitles_tr
"Buraya gelin, sonra tıraş olursunuz.",Pekala.,opus_opensubtitles_tr
Subaylarla kalacaksınız.,Size uygun bir kıyafet bulacağız.,opus_opensubtitles_tr
Benim için endişelenmeyin.,Hasta listesinden çıkmaya pek can atmıyorum.,opus_opensubtitles_tr
"Ayrıca, bu da iş kıyafeti.",Buralarda çok moda.,opus_opensubtitles_tr
Grubunuzdaki subaylar ağır işçilik yaptılar mı?,Öyle de diyebilirsiniz sanırım.,opus_opensubtitles_tr
"Bu konuyu Albay, adı neyse, ona söyledim.",Saito.,opus_opensubtitles_tr
- Sanırım durumu anladı.,- Öyle mi dersiniz?,opus_opensubtitles_tr
Evet.,Oldukça makul birine benzediğini söylemeliyim.,opus_opensubtitles_tr
"Şey, işime devam etmeliyim.",Saat 19:00'da subaylar toplantısı var.,opus_opensubtitles_tr
- Taleplerinizin listesini çıkarın.,"- Peki, efendim.",opus_opensubtitles_tr
Ne yapabilirsek.,"Teşekkür ederim, efendim.",opus_opensubtitles_tr
- Ne oldu?,- Boşver.,opus_opensubtitles_tr
"Haydi, söyle.","Saito için söyleyecek pek çok şey bulabilirim ama ""makul"", yeni bir kelime.",opus_opensubtitles_tr
Belki Albay Nicholson bu kelimeyi farklı tanımlıyordur.,Başka görüşü olan?,opus_opensubtitles_tr
"- İzin verirseniz, efendim?",- Jennings?,opus_opensubtitles_tr
Kaçış komitesi hakkında.,Binbaşı Shears ile konuştum...,opus_opensubtitles_tr
Kaçış komitesi diye birşey olmayacak.,"Anlayamıyorum, efendim.",opus_opensubtitles_tr
Yüzbaşı Jennings'in bir planı var.,"Evet, evet, eminim Jennings'in bir planı vardır, ama kaçmak mı?",opus_opensubtitles_tr
Nereye?,Bu ormanın içine mi?,opus_opensubtitles_tr
"Şu adam, Saito, o haklı.",Burada dikenli tellere gerek yok.,opus_opensubtitles_tr
Kurtulma şansı 100'de bir.,Eminim Binbaşı Shears'in adamlarının tecrübeleri beni destekleyecektir.,opus_opensubtitles_tr
Bence başarılı bir kaçış ihtimali 100'de bir.,- Ama birşey daha ekleyebilir miyim?,opus_opensubtitles_tr
- Lütfen.,Bu kampta hayatta kalma ihtimali bundan da düşük.,opus_opensubtitles_tr
Mezarlığı gördünüz.,Güçlü ihtimal o.,opus_opensubtitles_tr
"Kaçış ümidinizi yitirip bunu düşünmekten vazgeçerseniz, ölüm fermanınızı hazırlamış olursunuz.","Siz neden kaçmayı hiç denemediniz, binbaşı?",opus_opensubtitles_tr
Zamanını bekliyorum.,Doğru zamanı ve doğru ekibi.,opus_opensubtitles_tr
Ne hissettiğinizi anlıyorum.,"Tabii ki, esir düşen bir askerin görevi, kaçma teşebbüsüdür.",opus_opensubtitles_tr
Fakat adamlarım ve ben garip bir yasal olaya karışmış durumdayız ki bunu siz bilmiyorsunuz.,Başkomutanlık bize Singapur'da teslim olmamızı emretti.,opus_opensubtitles_tr
Emretti.,"O yüzden, bizim durumumuzda kaçmak, ordu kanunlarına karşı gelmek olur.",opus_opensubtitles_tr
"İlginç bir konu, efendim.","Özür dilerim, efendim, Sizi tam anlayamadım.",opus_opensubtitles_tr
"Bu yasal talimatı, ne pahasına olursa olsun, uygulamayı mı düşünüyorsunuz?","Yasalar olmazsa, binbaşı, medeniyet de olmaz.",opus_opensubtitles_tr
Söylemek istediğim bu.,Burada medeniyet yok.,opus_opensubtitles_tr
O halde öğretme fırsatımız var.,Kaçma konusunu kapatalım.,opus_opensubtitles_tr
Başka birşey var mı?,Sanırım program gayet açık.,opus_opensubtitles_tr
Yarın sabahtan itibaren herşeyin sorunsuz gitmesini istiyorum.,Ve şunu unutmayın:,opus_opensubtitles_tr
Adamlarımız halen bizim emrimizde olduklarını hissetmeliler Japonların değil.,"Buna inandıkları sürece, asker olarak kalırlar, esir değil.",opus_opensubtitles_tr
"Bunda mutabık mıyız, binbaşı?","Umarım asker olarak kalabilirler, albay.",opus_opensubtitles_tr
"Bana gelince, ben bir esirim.",Yaşayan bir esir.,opus_opensubtitles_tr
Garip bir kuş.,Bir Amerikalı için bile...,opus_opensubtitles_tr
"Çok uzun süre ayrı kalmış, zavallı çocuk.",Bölüğünden alınmış.,opus_opensubtitles_tr
Bu hepimize ders olmalı.,İngiliz mahkumlar!,opus_opensubtitles_tr
Dikkat ettiyseniz İngiliz askerler demiyorum.,"Teslim olduğunuz andan itibaren, askerliğiniz bitmiştir.",opus_opensubtitles_tr
Mayıs ayının on ikinci gününe kadar köprüyü bitirmiş olacaksınız.,Japon bir mühendisin talimatları doğrultusunda çalışacaksınız.,opus_opensubtitles_tr
Zamanımız kısıtlı.,Herkes çalışacak.,opus_opensubtitles_tr
Subaylarınız da sizlerin yanında çalışacaklar.,Çünkü teslim olarak sizlere ihanet etmişlerdir.,opus_opensubtitles_tr
Utancınız onların şerefsizliğidir.,Sizlere kahramanca ölmektense hamallar gibi yaşamak daha iyidir diyen onlar.,opus_opensubtitles_tr
"Sizleri buraya getiren de onlar, ben değilim.","Bu yüzden, kendileri yararlı işlerde kullanılmak üzere sizlere katılacaklar.",opus_opensubtitles_tr
Hepsi bu kadar.,"Subay mahkumlar, aletlerinizi alın.",opus_opensubtitles_tr
"Bradley, yerine dön.","Binbaşı Saito, size Cenevre Anlaşmasının 27.",opus_opensubtitles_tr
Maddesini hatırlatmak isterim.,"""Savaşan taraflar, sağlıklı savaş mahkumlarını çalıştırabilirler, subaylar hariç""...",opus_opensubtitles_tr
O kitabı bana verin.,Elbette.,opus_opensubtitles_tr
"İngilizce okuyabiliyorsunuz, değil mi?",- Siz Japonca okuyabiliyor musunuz?,opus_opensubtitles_tr
"- Üzgünüm, hayır.","Sorun tercüme ise, eminim bunu ayarlayabiliriz.",opus_opensubtitles_tr
"Bakın, kanun der ki...",Yerlerinizde kalın.,opus_opensubtitles_tr
Bana kanundan mı bahsediyorsunuz?,"Hangi ""kanun""?",opus_opensubtitles_tr
Korkakların kanunu!,Asker kanunları hakkında ne bilirsiniz?,opus_opensubtitles_tr
Bushido hakkında?,Hiçbir şey!,opus_opensubtitles_tr
Komutanlığa layık değilsiniz!,Medeni dünyanın kanunlarına riayet etmeyi reddederseniz size itaat edemeyiz.,opus_opensubtitles_tr
Subaylarım ağır iş yapmayacaklar.,Göreceğiz.,opus_opensubtitles_tr
Tüm er mahkumlar iş başına.,Başçavuş!,opus_opensubtitles_tr
Adamları işe başlatın.,"Tabur, aletlerinizi alın.",opus_opensubtitles_tr
Tek sıra halinde sola dön.,Sola dön!,opus_opensubtitles_tr
"""A"" Bölüğü, sağa.","Marş, marş.",opus_opensubtitles_tr
Gözler sağa.,Gözler sağa.,opus_opensubtitles_tr
Gözler öne.,"Marş, marş, gözler sağa.",opus_opensubtitles_tr
"""C"" Bölüğü, sağa.",Ne yapıyor?,opus_opensubtitles_tr
Galiba şahit bırakmak istemiyor.,"Şimdi, mantıklı olacaksınız.",opus_opensubtitles_tr
Subaylarınıza çalışmalarını emredeceksiniz.,Hayır.,opus_opensubtitles_tr
Üçe kadar sayacağım.,Eğer üç dediğimde siz ve subaylarınız işin yolunu tutmamışsanız ateş emri vereceğim.,opus_opensubtitles_tr
Yapacak.,"İnan bana, gerçekten yapacak.",opus_opensubtitles_tr
Bir.,"Sizi uyarıyorum, Albay...",opus_opensubtitles_tr
İki.,Durun!,opus_opensubtitles_tr
"Albay Saito, herşeyi gördüm ve duydum.",Hastanedeki diğerleri de.,opus_opensubtitles_tr
Çok fazla şahit var.,"Toplu kaçış oldu diyemezsiniz, çünkü bir çoğu yürüyemiyor bile.",opus_opensubtitles_tr
Bu mu sizin askeri kanununuz?,Silahsız adamları öldürmek mi?,opus_opensubtitles_tr
"Gördün mü, Jennings?",Hasta listesinde olmanın bazı avantajları da varmış.,opus_opensubtitles_tr
İhtiyar için şunu söyleyebilirim:,Çok yürekli biri.,opus_opensubtitles_tr
"""Ölüm vadisine giden yol.""","Nasıl yani, efendim?",opus_opensubtitles_tr
Öyle bir yüreklilik.,1914'te sadece bellerindeki süs kamçılarıyla savaşan subayların yürekliliği.,opus_opensubtitles_tr
- Anlıyorum.,- Kesinlikle anlamıyorsun.,opus_opensubtitles_tr
Hepimizin ölümüne sebep olacak bir yüreklilik.,"Özür dilerim, efendim.",opus_opensubtitles_tr
Ben de katılmak istiyorum.,"Kolum neredeyse iyileşti, efendim, gerçekten.",opus_opensubtitles_tr
Ya o?,"Kaçmamamızı emretmedi, önerdi.",opus_opensubtitles_tr
"Dinle, albayınız gibi biri birşey önerdiğinde, bu bir emir sayılır.",Yine başlıyoruz.,opus_opensubtitles_tr
Albay Saito tüm subayların ceza kulübesine gitmesini istiyor.,"Söyleyin, gitsinler.",opus_opensubtitles_tr
Sen değil.,Gel.,opus_opensubtitles_tr
Onu serbest bırakın!,Onu serbest bırakın!,opus_opensubtitles_tr
Onu fırına koyacaklar.,Çünkü o çok iyi bir adamdır Çünkü o çok iyi bir adamdır,opus_opensubtitles_tr
Çünkü o çok iyi bir adamdır,Hepimiz böyle düşünüyoruz,opus_opensubtitles_tr
Hepimiz böyle düşünüyoruz Hepimiz böyle düşünüyoruz,Çünkü o çok iyi bir adamdır Çünkü o çok iyi bir adamdır,opus_opensubtitles_tr
Çünkü o çok iyi bir adamdır,Hepimiz böyle düşünüyoruz,opus_opensubtitles_tr
Dikkat!,Düşüyor!,opus_opensubtitles_tr
"Bir, iki, üç, dört.","Bir, iki, üç, dört.",opus_opensubtitles_tr
"Hayır, hayır, hayır!",Bırakın!,opus_opensubtitles_tr
Bırakın!,Beni mi görmek istediniz?,opus_opensubtitles_tr
Üç gündür buna uğraşıyorum.,Albay hakkında.,opus_opensubtitles_tr
O kilitli kulübede...,Sizi vurdurabilirdim.,opus_opensubtitles_tr
"Kaçmaya teşebbüs eden mahkumlar, sizin sorumluluğunuzdaydılar.",Kaçma hakkında hiçbir şey bilmiyordum.,opus_opensubtitles_tr
Bu birşeyi değiştirmez.,Deneyenlere saygı duymak gerekir.,opus_opensubtitles_tr
"Kısa bir süre için, kaçma ve ölüm arasında tekrar asker oldular.",Ama kaçmaya çalışmak delilik.,opus_opensubtitles_tr
"İki asker vuruldu, üçüncüsü de boğuldu.",Ne uğruna?,opus_opensubtitles_tr
"Bu, gerçeklerden kaçıştı.",İşte gerçeğiniz.,opus_opensubtitles_tr
"Bu, öğlene kadar bitirilmesi gereken işi gösteriyor.","Bu da, ne kadar ilerleme kaydedildiğini.",opus_opensubtitles_tr
"Albayınızın inatçılığı yüzünden, programın çok gerisinde kaldık.",Hepsi bu kadar değil.,opus_opensubtitles_tr
Kayıtlı mahkumlar işi sabote ettiler.,"Evet, gördüm.",opus_opensubtitles_tr
Hepsini vurdurabilirdim.,O zaman köprünüzü kim inşa ederdi?,opus_opensubtitles_tr
Sabotaj olduğundan emin misiniz ki?,Adamlar kendi subayları olmadan verimli çalışamıyorlardır.,opus_opensubtitles_tr
Onları benim subaylarım yönetecek.,Sizin subaylarınız onlarla çalışacak.,opus_opensubtitles_tr
Buna Nicholson karar verir.,"Dediği gibi bu, kurallara aykırı.",opus_opensubtitles_tr
Bana kurallardan bahsetmeyin.,Bu bir savaş!,opus_opensubtitles_tr
Bir kriket oyunu değil.,Albayınız çılgın oldukça çılgın.,opus_opensubtitles_tr
"Oturun, lütfen.",Albayı bir kerelik görmenize izin vermeye karar verdim.,opus_opensubtitles_tr
Teşekkür ederim.,Ona şunu söyleyin; eğer subayları çalışmazlarsa hastaneyi kapatmak zorunda kalacağım ve hastalarınız onların yerine çalıştırılacaklar.,opus_opensubtitles_tr
Bir çoğu ölecek.,Bunun da sorumlusu kendisi olacak.,opus_opensubtitles_tr
Gidin ve konuşun onunla.,Beş dakika süreniz var.,opus_opensubtitles_tr
"Doktor, ihtiyarı görmeye gidiyor.",Efendim...,opus_opensubtitles_tr
"Benim, Clipton, efendim.",Size bazı şeyler getirdim.,opus_opensubtitles_tr
- Adamlarım nasıl?,"- İyiler, efendim, iyiler.",opus_opensubtitles_tr
Zor bela toparladığımız azıcık et ve hindistan cevizi getirdim.,Ya subaylar?,opus_opensubtitles_tr
Pek iyi değiller.,Hala cezalılar.,opus_opensubtitles_tr
Çavuş Jennings ise...,Jennings öldü.,opus_opensubtitles_tr
- Ne?,"- Öldürüldü, kaçmaya çalışırken.",opus_opensubtitles_tr
"İki kişi daha, Onbaşı Weaver ve Amerikalı.",Jennings.,opus_opensubtitles_tr
"Zavallı, yiğit delikanlı.","Onu uyarmıştım, değil mi Clipton?",opus_opensubtitles_tr
"Bakın, efendim, fazla vaktimiz yok.",Konuşurken sizi biraz temizleyeceğim.,opus_opensubtitles_tr
Size söyleyeceklerim var.,Az önce Saito ile konuştum.,opus_opensubtitles_tr
O adam karşılaştığım en kötü kumandan.,"Daha doğrusu, o bir çılgın.",opus_opensubtitles_tr
Devam et.,Şantaj!,opus_opensubtitles_tr
"Biliyorum, efendim, ama o çok ciddi.",Bundan eminim.,opus_opensubtitles_tr
"Bu bir cüret meselesi, bu kadar basit.",Ve vazgeçemiyor.,opus_opensubtitles_tr
Bu yine de bir şantaj.,"Efendim, bundan daha fazlasına dayanamazsınız.",opus_opensubtitles_tr
Subaylarınızın o delikte boğulmaktansa çalışmaları daha iyi olmaz mı?,Adamlar iyi iş yapıyorlar.,opus_opensubtitles_tr
Cesaret edebildikleri kadar yavaş gidiyorlar.,Ama Saito yemeklerinden kesti ve eğer hastaları çalıştırırsa...,opus_opensubtitles_tr
"Şey, ölürler.",Doğrusu bu.,opus_opensubtitles_tr
"Evet, Clipton, anlıyorum.",Gerçekten.,opus_opensubtitles_tr
Ama görmüyor musun?,Bu bir prensip meselesi.,opus_opensubtitles_tr
"Eğer şimdi pes edersek, bunun sonu gelmez.",Hayır.,opus_opensubtitles_tr
"Efendim, koca bir ormanın içindeyiz, her yerden binlerce kilometre uzakta.",Kararından asla vazgeçmeyecek bir adamın hükmü altındayız.,opus_opensubtitles_tr
Prensip!,Bize neler olduğunu ne bilecekler ne de umursayacaklar.,opus_opensubtitles_tr
"Pes edin, efendim.",Lütfen!,opus_opensubtitles_tr
Kararım kesindir.,Taburumdan hiçbir subayın hamal gibi çalışmasına izin vermeyeceğim.,opus_opensubtitles_tr
- Vakit doldu.,- Pekala.,opus_opensubtitles_tr
Beni düşünenlere teşekkür et lütfen.,Hastanedeki herkesin birer parça katkısı oldu.,opus_opensubtitles_tr
Reynolds hindistancevizini çaldı.,Size arasıra yiyecek getirebileceğiz.,opus_opensubtitles_tr
Gardiyanlardan birine rüşvet verdik.,"Hoşçakalın, efendim.",opus_opensubtitles_tr
Ve iyi şanslar.,Çok teşekkürler.,opus_opensubtitles_tr
O Amerikalı öldürüldü mü demiştin?,"Evet, efendim.",opus_opensubtitles_tr
Vuruldu ve boğuldu.,Kaçmayı planlamak delilik.,opus_opensubtitles_tr
"Üç adam öldü, peki ne uğruna?",Vakit!,opus_opensubtitles_tr
İşte bundan galip çıkmalıyız.,"Doktor bize bakıp, kafasını salladı.",opus_opensubtitles_tr
Bu ne anlama geliyorsa.,"Sadece bir anlama geliyor, albay pes etmeyecek.",opus_opensubtitles_tr
Eeee?,Şöyle.,opus_opensubtitles_tr
Albay Nicholson pes etmeyecek.,Prensip meselesi.,opus_opensubtitles_tr
"Bir tıp adamı ve subay olarak, gördüğü muameleyi kınıyorum.",Hala hayatta olması bir mucize.,opus_opensubtitles_tr
"Acı bir olay olursa, bu cinayet anlamına gelir.",Sorumlusu kendisidir.,opus_opensubtitles_tr
Ben değilim.,Hasta mısınız?,opus_opensubtitles_tr
İkisi de mi çılgın?,Yoksa ben mi çıldırıyorum?,opus_opensubtitles_tr
Yoksa güneşin etkisi mi?,Dikkat!,opus_opensubtitles_tr
"Tabur, dikkat.",İngiliz mahkumlar.,opus_opensubtitles_tr
Şunu soruyorum sizlere köprü yapımında neden ilerleme yok?,"Nedenini biliyorsunuz, subaylarınız tembel de ondan!",opus_opensubtitles_tr
Kendilerini yükünüzü paylaşmaya layık görmüyorlar.,Bu adil değil.,opus_opensubtitles_tr
"Bu yüzden, işinizi severek yapmıyorsunuz.","Bu yüzden, köprü işinde ilerleme kaydedilmiyor.",opus_opensubtitles_tr
Ama başka bir nedeni daha var.,Gerçeği saklamıyorum.,opus_opensubtitles_tr
"Utanarak ve üzülerek kabul etmeliyim ki bu, Japon ekibinden birinin başarısızlığıdır.",Teğmen Miura'yı kastediyorum.,opus_opensubtitles_tr
Kendisi kötü bir mühendistir.,Emir vermekten aciz biridir.,opus_opensubtitles_tr
"Bu yüzden, onu görevinden aldım.",Yarın tekrar başlayacağız.,opus_opensubtitles_tr
Çalışmayı bizzat yöneteceğim.,Bugün dinleniyoruz.,opus_opensubtitles_tr
Hiç durmadan çalışan bir kişi sersemler ve sıkıcı biri olur!,"Göstereceğiniz çabadan ötürü, saygı simgesi olarak hepinize hediyeler vereceğim.",opus_opensubtitles_tr
İşimizi seve seve yapalım.,"Bölük, dağılabilirsiniz.",opus_opensubtitles_tr
"Tabur, dağılabilirsiniz.","Hey, şuna bir bakın.",opus_opensubtitles_tr
Kızılay!,Bize kendi...,opus_opensubtitles_tr
"Hey, bize kendi Kızılay çantalarımızı vermiş.","""Yarın tekrar başlıyoruz.""",opus_opensubtitles_tr
"Hey, Harry, bak!",İhtiyarı dışarı çıkarıyorlar.,opus_opensubtitles_tr
Herhalde yine dövecekler.,"İyi akşamlar, albay.",opus_opensubtitles_tr
Oturmaz mısınız?,Geç bir akşam yemeği yiyorum.,opus_opensubtitles_tr
İngiliz bifteği.,"Hayır, teşekkür ederim.",opus_opensubtitles_tr
İskoç malı.,Sake'ye tercih ederim.,opus_opensubtitles_tr
"Londra'da üç yıl kaldım, biliyor musunuz?",Londra Sanat Üniversitesi'nde okudum.,opus_opensubtitles_tr
Şerefe!,Özür dilerim.,opus_opensubtitles_tr
"Daha sonra belki, ha?",Belki.,opus_opensubtitles_tr
İyi bir sanatçı değildim.,Babam istemiyordu.,opus_opensubtitles_tr
Ona göre ben orduya aitmişim.,O yüzden sanattan mühendisliğe geçtim.,opus_opensubtitles_tr
"Şunu söylemeliyim, Albay Saito:",Faaliyetlerinizle ilgili tam bir rapor verme düşüncesindeyim.,opus_opensubtitles_tr
Mevkiimi tam olarak anladığınızı sanmıyorum.,- Emirleri uygulamak zorundayım.,opus_opensubtitles_tr
"- Oh, tabii, tabii.","İşim, köprüyü 12 Mayıs'a kadar bitirmek.",opus_opensubtitles_tr
- Sadece 12 haftam kaldı.,- Hiç şüphesiz.,opus_opensubtitles_tr
"Bu yüzden, elimizdeki tüm personeli kullanmak zorundayım.","Subaylar olmaz, yönetim işleri dışında.",opus_opensubtitles_tr
Fakat koca tren yolu boyunca çalışan subaylar var.,"Bunu siz de biliyorsunuz, ben de.",opus_opensubtitles_tr
Diğer subaylardan ben sorumlu değilim.,"Şahsen, şaşırdım.",opus_opensubtitles_tr
Öfkelenmeyelim.,Puro ister misiniz?,opus_opensubtitles_tr
Hayır.,Teşekkür ederim.,opus_opensubtitles_tr
"Tüm subaylar çalışmak zorunda derken elbette, sizi, bir kumandanı kastetmedim.",Talimatlarım sadece diğer subaylar için...,opus_opensubtitles_tr
Hiçbir subay ağır işte çalışmayacak.,Lütfen!,opus_opensubtitles_tr
Şunu söyleyecektim:,Meseleyi baştan düşündüm ve şuna karar verdim.,opus_opensubtitles_tr
Binbaşı ve üstsubayları yönetimde çalıştırıp sadece astsubayları ağır işlerde çalıştıracağım.,Hayır.,opus_opensubtitles_tr
Anlaşma bunu açıkça belirtiyor.,Köprü zamanında bitmezse bana ne olacağını biliyor musunuz?,opus_opensubtitles_tr
Hiçbir fikrim yok.,Kendimi öldürmek zorunda kalacağım.,opus_opensubtitles_tr
Benim yerimde olsanız ne yapardınız?,"Sanırım, yerinizde olsam kendimi öldürmek zorunda kalırdım.",opus_opensubtitles_tr
Şerefe.,"Sizi uyarıyorum, albay ben öleceksem, başkaları benden daha önce ölecek.",opus_opensubtitles_tr
Anlıyor musunuz?,Clipton bundan bahsetti.,opus_opensubtitles_tr
"Bu, sorununuzu çözmez.",Eminim uygun bir çözüme varabiliriz.,opus_opensubtitles_tr
"Lütfen, oturun.",Şimdi.,opus_opensubtitles_tr
"Söyleyin, albay sizce de bir subayın başlıca görevi, emir vermek değil midir?",- Elbette.,opus_opensubtitles_tr
- Güzel.,Şimdi.,opus_opensubtitles_tr
Şu köprünüzü ele alın.,Muazzam bir girişim.,opus_opensubtitles_tr
"Açıkça söylemek gerekirse, şu sizin teğmenin, adı neydi...",Miura.,opus_opensubtitles_tr
...böylesine önemli bir görevin üstesinden gelebileceğine şüpheliyim.,"Diğer taraftan, bizde öyle subaylar var ki, örneğin Reeves ve Hughes bunlar Hindistan'da birçok köprü inşa etmişlerdir.",opus_opensubtitles_tr
Askerler onları sayarlar.,Bir subay için bu tür bir saygı esastır.,opus_opensubtitles_tr
"Bunu yitirirse, komutanlığı sona erer.",Sonra ne olur?,opus_opensubtitles_tr
Moral bozukluğu ve kaos.,Buna izin verirsem zavallı bir kumandam olurum.,opus_opensubtitles_tr
Köprünün artık benim kumandam altında olduğunu belki de bilmiyorsunuzdur.,Öyle mi?,opus_opensubtitles_tr
"Peki, işten memnun olup olmadığınızı sorabilir miyim?",- Memnun değilim!,opus_opensubtitles_tr
- Üzerine bastınız.,İngilizlerden nefret ediyorum!,opus_opensubtitles_tr
Yenildiniz fakat utanç duymuyorsunuz.,İnatçısınız fakat gururlu değilsiniz.,opus_opensubtitles_tr
Dayanma gücünüz var ama cesaretiniz yok.,İngilizlerden nefret ediyorum!,opus_opensubtitles_tr
Bunu sürdürmenin bir anlamı yok.,Durun!,opus_opensubtitles_tr
Yerinizde kalın.,Yerinizde kalın!,opus_opensubtitles_tr
"Tabur, dikkat!","Tabur, rahat.",opus_opensubtitles_tr
Lütfen...,"Bugünün tarihi nedir, albay, biliyor musunuz?",opus_opensubtitles_tr
Takip edemedim.,1905'deki muhteşem Rusya zaferimizin yıldönümü.,opus_opensubtitles_tr
Tüm Doğu Asya'da bu tarihi kutluyoruz.,Bu olayın şerefine birliklerinize bir gün dinlenme izni veriyorum.,opus_opensubtitles_tr
Çok teşekkürler.,Bir genel af ilan ediyorum.,opus_opensubtitles_tr
Siz ve subaylarınız kışlalarınıza dönebilirsiniz.,Bu affın bir parçası olarak da subayların ağır işçilik yapmalarına gerek kalmamıştır.,opus_opensubtitles_tr
Başardı!,"Birisi madalyayı hak ediyor, efendim.",opus_opensubtitles_tr
Ekibinizde kaç adamınız var?,"Tam olarak bilmiyorum, efendim.",opus_opensubtitles_tr
- Bilmiyor musun?,"- On iki, genelde.",opus_opensubtitles_tr
"Adamlardan biri bu sabah hastalandı, efendim.",Hastaneye götürmek için üç-dört kişi gerekti.,opus_opensubtitles_tr
Ve...,"Çok ağır hastalandı, efendim.",opus_opensubtitles_tr
Bir onbaşı emrinde kaç kişinin çalıştığını bilmelidir.,"Evet, efendim.",opus_opensubtitles_tr
Sinirsel bir hastalığınız mı var?,Yüzünüzü böyle yapmayı kesin.,opus_opensubtitles_tr
"Size komik gelebilir ama, bu, orduya uygun bir hareket değil.","Hayır, efendim.",opus_opensubtitles_tr
Bu gösterilere bir son verdirmeliyiz.,- Subay Reeves?,opus_opensubtitles_tr
"- Evet, efendim?",Kwai gibi akıntılı bir nehir üzerine hiç köprü inşa ettiniz mi?,opus_opensubtitles_tr
"Evet, efendim, Madras'da yarım düzine kadar, Bengal'de...",Bu köprü sizin olsaydı altından nasıl kalkardınız?,opus_opensubtitles_tr
"Altından nasıl mı kalkardım, efendim?","İlk olarak, ben buraya inşa etmezdim.",opus_opensubtitles_tr
"Oh, neden?",Söylemeye çalıştığım şu ki Japonlar daha kötü bir yer seçemezlerdi.,opus_opensubtitles_tr
Şu kazıkları görüyor musunuz?,Batıyorlar.,opus_opensubtitles_tr
Bu kütüklerden sonsuza dek taşısak bile tutmazlar.,Siz nereye inşa ederdiniz?,opus_opensubtitles_tr
"Daha aşağı tarafa, efendim.",Dar boğazın iki tarafına.,opus_opensubtitles_tr
"O konumda, iki kıyıda sert kayalar olur.","Hughes, bu sizin köprünüz olsaydı, adamlarınızı ne şekilde kullanırdınız?",opus_opensubtitles_tr
Şimdiki gibi değil.,"Bu yöntem, gördüğünüz gibi, bir kargaşa.",opus_opensubtitles_tr
Koordinasyonsuz bir çalışma.,Takım çalışması yok.,opus_opensubtitles_tr
Bazı gruplar birbirleri aleyhinde çalışıyorlar.,Evet.,opus_opensubtitles_tr
"Bakın baylar, elimizde bir sorunumuz var.","Japonlar sayesinde, bir güruha kumanda ediyoruz.",opus_opensubtitles_tr
"Ne talimat var, ne de disiplin.",- Vazifemiz taburu baştan kurmaktır.,opus_opensubtitles_tr
"- Evet, efendim.",Ki bu hiç kolay olmayacak.,opus_opensubtitles_tr
"Neyse ki, araçlarımız hazır.",Köprü.,opus_opensubtitles_tr
"- Köprü mü, efendim?",- Köprü.,opus_opensubtitles_tr
"Batılıların nasıl çalıştıklarını gösterip, onları utandıracağız.",Bir İngiliz askerinin neler yapabileceğini göstereceğiz.,opus_opensubtitles_tr
Evet.,"Anlıyorum, efendim.",opus_opensubtitles_tr
İhtiyaçlarınızın elinizin altında olmadığı bu yerde zorluklarla karşılaşacağınızı biliyorum.,- İşte mücadeleniz.,opus_opensubtitles_tr
"- Anlayamadım, efendim.",Köprüyü gerçekten inşa etmelerini mi istiyorsunuz?,opus_opensubtitles_tr
Genelde bu kadar yavaş anlamazdın.,Adamlarımızı tanıyorum.,opus_opensubtitles_tr
Onları meşgul edecek birşeyler gerek.,"Hiç iş olmasaydı bile, yaratırdık.",opus_opensubtitles_tr
"- Yapardık, efendim.",- Yani şanslıyız.,opus_opensubtitles_tr
Fakat esaslı bir köprü olacak.,Çünkü adamlarımı tanıyorum.,opus_opensubtitles_tr
Yaptıkları işten gurur duymaları esastır.,"- Değil mi, beyler?",opus_opensubtitles_tr
"- Evet, efendim.","Reeves, bir mühendis olarak yetkili kişi sensin.",opus_opensubtitles_tr
"Nelere ihtiyacın olduğunu söyle, temin edelim.",Başarabilecek miyiz?,opus_opensubtitles_tr
"- Elimizden geleni yapacağız, efendim.",- Güzel.,opus_opensubtitles_tr
Planları çizdikten sonra Saito ile toplantı ayarlayıp onu yola sokmalıyız.,"Bu, tüm formaliteleri kapsıyor.",opus_opensubtitles_tr
"Oh, evet.","Sırada, korkarım hoşunuza gitmeyecek bir mevzu var.",opus_opensubtitles_tr
"Üzgünüm ama, köprünün konumu hem aceleyle hem de yanlış tayin edilmiş.",Yanlış mı?,opus_opensubtitles_tr
"Maalesef, öyle.",Mühendisimiz bölgeyi inceledi ve oradaki nehir tabanının çok yumuşak olduğuna karar verdi.,opus_opensubtitles_tr
Çok mu yumuşak?,Çamur!,opus_opensubtitles_tr
Tüm çalışmalar boşuna gitmiş.,"- Reeves, devam edebilir misin?",opus_opensubtitles_tr
"- Evet, efendim.","- Reeves, devam edebilir misin?",opus_opensubtitles_tr
"- Evet, efendim.",Temel kazıklar köprüyü taşıyabilmek için su seviyesinin altına çakılmalıydı.,opus_opensubtitles_tr
Bu haliyle üzerinden geçecek ilk trenle yıkılacaktır.,Basınç ve toprak direnci için 6.5 cm kare başına tonlar düşüyor.,opus_opensubtitles_tr
"Reeves, detaylara geçmeden...","Albay, birer fincan çay alabilir miyiz?",opus_opensubtitles_tr
"Sanırım hepimiz, olası bir felaketten kaçınmak için, nehrin 400 m.","Daha aşağısında, Reeves'in seçtiği yerde yeni bir köprü yapımı için hemfikiriz.",opus_opensubtitles_tr
Diğer konuya geçelim.,Diğer konuya geçelim.,opus_opensubtitles_tr
Adamlarımızın iş kotalarını değiştirmeye karar verdim.,- Değiştirmek mi?,opus_opensubtitles_tr
- Arttırdım.,1.5 metreden 2 m.' ye çıkardım.,opus_opensubtitles_tr
Eminim tasvip edersiniz.,Tüm detaylar Hughes'de mevcut.,opus_opensubtitles_tr
Devam eder misin?,Tüm projeyi detaylı bir şekilde inceledim.,opus_opensubtitles_tr
"Bakın, mevcut kuvvetler kötü bir şekilde dağıtılmışlar.","Çalışan ekiplerin düzenini gözden geçirip, düzeltmek istiyorum.",opus_opensubtitles_tr
Bir dakika.,"Albay, işimize yemek yerken devam edersek zaman kazanmış oluruz.",opus_opensubtitles_tr
Burada yemek mümkün olabilir mi?,Tabii ki.,opus_opensubtitles_tr
- Devam edin.,"- Peki, efendim.",opus_opensubtitles_tr
"Ekipleri çoğaltıp, vazifelerini uzmanlık alanlarına göre saptarsak eminim ki günlük randıman 30% civarında artış gösterecektir.","Şimdi, Albay Saito, bir mevzu daha var...",opus_opensubtitles_tr
"Şimdi, alınması gereken bir önemli karar daha var ki ertelenemez.",İngilizler köprü üzerinde çalışacaklarına göre tren yolu işi için elimizde çok az kişi kalacak.,opus_opensubtitles_tr
"Trenyolu ekibine takviye olarak, sizden adamlarınızın bazılarını ödünç istemek zorundayım ki, hattın son bölümü de çabuk tamamlansın.",Ben talimatımı verdim.,opus_opensubtitles_tr
Adamlarınız için günlük iş kotası tayin etmeliyiz.,Aşırı yorulmamaları için 1.5 m.,opus_opensubtitles_tr
Olarak düşünmüştüm ama bizimkilerle aynı oranda olması daha iyi olmaz mı?,Böylece sağlıklı bir rekabet ortamı da doğmuş olur.,opus_opensubtitles_tr
Ben talimatımı verdim.,"Bunun üstesinden gelmeye çalışırız, değil mi Hughes?",opus_opensubtitles_tr
Sanırım gündemimizdekiler bu gecelik bu kadar.,"İlginize teşekkürler, Albay Saito.",opus_opensubtitles_tr
Başka sorusu olan var mı?,Bir soru:,opus_opensubtitles_tr
Köprüyü zamanında bitirebilir misiniz?,"Açıkça, bu konudaki fikir birliğimiz bunun mümkün olmadığı doğrultusunda.",opus_opensubtitles_tr
Ama kesinlikle deneyeceğiz.,Talihsiz bir anlaşmazlıktan ötürü bir ay kaybettiğimizi unutmayınız ki bunun sorumlusu ben değildim.,opus_opensubtitles_tr
Başka birşey?,Hayır.,opus_opensubtitles_tr
Teşekkür ederim.,Toplantı bitmiştir.,opus_opensubtitles_tr
- İyi geceler.,- İyi geceler.,opus_opensubtitles_tr
Umarım Japonlar onlar için yaptıklarımızı takdir ederler.,Şu an için takdirleri beni ilgilendirmiyor.,opus_opensubtitles_tr
"- İyi geceler, Clipton.","- İyi geceler, efendim.",opus_opensubtitles_tr
"Bu arada, şunu söylemeliyim ki burada karaağaca benzer ağaçlar var.",Ve de Londra Köprüsünün karaağaç kazıkları 600 yıldır dayanıyor.,opus_opensubtitles_tr
"- 600 yıl mı, Reeves?","- Evet, efendim.",opus_opensubtitles_tr
Altıyüz yıl.,Bu herkese nasip olmaz.,opus_opensubtitles_tr
LAVINIA TEPESİ HASTANESİ SEYLAN,Kumandan Shears adında bir Amerikalıyı arıyorum.,opus_opensubtitles_tr
"- Evet, aşağıdaki plajda.","- Oh, çok teşekkürler.",opus_opensubtitles_tr
Öpücük!,Etrafta çok göz var.,opus_opensubtitles_tr
Etrafta çok göz var.,"Pudra ve hap verip, banyo yaptırıp, iğne ve lavman yapıyorsun ama...",opus_opensubtitles_tr
Benim tek isteğim aşk.,Doğru.,opus_opensubtitles_tr
Tek isteğin aşk.,Rapor alabileceğinden nasıl bu kadar emin olabiliyorsun?,opus_opensubtitles_tr
"Çünkü ben aslında bir sivilim, sevgilim.",Ve hep kalbimin sesini dinlerim.,opus_opensubtitles_tr
Öpücük.,"Bu nasıldı, kumandan?",opus_opensubtitles_tr
Bana kumandan deme.,Hiç romantik değil.,opus_opensubtitles_tr
Sen de bir subaysın.,Sana Teğmen Sevgilim desem hoşuna gider miydi?,opus_opensubtitles_tr
Demokratik olalım.,"Bana sadece ""efendim"" de.",opus_opensubtitles_tr
"Peki, efendim.",Bir yüksek rütbeli.,opus_opensubtitles_tr
Seni istiyor.,Senin olsun.,opus_opensubtitles_tr
- Ben yüzeceğim.,- Beni bırakma!,opus_opensubtitles_tr
- Kumandan Shears?,- Evet.,opus_opensubtitles_tr
Benim adım Warden.,- Nasılsınız?,opus_opensubtitles_tr
- Davetsiz geldiğim için...,"Önemli değil, binbaşı.",opus_opensubtitles_tr
Alışkınım.,Martini alır mısınız?,opus_opensubtitles_tr
Çok naziksiniz.,Almayacağım.,opus_opensubtitles_tr
Ben içebilir miyim?,Bunu nasıl alabildiniz?,opus_opensubtitles_tr
"Hastane olan bir yerde, alkol de vardır.","Evet, elbette.",opus_opensubtitles_tr
Çok hoş.,"Şey, olabildiğince kısa konuşacağım.",opus_opensubtitles_tr
Force 316 adında oldukça ilginç bir grubun üyesiyim.,Karargahımız Botanik Bahçeleri'nde.,opus_opensubtitles_tr
- Düşmanlardan mı koruyorsunuz?,- Pek sayılmaz.,opus_opensubtitles_tr
- İstemediğinize emin misiniz?,"- Hayır, teşekkürler.",opus_opensubtitles_tr
Üzerinde çalışmış olduğunuz tren yoluyla ilgileniyoruz.,Bize çok değerli bilgiler verebilirsiniz.,opus_opensubtitles_tr
"Şey, birkaç gün sonra Amerika'ya dönüyorum ve tüm bildiklerimi sizlere anlattım.",Ama bize oldukça özel bir anlamda yardım edebilirsiniz.,opus_opensubtitles_tr
"Çok zahmet olacak ama, gelip bizi görme imkanınız var mı acaba?","Aynı şeyleri dinlemek istiyorsanız, tabii.",opus_opensubtitles_tr
Çok naziksiniz.,Lord Louis size minnettar kalacak.,opus_opensubtitles_tr
- Kim?,- Tepenin efendisi.,opus_opensubtitles_tr
Onun özel adamlarındanız.,"Bu akşam diyelim mi, o halde?",opus_opensubtitles_tr
8 gibi.,Size araba yollarım.,opus_opensubtitles_tr
Bu akşam mı?,Mümkün değil.,opus_opensubtitles_tr
O halde yarın sabah?,10 gibi?,opus_opensubtitles_tr
"- Tamam, 10.",- Çok teşekkürler.,opus_opensubtitles_tr
- Hoşçakalın.,- Hoşçakalın.,opus_opensubtitles_tr
İyi şanslar.,Teşekkürler.,opus_opensubtitles_tr
Çok üzgünsün ama bu akşamki randevumuza gelemeyeceksin.,Çok yanılıyorsun.,opus_opensubtitles_tr
Selam dur!,Selam dur!,opus_opensubtitles_tr
Silahlar öne!,"- Geçiş izniniz, lütfen?",opus_opensubtitles_tr
"- Oh, evet.",Binbaşı Warden'ın bungalovu yolun sonunda.,opus_opensubtitles_tr
"Aferin, Jenkins.",Aferin!,opus_opensubtitles_tr
"Haydi, Thomson.","Bıçağını kullan, evlat.",opus_opensubtitles_tr
Ayağa kalk!,Sorgu odasına.,opus_opensubtitles_tr
Ayağa kalk!,Sorgu odasına.,opus_opensubtitles_tr
"Haydi, kımıldayın!",Seri davranın!,opus_opensubtitles_tr
"Çok hantalsın, Joyce, çok hantal.","Bıçağını her zaman anında kullanmalısın, Joyce.",opus_opensubtitles_tr
"Bak, ona fırsat verdin.",Dur bir dakika!,opus_opensubtitles_tr
"Çok üzgünüm, efendim.",- Üzgün müsünüz?,opus_opensubtitles_tr
- Ben de öyle.,- Düşman olduğunuzu sandım.,opus_opensubtitles_tr
"- Amerikalıyım, bunu kastettiyseniz.","- Gidebilirsin, Joyce.",opus_opensubtitles_tr
"- Evet, efendim.","Üzgünüm, efendim.",opus_opensubtitles_tr
- Size nasıl yardımcı olabilirim?,- Binbaşı Warden'ı görecektim.,opus_opensubtitles_tr
Size yolu göstereyim.,Dersi bitmek üzere olmalı.,opus_opensubtitles_tr
Size yolu göstereyim.,Dersi bitmek üzere olmalı.,opus_opensubtitles_tr
"- Dersinin sonu bu, efendim.",- Gümbürtülü alkış.,opus_opensubtitles_tr
"Eğitimi gerçek hayatla, olabildiğince bağdaştırmaktan yanadır.","- Binbaşı Warden, efendim?",opus_opensubtitles_tr
- Evet?,Geldiğinize sevindim.,opus_opensubtitles_tr
- Sizinle ilgilenildi mi?,- Oldukça.,opus_opensubtitles_tr
"Teşekkürler, asker.",Öyleyse gelin.,opus_opensubtitles_tr
Albay Green sizinle tanışmaya can atıyor.,"- Güzel bir yer, değil mi?",opus_opensubtitles_tr
- Komando okulu olduğunu bilmiyordum.,Bu kelimeyi kullanmamaya çalışırız.,opus_opensubtitles_tr
Kulağa aşırı duygusal geliyor.,Burada ne yapıyorsunuz?,opus_opensubtitles_tr
"Sabotaj, yıkım, bu tür şeyler.","P.P. Kullanıyoruz, plastik patlayıcılar.",opus_opensubtitles_tr
Harika birşey.,Bu patlama sesi bunun yarısı büyüklüğünde bir parça ile yapıldı.,opus_opensubtitles_tr
Gelignitten iki kat daha güçlü hem de yarısı ağırlığında.,Patlatılmadığı sürece oldukça zararsızdır.,opus_opensubtitles_tr
Söylediğiniz için teşekkürler.,Tamamen suya dayanıklı ve aslında bir plastik.,opus_opensubtitles_tr
Onunla istediğinizi yapabilirsiniz.,İşte burası.,opus_opensubtitles_tr
Girin.,"Oh, bir fincan çay için can atıyorum.",opus_opensubtitles_tr
- Siz de alır mıydınız?,"- Hayır, teşekkürler.",opus_opensubtitles_tr
- Bir içki?,"- Hayır, teşekkürler.",opus_opensubtitles_tr
"- Bir kişilik çay lütfen, Peter.","- Tabii, efendim.",opus_opensubtitles_tr
Bunu siz mi okuyorsunuz?,Savaştan önce Cambridge'de Doğu dilleri okutuyordum.,opus_opensubtitles_tr
Kaçışınızdan dolayı sizi tebrik etmedim.,İyi iş becerdiniz!,opus_opensubtitles_tr
"Eğer sahil kurtarma uçağınız beni fark etmeseydi, burada olamazdım.",Herhalde.,opus_opensubtitles_tr
Sizi nerede bulduklarını görmek ister misiniz?,Pekala.,opus_opensubtitles_tr
Bilgilerimiz yetersiz.,Sadece sizin raporunuza dayanıyor.,opus_opensubtitles_tr
Kampın şurada olduğunu sanıyoruz.,Albay Nicholson'a ne olduğu hakkında bir fikriniz var mı?,opus_opensubtitles_tr
Albay Nicholson'a ne olduğu hakkında bir fikriniz var mı?,Cesur biriydi.,opus_opensubtitles_tr
"Onu vurmak üzereydiler ama o, gözünü bile kırpmadı.","Vurulmak üzereyken, yapılacak fazla birşey yoktur.",opus_opensubtitles_tr
"Burası Kwai Nehri, ve şurası da size yardım edilen köy.","Burası Kwai Nehri, ve şurası da size yardım edilen köy.",opus_opensubtitles_tr
Bu da tren hattı.,Bu bölgeye oldukça aşina olmalısınız.,opus_opensubtitles_tr
"Hayır, zamanın yarısında kendimde değildim.",Tren hattı şurada Singapur'da başlıyor.,opus_opensubtitles_tr
"Malaya Bangkok, Rangoon.","Amaçları, Hindistan'ın içlerine kadar ilerlemek.",opus_opensubtitles_tr
- Ben nerede bulunmuştum?,"- Oh, buralarda.",opus_opensubtitles_tr
"Japonlar, Bangkok-Rangoon hattını Mayıs ortalarında açmayı istiyorlar.",Onları engellemeye çalışacağız.,opus_opensubtitles_tr
Onları engellemeye çalışacağız.,Bombacıların yük taşımaları için çok uzak.,opus_opensubtitles_tr
Onu karadan parçalamamız gerekecek.,- Nasıl?,opus_opensubtitles_tr
"- Paraşütle atlayıp, sonra yürüyerek.",Yıkıcı donatımla bu ormanın içinde mi?,opus_opensubtitles_tr
En önemli sorunumuz doğrudan bilgi eksikliğimiz.,"Çünkü, hiçbirimiz daha önce orada bulunmadık.",opus_opensubtitles_tr
- Hevesinizi kırmak istemem...,- Çok ilginç olmalı.,opus_opensubtitles_tr
Albay Green Kwai köprüsünü bana verdi.,Patlatmak için bir ekip götüreceğim.,opus_opensubtitles_tr
Çok şanslısınız.,Çay almayacağınızdan emin misiniz?,opus_opensubtitles_tr
"Hayır, sağolun.",Kabalık etmek istemem ama saat 14:00'de bir randevum var.,opus_opensubtitles_tr
- Sormak istediğiniz birşey varsa...,"- Elbette, bağışlayın.",opus_opensubtitles_tr
Aslında sadece tek bir sorum var.,Geri dönmeyi düşünür müsünüz?,opus_opensubtitles_tr
Anlayamadım?,Sizden çok şey isteniyor belki ama amacımıza erişmek için şahsi bilginize ihtiyacımız var.,opus_opensubtitles_tr
Bize katılmanızı çok isteriz.,Beni buraya bu yüzden mi getirdiniz?,opus_opensubtitles_tr
Bunu sormak için mi?,"Şey, açıkçası, evet.",opus_opensubtitles_tr
Daha yeni çıktım oradan.,Kaçışım bir mucizeydi.,opus_opensubtitles_tr
Şimdi de geri dönmemi bekliyorsunuz!,Saçmalık bu!,opus_opensubtitles_tr
Bu çok utanç verici...,Ben sizin mensubunuz değilim.,opus_opensubtitles_tr
Amerikan Donanması mensubuyum.,"Aslına bakarsanız, Albay Green bu meseleyi sizinkilerle görüştü.",opus_opensubtitles_tr
- Bizimkilerle mi?,- Donanmanız sizi bize devretti.,opus_opensubtitles_tr
Dün sabah Pasifik'ten gelen bir sinyal Force 316'daki göreviniz için geçici transferinize izni verdi.,- Bunu yapamazlar!,opus_opensubtitles_tr
- Korkarım yaptılar bile.,Size nasıl söyleyeceğimi bilmiyordum.,opus_opensubtitles_tr
Bunu bana yapamazlar.,Çok ciddiyim.,opus_opensubtitles_tr
Donanmam bir hata yapmış!,Bakın.,opus_opensubtitles_tr
Ben Donanma kumandanı değilim.,Bir subay bile değilim.,opus_opensubtitles_tr
Bunların hepsi yalan.,"Ben sadece sıradan bir temizlikçiyim, 2. sınıf.",opus_opensubtitles_tr
"Houston battığında, kıyıya gerçek bir kumandanla beraber çıktık.",Bir Japon devriyesine yakalandık.,opus_opensubtitles_tr
O öldürüldü.,Benim de yakalanmam an meselesiydi...,opus_opensubtitles_tr
Siz de ölünün kıyafetlerini giydiniz.,Siz de ölünün kıyafetlerini giydiniz.,opus_opensubtitles_tr
Subayların esir kamplarında daha iyi muamele göreceklerini sanmıştım.,"Ama Saito, subayları da diğerleri gibi çalıştırdı.",opus_opensubtitles_tr
"Beklenmedik şeyler hep olur, değil mi?","Subay olmaya alışmaya başlamıştım ve hastaneye getirildiğimde önce erlerin, sonra da subayların koğuşuna bir göz attım ve kendi kendime dedim ki, "" Bir süre için subay olmaktan birşey çıkmaz.""",opus_opensubtitles_tr
Bazı avantajları vardı.,Bir tanesine plajda şahit oldum.,opus_opensubtitles_tr
Bütün hikaye bu.,"Kısacası, beni kullanamazsınız.",opus_opensubtitles_tr
Sizin istediğiniz bir Amerikan Kumandanı olan Shears;,ki o artık hayatta değil.,opus_opensubtitles_tr
"Donanma gerçeği öğrendiğinde, diyecek ki:","""Bir subayın kimliğine büründüğü için onu buraya gönderin.""",opus_opensubtitles_tr
"- İşte o zaman, başarmış olacağım.",- Ne olacaksınız?,opus_opensubtitles_tr
Başarmış!,Bir içki alabilirim şimdi.,opus_opensubtitles_tr
Sağlık nedeniyle rapor isteyeceğim.,Ormanda aklımı kaçırdığım için bir subayın yerine geçtiğimi söyleyeceğim.,opus_opensubtitles_tr
Daha da kötüye gidiyorum.,Bazen kendimi Amiral Halsey sanıyorum.,opus_opensubtitles_tr
Çok akıllıca bir plan.,"Akıllıca demek yetmez, dört dörtlük.",opus_opensubtitles_tr
"Donanmam benim kim olduğumu öğrenirse o talimatların, üzerine yazılan kağıtlar kadar bile değeri kalmaz.",GİZLİ,opus_opensubtitles_tr
"Bu fotoğraf sizin, değil mi?",- Bunu nereden aldınız?,opus_opensubtitles_tr
- Sizinkiler sizi teşhis edemedikleri için biraz zor oldu.,Sonunda donanmanız sicil dosyanızın bir kopyasını bize gönderdi.,opus_opensubtitles_tr
"Fotoğraf, parmak izleri.",Bakmak ister misiniz?,opus_opensubtitles_tr
Gerçek mevkiinizi yaklaşık bir haftadan beri biliyoruz.,Donanmanız zor bir durumda.,opus_opensubtitles_tr
"Evet, o ormandan kaçmayı başarabildiğiniz için bir kahramansınız.","Ama, bir subay kimliğine büründüğünüz için size madalya da veremezler.",opus_opensubtitles_tr
Sanırım bu yüzden sizi bize devretmekten çok mutlu oldular.,Anlıyor musunuz?,opus_opensubtitles_tr
Fırlatılıp atıldım.,"Mevkiinize gelince biz, Force 316 mensupları bu konuda pek resmi değilizdir.",opus_opensubtitles_tr
Bir binbaşı taklidi yapabilirsiniz.,Bir binbaşı taklidi.,opus_opensubtitles_tr
Olabilir.,Şey...,opus_opensubtitles_tr
"Madem ki buraya çakıldım kaldım, bari gönüllü olayım.","Madem ki buraya çakıldım kaldım, bari gönüllü olayım.",opus_opensubtitles_tr
Çok güzel!,"Oh, Albay Green, efendim.",opus_opensubtitles_tr
"Binbaşı Shears, bana köprüyü uçurmaya yardımcı olmaya gönüllü oldu.",Öyle mi?,opus_opensubtitles_tr
Çok güzel!,"Çok çok güzel, binbaşı!",opus_opensubtitles_tr
Hasta koyuna git.,Ayağın mikrop kapmış.,opus_opensubtitles_tr
Albay hasta numarası yaptığımı zannedecek.,Sağlık yetkilisi benim.,opus_opensubtitles_tr
Acele et!,Neden esaslı bir köprü yapmak istiyor ki?,opus_opensubtitles_tr
Yaşlı Nick için endişelenme.,"O, ne yaptığını iyi bilir.",opus_opensubtitles_tr
"Merhaba, Clipton.",Uzun zamandır görünmüyorsun.,opus_opensubtitles_tr
Çocuklar iyi iş çıkarıyorlar.,Evet.,opus_opensubtitles_tr
Nasıl davranıyor?,Görevi üstlendiğimizden beri çok mantıklı biri oldu.,opus_opensubtitles_tr
- Ne düşünüyor?,- Hiçbir fikrim yok.,opus_opensubtitles_tr
"- Teşekkürler, Reeves.","- Rica ederim, efendim.",opus_opensubtitles_tr
Ne düşünüyorsun?,"Zorlu bir iş, değil mi?",opus_opensubtitles_tr
Bu köprüyü inşa etmenin iyi bir fikir olduğuna inanıyor musunuz?,- Ciddi misin?,opus_opensubtitles_tr
"- Evet, efendim.",İyi fikir mi?,opus_opensubtitles_tr
Bir daha bak.,Sence moralleri yükselmedi mi?,opus_opensubtitles_tr
Disiplin yeniden ele alınmadı mı?,Sağlık durumları düzelmedi mi?,opus_opensubtitles_tr
"Daha mutlular, değiller mi?",Daha iyi besleniyor ve artık işkence görmüyorlar.,opus_opensubtitles_tr
"Doğrusu, Clipton, bazen seni hiç anlayamıyorum.",Daha açık konuşayım.,opus_opensubtitles_tr
"Şu var ki, yaptığımız şey, bağışlayın ama efendim düşmanla işbirliği olarak yorumlanabilir.",Hatta vatana ihanet.,opus_opensubtitles_tr
Biz savaş mahkumlarıyız.,Çalışmayı reddetmek hakkına sahip değiliz.,opus_opensubtitles_tr
"Bunu anlıyorum, efendim.",Ama bu kadar mı iyi çalışmalıyız?,opus_opensubtitles_tr
Kendi yapacaklarından daha iyisini mi yapmak zorundayız?,"Saito'yu ameliyat etsen, elinden geleni mi yapar, ölümemi bırakırdın?",opus_opensubtitles_tr
İşsizlik içinde bölünmemizi mi tercih ediyorsun?,Ya da düzgün bir iş yapamadığımızın söylenmesini mi?,opus_opensubtitles_tr
Bizi ne fiziksel ne de ruhsal anlamda etkiliyemiyeceklerini göstermeliyiz.,"İyi bak, Clipton.",opus_opensubtitles_tr
Bir gün savaş bitecek.,"Ümit ediyorum ki, ileri yıllarda bu köprüden geçenler buranın nasıl ve kimler tarafından yapıldığını hatırlayacaklardır.",opus_opensubtitles_tr
"Esirler değil, askerler tarafından.","İngiliz askerleri, esarette bile.",opus_opensubtitles_tr
"- Evet, efendim.",- İyi bir doktorsun fakat ordu hakkında öğrenmen gereken çok şey var.,opus_opensubtitles_tr
Tut onu!,Tut onu!,opus_opensubtitles_tr
Botunu kullan!,"Botunu oraya koy, tamam mı?",opus_opensubtitles_tr
Günaydın!,SHEARS,opus_opensubtitles_tr
Nereye bakıyorsunuz öyle?,Onu botunla yakala!,opus_opensubtitles_tr
"Geciktiğim için üzgünüm, efendim.",Tam olarak dört dakika.,opus_opensubtitles_tr
Sağlık sorunlarınız mı vardı?,- Efendim?,opus_opensubtitles_tr
- Hemşireyi kastediyorum.,Çok hünerli.,opus_opensubtitles_tr
Warden haklıymış.,Oturun.,opus_opensubtitles_tr
"Sizi, ekibinizin 4. üyesini seçmemize yardımcı olmanız için çağırdım.",- Bay Joyce'u içeri çağırın.,opus_opensubtitles_tr
"- Evet, efendim.","Chapman, Joyce'u istiyor, ama ben emin değilim.",opus_opensubtitles_tr
Hesaplamaktansa tahmin yapmayı sever.,"Söylediğim gibi bu işte, iş bittikten sonra bile, hep yapılacak bir iş daha vardır.",opus_opensubtitles_tr
Okuldaki en iyi yüzücümüz odur.,Sizin düşüncenizi gayet iyi biliyorum.,opus_opensubtitles_tr
Shears'in görüşünü almak istiyorum.,"Pekala, rahat.",opus_opensubtitles_tr
Bu beyler seni ormanda bir yürüyüşe çıkarmak istiyorlar.,"Evet, efendim.",opus_opensubtitles_tr
Montreal'de bir muhasebeci miydin?,"Evet, efendim.",opus_opensubtitles_tr
Pek muhasebeci sayılmaz.,"Çünkü, belgem yoktu.",opus_opensubtitles_tr
Tam olarak ne yapıyordun?,"Şey, efendim, benden önce kontrolden geçmiş ve benden sonra kontrolden geçecek olan çizelgeleri kontrol ediyordum.",opus_opensubtitles_tr
- Çok can sıkıcı olmalı.,"- Evet, efendim, öyleydi.",opus_opensubtitles_tr
Buraya nasıl geldin?,"Askere yazılmak için '39'da Londra'ya geldim, sonra da bu işe gönüllü oldum.",opus_opensubtitles_tr
"- Gönüllü, ha!","- Evet, efendim.",opus_opensubtitles_tr
"Bakın, normal Ordu...","Devam et, açık konuşabilirsin.",opus_opensubtitles_tr
"Şey, normal ordu bana sivil hayatımdaki işimi hatırlattı.",Kafa çalıştırmanız beklenmiyor.,opus_opensubtitles_tr
Şunu düşün.,Bunu soğukkanlılıkla kullanabileceğinden emin misin?,opus_opensubtitles_tr
Nasıl kullanılacağını biliyorum.,Sorduğum şey bu değildi.,opus_opensubtitles_tr
Soğukkanlılıkla kullanabilir misin?,Tereddüt etmeden öldürebilir misin?,opus_opensubtitles_tr
Bu soruyu kendime sormuştum.,Beni oldukça endişelendiriyordu.,opus_opensubtitles_tr
Peki cevabın neydi?,"Gerçekten bilemiyorum, efendim.",opus_opensubtitles_tr
Kendimi o şekilde hayal etmeye...,Öldürmenin bir suç olmadığını kendime anlatmakta güçlük çekiyorum galiba.,opus_opensubtitles_tr
"Bu, eski bir ordu problemidir.","Pekala, sanırım hepsi bu kadar.",opus_opensubtitles_tr
"Teşekkür ederim, Joyce.",Ekiple gidecek miyim?,opus_opensubtitles_tr
Sana bildireceğiz.,Demek istediğim buydu.,opus_opensubtitles_tr
En azından dürüsttü.,"O an gelene kadar, bu sorunun cevabını hiçbirimiz bilemeyiz.",opus_opensubtitles_tr
"Görüşün nedir, Shears?","Şey, o bir Kanadalı.",opus_opensubtitles_tr
Bu da ekibimizin uluslararası oluşumuna uyuyor.,"Eğer gitmek istiyorsa, benim yerimi bile alabilir!",opus_opensubtitles_tr
"Pekala, eğer hepiniz Joyce için aynı fikirdeyseniz, artık sizindir.",Elimde köy hakkında keşif uçağı raporu var.,opus_opensubtitles_tr
Akşam karanlığında atlamanıza yetecek kadar açıklık var.,- Paraşüt eğitimi almış mıydınız?,opus_opensubtitles_tr
"- Hayır, efendim.",Kahretsin!,opus_opensubtitles_tr
Bu çok kötü.,Tuhaf ama hiç başıma gelmemişti!,opus_opensubtitles_tr
"Şey, o halde...",Haklı.,opus_opensubtitles_tr
Ona atlama tatbikatı ayarlansın.,Hemen gidip bakayım.,opus_opensubtitles_tr
"- Pekala, Chapman, gidebilirsin.","- Evet, efendim.",opus_opensubtitles_tr
Hava kokusu almaya hazır mısın?,"Evet, efendim.",opus_opensubtitles_tr
Ne kadar önemli biri olduğunu anlamıyorsun.,"Bölge hakkındaki malumatın, köyde edindiğin dostların.",opus_opensubtitles_tr
Sanki bizi düşünerek oradan kaçmayı planlamışsın gibi.,"Bu arada, işte ilgini çekecek birşey.",opus_opensubtitles_tr
"Yeni ""Ö"" hapı.",- Ö hapı mı?,opus_opensubtitles_tr
- Öldürücünün Ö'sü.,"Anında, acısız.",opus_opensubtitles_tr
Eskilerinden çok daha iyi.,"Yakalanırsan diye, tabii ki.",opus_opensubtitles_tr
Yani canlı olarak yakalanmamamı söylüyorsunuz.,Bunu tavsiye etmem.,opus_opensubtitles_tr
İçinizden biri yaralanırsa onu bırakmak zorundasınız.,Amacımıza ulaşmak başta gelmeli.,opus_opensubtitles_tr
Gerçek görüşümü duymak ister misiniz?,Onların önünde söylemek istemedim.,opus_opensubtitles_tr
"Anlıyorum, devam et.",Chapman idare eder.,opus_opensubtitles_tr
Çok soğukkanlı biri.,Joyce...,opus_opensubtitles_tr
O da idare eder.,- Ama Warden'ı bilemiyorum.,opus_opensubtitles_tr
- Oh?,Neden?,opus_opensubtitles_tr
Cambridge'de öğretmenlik vesaire.,Bir çocuğun çatapatlarla oynaması gibi patlayıcalra oynamak bir yana...,opus_opensubtitles_tr
"Tecrübesiz biri değil, biliyorsunuz.","Singapur çöktüğü zaman, o geride kalarak iki köprü patlattı.",opus_opensubtitles_tr
Japonlar onu yakalamadan önce daha pek çok iş başardı.,- İlginç bir hikaye.,opus_opensubtitles_tr
O...,"- Efendim, çok üzücü.",opus_opensubtitles_tr
"Zaman açısından, tatbiki atlayışların değmeyeceğini söylüyorlar.",Tek bir atlayışta yaralanma ihtimali 50% imiş.,opus_opensubtitles_tr
"İki atlayışta, 80%.","Üç atlayışta ise, ölüm ihtimali kesin gibiymiş.",opus_opensubtitles_tr
"Bizce, Shears'ın yapacağı en mantıklı şey gidip atlamak ve en iyi atlayışı ümit etmek.",Paraşütlü mü paraşütsüz mü?,opus_opensubtitles_tr
"Oh, çok iyiydi!","""Paraşütlü mü, paraşütsüz mü?""",opus_opensubtitles_tr
Ağaçların arasında!,"Yai diyor ki, Kwai'ye senin yolundan gidemeyiz.",opus_opensubtitles_tr
Çok fazla Japon devriyesi varmış.,Ormanın içinden kuzeye ilerleyeceğiz.,opus_opensubtitles_tr
Çok fazla Japon devriyesi varmış.,Ormanın içinden kuzeye ilerleyeceğiz.,opus_opensubtitles_tr
- Kim rehberlik yapacak?,- Yai.,opus_opensubtitles_tr
Japonlardan nefret ediyor.,Bütün adamlarını almışlar.,opus_opensubtitles_tr
Yani elimizdeki kadınları kullanacağız.,- Elimizdeki kadınlar!,opus_opensubtitles_tr
- Becerebilirler.,Geceyi burada geçirmenin tehlikeli olduğunu söylüyor.,opus_opensubtitles_tr
5 km.,Uzaklıkta bir düşman kampı olduğu için ormanın içinde uyumak zorundayız.,opus_opensubtitles_tr
- Chapman ne olacak?,- Yai onu ve paraşütünü gömecek.,opus_opensubtitles_tr
Bir sorun mu var?,Düşünüyordum da; sen Yai'nin dilini biliyorsun.,opus_opensubtitles_tr
Bense bilmiyorum.,"Sizi nehre o götürecek, hem de benim daha önce hiç gitmediğim bir yoldan.",opus_opensubtitles_tr
Bu ekip için neden çok gerekli olduğumu söyleyebilir misiniz?,Ne hissettiğini anlıyorum ama her zaman beklenmedik şeyler çıkabilir.,opus_opensubtitles_tr
Bunu Chapman'a anlat.,"Hayd, i gidelim!",opus_opensubtitles_tr
Çok tatlısın.,Tatlı.,opus_opensubtitles_tr
İşini seve seve yap!,"Evet, efendim.",opus_opensubtitles_tr
Sülükler.,Sülükler.,opus_opensubtitles_tr
Kımıldamamanı söylüyor.,Sırtındaki sülükleri temizleyecek.,opus_opensubtitles_tr
Senin gibi bir kızın böyle bir yerde işi ne?,Sana bunu Siyamca söylemeyi öğreteyim.,opus_opensubtitles_tr
"Hayır, bu havayı bozar.",Fazla konuşma havayı hep bozar.,opus_opensubtitles_tr
O şeyin nesi var?,Kötü bir darbe almış.,opus_opensubtitles_tr
Güçlü bir sinyal alamıyorum.,Ben söyleyeyim.,opus_opensubtitles_tr
Islak ve küflü!,Bu ormandaki herşey gibi.,opus_opensubtitles_tr
Hatta çöpe atabilirsin!,Radyo Tokyo programı sona erdi.,opus_opensubtitles_tr
En cana yakın düşmanınız der ki sakin olun ve hiçbir işe gönüllü olmayın.,"Burada kalırsak, tamamen ıslanacağız.",opus_opensubtitles_tr
"- Şifreyi çözdüm, efendim.","- Oku, haydi!",opus_opensubtitles_tr
"Evet, efendim. "" Bir, ilk köprü çalışması bırakılmıştır.",Yeni inşaat ilk yerinin akıntı yönündedir.,opus_opensubtitles_tr
"İki, düşman Bangkok'dan Rangoon'a askeri birlikler ve önemli kişiler taşıyacak bir tren ile tren hattını açmayı planlıyor.","Hedefin tahmini varış zamanı, ayın 13'ü, öğleden önce.",opus_opensubtitles_tr
"Üç, trenin geçişiyle eşzamanlı patlatma.","Dört, iyi avlar.",opus_opensubtitles_tr
"İyi eğlenceler."" Hepsi bu kadar.",Bir tren ve bir köprü!,opus_opensubtitles_tr
"Oraya zamanında varabilir miyiz, efendim?","Yai, iki-üç gün uzaklıkta olduğumuzu söylüyor.",opus_opensubtitles_tr
"Daha hızlı ilerlersek, 12'sinde gün batımından önce orada olabilirmişiz.",Tren için değer.,opus_opensubtitles_tr
"Oh, elbette.",İyi bir av.,opus_opensubtitles_tr
Harika bir iş.,Çok eğlenceli.,opus_opensubtitles_tr
Çok ama çok.,"Radyoyu tamir etmeseydin, treni bilemeyecektik.",opus_opensubtitles_tr
"Her zaman beklenmedik bir şeyler çıkar, değil mi?","- 0,225 litre, efendim.",opus_opensubtitles_tr
- Kinin.,Daha sonra bitiririz.,opus_opensubtitles_tr
"- Clipton, bir kriz yaşıyoruz.","- Evet, efendim?",opus_opensubtitles_tr
Reeves ve Hughes ile konuştum.,Köprüyü zamanında bitiremeyeceğiz.,opus_opensubtitles_tr
Yeterli adamımız yok.,"Subaylardan yardım istedim, ama bu da yeterli değil.",opus_opensubtitles_tr
Subaylar çalışacaklar mı?,"Durumu onlara açıkladım ve gönüllü oldular, ama bu da yetmiyor.",opus_opensubtitles_tr
Neden Saito'dan adam istemiyorsunuz?,Bu bizim işimiz.,opus_opensubtitles_tr
Kendi elimizdekilerle yetinmek zorundayız.,Sana bu yüzden geldim.,opus_opensubtitles_tr
Hasta listesi.,Hastanede oraya ait olmayan hiç kimse yok.,opus_opensubtitles_tr
"Seni kınadığımı zannetme sakın, ama hasta numarası yapanlar olabilir.",Gözünü açık tut yeter.,opus_opensubtitles_tr
"Haydi, bir bakalım.","Kalkmayın, kalkmayın.",opus_opensubtitles_tr
Haskins'in nesi var?,Amipli dizanteri ve karasu humması.,opus_opensubtitles_tr
Ateşi 40.,Pekala.,opus_opensubtitles_tr
Anlıyorum.,Ya bunun?,opus_opensubtitles_tr
Bacağı iltihaplı.,"Bu gece biraz daha kesebilirsem, kurtarabilirim.",opus_opensubtitles_tr
Onu gerçekten çalıştırmayı mı düşünüyorsunuz?,"Saçma konuşma, Clipton.",opus_opensubtitles_tr
Ya şu adam?,Kolu enfeksiyonlu.,opus_opensubtitles_tr
Çoğu yaraları tamamen iyileşmeyecek.,"Açık hava ve hafif işler, buraya tıkılmalarından daha iyi olmaz mı?",opus_opensubtitles_tr
- Hafif işler mi?,"- Kurallar, sadece kolu sıyrıldı diye birini tutmayı gerektirmiyor.",opus_opensubtitles_tr
- Kurallar mı?,"Tamamen formda olmayabilirler ama, yine de yararları dokunabilir.",opus_opensubtitles_tr
Süslemeler ve son rötuşlar gibi.,"Rahat, Baker.",opus_opensubtitles_tr
Köprüde hafif işler yapacak kadar kendini güçlü hissediyor musun?,"- Siz ne derseniz, efendim.",opus_opensubtitles_tr
- Güzel.,Ya sen?,opus_opensubtitles_tr
Kolay işler.,"- Denerim, efendim.",opus_opensubtitles_tr
- Aferin.,"Bakın, beyler.",opus_opensubtitles_tr
Hepinizle gurur duyduğumu söylememe gerek yok.,Ama bir krizle karşı karşıyayız.,opus_opensubtitles_tr
"Sorum, kendini iyi hissedenlere.",Yardım eli uzatmaya ne dersiniz?,opus_opensubtitles_tr
Getir-götür ve boyama işlerine?,Ne dersiniz?,opus_opensubtitles_tr
"- Evet, efendim.",- Güzel.,opus_opensubtitles_tr
"Haydi, beni izleyin.",10 dakika.,opus_opensubtitles_tr
Hepsinin öldüğünden emin ol.,"Haydi, Joyce.",opus_opensubtitles_tr
Bıçakları kullanın yoksa birbirimizi vurabiliriz.,"O taraftan git, Joyce.",opus_opensubtitles_tr
Yapabilirdim.,Buna hazırdım.,opus_opensubtitles_tr
"Yaralandınız mı, efendim?",Gidelim.,opus_opensubtitles_tr
Yüzeysel birşey.,"Çatlak bir kemik olabilir, ama kırık değil.",opus_opensubtitles_tr
"- Benim hatam, efendim.","- Oh, kapa çeneni.",opus_opensubtitles_tr
Yürüyebilirim.,Önemli olan da bu.,opus_opensubtitles_tr
Evet ama nereye kadar ve ne hızda?,"Bunu, denemeden önce bilemeyiz, değil mi?",opus_opensubtitles_tr
Ne yapıyorsunuz?,Mola için emir vermedim.,opus_opensubtitles_tr
Hepimizin ihtiyacı var.,Hızlı adımlarla daha beş saatlik yolumuz var.,opus_opensubtitles_tr
Belki de altı.,Haydi.,opus_opensubtitles_tr
"Yürümeye devam edersen, kanamadan öleceksin.",- Beni burada bırakacaksınız.,opus_opensubtitles_tr
"- Sen durursan, biz de dururuz.",Karanlık basınca köprünün planını inceleyemezsiniz.,opus_opensubtitles_tr
Gün batımından önce orada olmalısınız.,"Ama, efendim, iş bittikten sonra, aynı yoldan geri dönemeyebilir dönsek bile sizi burada bulamayabiliriz.",opus_opensubtitles_tr
"Yerimde sen olsaydın, seni tereddütsüz bırakırdım, bunu biliyorsun.",O bilmez ama ben biliyorum.,opus_opensubtitles_tr
"Kurallar söz konusuysa, öz anneni bile burada bırakırdın.",Bensiz devam edeceksiniz.,opus_opensubtitles_tr
Bu bir emirdir.,"Kumanda artık sende, Shears.",opus_opensubtitles_tr
Bu emre itaat etmeyeceğim.,Kahramanlık tavırlarından bıktım.,opus_opensubtitles_tr
Ölüm kokusunu bela gibi üzerinde taşıyorsun.,Patlayıcılar ve Ö-hapları birbirini iyi tamamlar.,opus_opensubtitles_tr
Ya öyle ya böyle.,"Ya köprüyü yok et, ya da kendini.",opus_opensubtitles_tr
Bu savaş sadece bir oyun.,Sen ve şu Albay Nicholson.,opus_opensubtitles_tr
Yiğitlik için çıldırıyorsunuz.,Ne için?,opus_opensubtitles_tr
"Asıl önemli olan insan gibi yaşamakken, siz nasıl bir beyefendi gibi ve nasıl kurallara göre ölünür, onu düşünüyorsunuz!","Seni burada ölüme terk etmeyeceğim, Warden çünkü ne köprü ne de kuralların umurumda değil.",opus_opensubtitles_tr
"Gideceksek, beraber gideceğiz.",Sevgili Yai.,opus_opensubtitles_tr
Tamam.,Haydi.,opus_opensubtitles_tr
Daha yaklaşalım.,Seni getirdiğimize hala üzgün müsün?,opus_opensubtitles_tr
- Daha iyi misin?,- Evet.,opus_opensubtitles_tr
"Kumanda yine sende, biliyorsun.","Teşekkürler, binbaşı.",opus_opensubtitles_tr
Anlayamıyorum.,Ne kadar sağlam ve ne kadar iyi tasarlanmış bir yapım.,opus_opensubtitles_tr
Düşmanın genelde gelişigüzel yaptığı köprülerden değil.,Bakın.,opus_opensubtitles_tr
Aşağıdaki şu zavallılara.,O şartlarda böyle bir iş yapmaya zorlandığınızı düşünsenize.,opus_opensubtitles_tr
Dizleri üstüne çökmüş bir İngiliz subayını çalıştırıyorlar.,Japonlar da bundan keyif alıyor gibiler.,opus_opensubtitles_tr
"Burada olduğumuzu bilse, morali yerine gelirdi.",BU KÖPRÜ İNGİLİZ ORDUSU ASKERLERİ TARAFINDAN,opus_opensubtitles_tr
TASARLANMlŞ VE KURULMUŞTUR,ŞUBAT,opus_opensubtitles_tr
- MAYIS 1943 KD.,YRB.,opus_opensubtitles_tr
L. NICHOLSON KOMUTANLlĞINDA,"Tren işi olmasaydı, saatli bomba koyup, uzaklaşabilirdik.",opus_opensubtitles_tr
Yarın kaçta geçeceğini bilmediğimize göre el ile yapmak zorunda kalacağız.,...el ile yapmak zorunda kalacağız.,opus_opensubtitles_tr
Barutları suyun altındaki temel kazıklarının 1 m.,Kadar altına yerleştirip ana tesisatı akıntı yönünde pompalayacağız.,opus_opensubtitles_tr
"Sorun, nerede saklayacağımızda.",Nehrin bulunduğumuz yakası belli ki Japonlar tarafından kullanılıyor.,opus_opensubtitles_tr
Hemen fark ederler.,Bak.,opus_opensubtitles_tr
Şu düşmüş ağaç gövdelerini görüyor musun?,Ve hemen altlarındaki gri kayayı?,opus_opensubtitles_tr
"- Evet, efendim, görüyorum.",- Kilit mevkimiz orası.,opus_opensubtitles_tr
Nehrin ters yönünde ama uygun uzaklıktaki tek saklanılabilecek yer.,Köprü havaya uçtuğunda orada olan her kimse geri yüzmesi gerekecek.,opus_opensubtitles_tr
Keyifli bir yüzüş olmayacak.,"Efendim, sınıftaki en iyi yüzücü bendim.",opus_opensubtitles_tr
"Tam senin işin, o halde.",Teşekkür ederim.,opus_opensubtitles_tr
"Shears, bizim yakamızda Joyce'u koruyabilmen için bir yer belirle.","Yai de seninle gelecek ki, Japonlar Joyce'a sorun çıkarırlarsa ikiniz onları oyalayabilin.",opus_opensubtitles_tr
"Başka bir aksilik çıkma ihtimali üzerine, onları şaşırtmak için buraya fazladan bir havan topu daha koyacağım.",Belki trene bile birkaç atış yapabilirim.,opus_opensubtitles_tr
Herşey açık mı?,Sorusu olan?,opus_opensubtitles_tr
"Pekala, hava kararır kararmaz başlayacaksınız.",Köprü üzerinde mutlaka nöbetçi asker olacaktır bu yüzden malzemeleri nehir yukarı yüzdürerek taşıman gerekecek yani bir sal yapman gerekiyor.,opus_opensubtitles_tr
Yai.,Yai sana yardım için 3 kadın verecek.,opus_opensubtitles_tr
Birisi burada benimle kalacak.,"Pekala, haydi bakalım!",opus_opensubtitles_tr
"Biliyorsun, ayağım böyle olmasaydı, Joyce'un görevini ben üstlenirdim.",Sence başarabilecek mi?,opus_opensubtitles_tr
Sanırım.,Benim yapmamı ister misin?,opus_opensubtitles_tr
Elimde olsa seni burada topun başında bırakırdım.,Üzgünüm.,opus_opensubtitles_tr
"İş bittiğinde, umarım sağlık raporunu alırsın zorlanmadan.",Sağol.,opus_opensubtitles_tr
Doldur.,Çok güzel.,opus_opensubtitles_tr
"Evet, çok güzel.",Birinci sınıf bir iş.,opus_opensubtitles_tr
Bu kadar güzel olacağını tahmin etmiyordum.,"Evet, harika bir eser.",opus_opensubtitles_tr
Düşünüyordum da...,"Yarın, hizmetimin 28.",opus_opensubtitles_tr
Yılını doldurmuş olacağım.,Barışta ve savaşta 28 yıl.,opus_opensubtitles_tr
Bu sürenin 10 ayından fazlasını evimde geçirmedim.,"Yine de, iyi bir hayatım oldu.",opus_opensubtitles_tr
Hindistan'ı sevdim.,Başka türlü olsun istemezdim.,opus_opensubtitles_tr
Ama bazen...,Birdenbire farkına varıyorsun ki sona başlangıçtan daha yakınsın.,opus_opensubtitles_tr
Ve düşünüyorsun...,Kendine şunu soruyorsun:,opus_opensubtitles_tr
Hayatının tümü neyi temsil ediyor?,Herhangi bir zamanda herhangi bir yerde oluşun neyi değiştirdi ya da birşeyi değiştirdi mi?,opus_opensubtitles_tr
Özellikle diğer insanların kariyerleriyle karşılaştırırsak.,Bu düşünce tarzı sağlıklı mıdır bilmiyorum ama itiraf etmeliyim ki zaman zaman bu meslekleri aklımdan geçirdim.,opus_opensubtitles_tr
Ama bu gece...,Bu gece...,opus_opensubtitles_tr
Kahretsin.,Gitmeliyim.,opus_opensubtitles_tr
Çocuklar bir tür eğlence hazırlıyorlar.,Tatlı.,opus_opensubtitles_tr
Olsaydın tek kız,Dünyadaki,opus_opensubtitles_tr
Ve sen de tek erkek,Başka şey istemezdim,opus_opensubtitles_tr
Bugünkü hayattan,Severdik birbirimizi,opus_opensubtitles_tr
Her zamanki gibi,İkimize özel bir Cennet Bahçesi,opus_opensubtitles_tr
Eminim hepimiz adına söyleyebilirim ki bu çok keyifli bir akşamdı.,Çoğunuz yarın yeni bir kampa ve yeni bir inşaata gideceksiniz.,opus_opensubtitles_tr
Ne yazık ki köprünün ilk tatbiki kullanımını göremeyeceksiniz.,"Ama, şuna memnun olacaksınızdır ki bu tren yolu hattının tamamlanması hasta ve sakatlarımızı yeni kampa trenle taşımamızı sağlayacak.",opus_opensubtitles_tr
"Albay Saito, Binbaşı Clipton ve hastalarla beraber kalmama izin verdi sizlere birkaç gün içinde katılacağız.",Artık işinizin bittiğine göre umarım üzülüyorsunuzdur.,opus_opensubtitles_tr
Bunu anlayabiliyorum.,Çok doğal bir tepki.,opus_opensubtitles_tr
"Ama bir gün; bir hafta, bir ay, bir yıl sonra olsun o gün geldiğinde, inşallah, hepimiz evlerimize döneceğiz işte o zaman, burada büyük zorluklarla başardığınız bu işten hepiniz gurur duyacaksınız.",Yaptıklarınız vatandaşlarımıza askerimize ve sivillere örnek olmalıdır ve olacaktır.,opus_opensubtitles_tr
Şerefinizle ayakta kaldınız.,Dahası da var.,opus_opensubtitles_tr
Bu ıssız bölgede yenilgiyi zafere çevirdiniz.,Sizi tebrik ediyorum.,opus_opensubtitles_tr
Bravo.,Krala.,opus_opensubtitles_tr
Haydi bakalım.,Herşeyi aldın mı?,opus_opensubtitles_tr
"Bitki sapı, cephane, çıkın, matara, bıçak.",Ben nehrin tam karşısında olacağım.,opus_opensubtitles_tr
"Profesör, her zaman yapılacak birşey daha vardır, der.",Ne olabileceği aklıma gelmiyor.,opus_opensubtitles_tr
Sana uzun ve mutlu bir hayat dilemekten başka.,Teşekkür ederim.,opus_opensubtitles_tr
Ne oldu?,Nehir alçalmış.,opus_opensubtitles_tr
Kablo görünüyor.,Patlayıcılar!,opus_opensubtitles_tr
Treni bekleme.,Şimdi yap!,opus_opensubtitles_tr
"Saito yanılmıyorsa, tren 5-10 dakika içinde gelecek.","Sakıncası yoksa, yukarıdaki tepeden bakacağım.",opus_opensubtitles_tr
Neden?,Köprüden daha iyi görürsün.,opus_opensubtitles_tr
"Açıklaması zor, efendim.",Bir parçası olmamayı tercih ederim.,opus_opensubtitles_tr
Nasıl istersen.,"Gerçekten, seni bazen hiç anlayamıyorum.",opus_opensubtitles_tr
"Daha önce de söylediğiniz gibi, ordu hakkında öğrenecek çok şeyim var.",Günaydın.,opus_opensubtitles_tr
Gece nehir alçalmış.,Ne yapıyor?,opus_opensubtitles_tr
"Albay, tuhaf birşeyler oluyor.",Tren varmadan önce etrafa bir baksak iyi olacak.,opus_opensubtitles_tr
Çıldırmış bu adam.,Onu tam oraya götürüyor!,opus_opensubtitles_tr
Kendi adamımız!,Haklıymışım.,opus_opensubtitles_tr
Birşeyler dönüyor.,"Yapmalısın, evlat!",opus_opensubtitles_tr
Şimdi yapmalısın!,Bıçağınız var mı?,opus_opensubtitles_tr
"Şimdi anladım, köprü mayınlanmış!",Mayın mı?,opus_opensubtitles_tr
Mayın mı?,"Aferin, evlat!",opus_opensubtitles_tr
İngiliz subayı!,Köprüyü uçurmak için buradayım.,opus_opensubtitles_tr
- Köprüyü uçurmak mı?,- Evet.,opus_opensubtitles_tr
İngiliz komandosu emri.,- Köprüyü uçurmak mı?,opus_opensubtitles_tr
- Evet.,Hiç zaman yok!,opus_opensubtitles_tr
"Hayır, hayır!",Yardım edin!,opus_opensubtitles_tr
Öldür onu!,Öldür onu!,opus_opensubtitles_tr
"Bırakın beni, efendim!",Anlamıyorsunuz!,opus_opensubtitles_tr
Öldür onu!,Öldür onu!,opus_opensubtitles_tr
"Öldür onu, Joyce!",Sen!,opus_opensubtitles_tr
Sen!,Ne yaptım ben?,opus_opensubtitles_tr
Olamaz!,Yapmak zorundaydım!,opus_opensubtitles_tr
Yapmak zorundaydım.,Sağ olarak yakalanabilirlerdi!,opus_opensubtitles_tr
Yapılacak tek şey buydu!,Olamaz!,opus_opensubtitles_tr
Olamaz!,Şimdi.,opus_opensubtitles_tr
"Söyleyin, albay sizce de bir subayın başlıca görevi, emir vermek değil midir?",-Elbette.,opus_opensubtitles_tr
-Güzel.,Şu köprünüzü ele alın.,opus_opensubtitles_tr
Muazzam bir girişim.,"Açıkça söylemek gerekirse, şu sizin teğmenin...",opus_opensubtitles_tr
-Adı neydi...,-Mioura.,opus_opensubtitles_tr
...böylesine önemli bir görevin üstesinden gelebileceğine şüpheliyim.,"Diğer taraftan, bizde öyle subaylar var ki, örneğin Reeves ve Hughes bunlar Hindistan'da birçok köprü inşa etmişlerdir.",opus_opensubtitles_tr
Askerler onları sayarlar.,Bir subay için bu tür bir saygı esastır.,opus_opensubtitles_tr
"Bunu yitirirse, komutanlığı sona erer.","Sonra, moral bozukluğu ve kaos.",opus_opensubtitles_tr
Buna izin verirsem zavallı bir kumandam olurum.,Köprünün artık benim kumandam altında... olduğunu belki de bilmiyorsunuzdur.,opus_opensubtitles_tr
Öyle mi?,"Peki, işten memnun olup olmadığınızı sorabilir miyim?",opus_opensubtitles_tr
-Memnun değilim!,-Üzerine bastınız.,opus_opensubtitles_tr
İngilizlerden nefret ediyorum!,Yenildiniz fakat utanç duymuyorsunuz.,opus_opensubtitles_tr
İnatçısınız fakat gururlu değilsiniz.,Dayanma gücünüz var ama cesaretiniz yok.,opus_opensubtitles_tr
-Bunu sürdürmenin bir anlamı yok.,-Durun!,opus_opensubtitles_tr
Yerinizde kalın!,"Tabur, dikkat!",opus_opensubtitles_tr
"Tabur, rahat.",Lütfen...,opus_opensubtitles_tr
-Bugünün tarihi nedir biliyor musunuz?,-Korkarım unuttum.,opus_opensubtitles_tr
1905'deki muhteşem Rusya zaferimizin yıldönümü.,Tüm Doğu Asya'da bu tarihi kutluyoruz.,opus_opensubtitles_tr
Bu olayın şerefine birliklerinize bir gün dinlenme izni veriyorum.,-Çok teşekkürler.,opus_opensubtitles_tr
-Bir genel af ilan ediyorum.,Siz ve subaylarınız kışlalarınıza dönebilirsiniz.,opus_opensubtitles_tr
Bu affın bir parçası olarak da subayların ağır işçilik yapmalarına gerek kalmamıştır.,Başardı!,opus_opensubtitles_tr
"Birisi madalyayı hak ediyor, efendim.",Ekibinizde kaç adamınız var?,opus_opensubtitles_tr
"-Tam olarak bilmiyorum, efendim.",-Bilmiyor musun?,opus_opensubtitles_tr
"-On iki, genelde.","Fakat adamlardan biri bu sabah hastalandı, efendim.",opus_opensubtitles_tr
Hastaneye götürmek için üç-dört kişi gerekti.,"Çok ağır hastalandı, efendim.",opus_opensubtitles_tr
Bir onbaşı emrinde kaç kişinin çalıştığını bilmelidir.,"Evet, efendim.",opus_opensubtitles_tr
Sinirsel bir hastalığınız mı var?,Yüzünüzü böyle yapmayı kesin.,opus_opensubtitles_tr
"Size komik gelebilir ama, bu, orduya uygun bir hareket değil.","Hayır, efendim.",opus_opensubtitles_tr
Bu gösterilere bir son verdirmeliyiz.,"Evet, efendim.",opus_opensubtitles_tr
-Reeves?,"-Evet, efendim?",opus_opensubtitles_tr
Kwai gibi akıntılı bir nehir üzerine hiç köprü inşa ettiniz mi?,"Evet, efendim, Madras'da yarım düzine kadar, Bengal'de...",opus_opensubtitles_tr
Bu köprü sizin olsaydı...,...altından nasıl kalkardınız?,opus_opensubtitles_tr
"Altından nasıl mı kalkardım, efendim?","İlk olarak, ben buraya inşa etmezdim.",opus_opensubtitles_tr
-Neden?,-Söylemeye çalıştığım şu ki Japonlar daha kötü bir yer seçemezlerdi.,opus_opensubtitles_tr
Dibi yok.,Şu kazıkları görüyor musunuz?,opus_opensubtitles_tr
Batıyorlar.,Bu kütüklerden sonsuza dek taşısak bile tutmazlar.,opus_opensubtitles_tr
Siz nereye inşa ederdiniz?,"Daha aşağı tarafa, efendim.",opus_opensubtitles_tr
Dar boğazın iki tarafına.,"O konumda, iki kıyıda sert kayalar olur.",opus_opensubtitles_tr
"Hughes, bu sizin köprünüz olsaydı, adamlarınızı ne şekilde kullanırdınız?",Şimdiki gibi değil.,opus_opensubtitles_tr
"Bu yöntem, gördüğünüz gibi, bir kargaşa.",Koordinasyonsuz bir çalışma:,opus_opensubtitles_tr
Takım çalışması yok.,Bazı gruplar birbirleri aleyhinde çalışıyorlar.,opus_opensubtitles_tr
Evet.,"Bakın baylar, elimizde bir sorunumuz var.",opus_opensubtitles_tr
"Japonlar sayesinde, bir güruha kumanda ediyoruz.","Ne talimat var, ne de disiplin.",opus_opensubtitles_tr
-Vazifemiz taburu baştan kurmaktır.,"-Evet, efendim.",opus_opensubtitles_tr
Ki bu hiç kolay olmayacak.,-Köprü.,opus_opensubtitles_tr
"-Köprü mü, efendim?",Batılıların nasıl çalıştıklarını gösterip... onları utandıracağız.,opus_opensubtitles_tr
Bir İngiliz askerinin neler yapabileceğini göstereceğiz.,Evet.,opus_opensubtitles_tr
"Anlıyorum, efendim.",İhtiyaçlarınızın elinizin altında olmadığı bu yerde zorluklarla karşılaşacağınızı biliyorum.,opus_opensubtitles_tr
-İşte mücadeleniz.,"-Anlayamadım, efendim.",opus_opensubtitles_tr
Köprüyü gerçekten inşa etmelerini mi istiyorsunuz?,Genelde bu kadar yavaş anlamazdın.,opus_opensubtitles_tr
Adamlarımızı tanıyorum.,Onları meşgul edecek birşeyler gerek.,opus_opensubtitles_tr
"Hiç iş olmasaydı bile, yaratırdık.","-Yapardık, efendim.",opus_opensubtitles_tr
-Yani şanslıyız.,Fakat esaslı bir köprü olacak.,opus_opensubtitles_tr
Tekrar ediyorum.,Adamlarımı tanıyorum.,opus_opensubtitles_tr
Yaptıkları işten gurur duymaları esastır.,"-Değil mi, beyler?",opus_opensubtitles_tr
"-Evet, efendim.","Reeves, bir mühendis olarak yetkili kişi sensin.",opus_opensubtitles_tr
"Nelere ihtiyacın olduğunu söyle, Hughes ve ben temin edelim.",-Başarabilecek miyiz?,opus_opensubtitles_tr
"-Elimizden geleni yapacağız, efendim.",-Güzel.,opus_opensubtitles_tr
Planları çizdikten sonra Saito ile toplantı ayarlayıp onu yola sokmalıyız.,"Bu, tüm formaliteleri kapsıyor.",opus_opensubtitles_tr
Şimdi...,"A, evet.",opus_opensubtitles_tr
"Sırada, korkarım hoşunuza gitmeyecek bir mevzu var.","Üzgünüm ama, köprünün konumu hem aceleyle hem de yanlış tayin edilmiş.",opus_opensubtitles_tr
"Maalesef, öyle.",Mühendisimiz Binbaşı Reeves bölgeyi dikkatle inceledi ve oradaki nehir tabanının çok yumuşak olduğuna karar verdi.,opus_opensubtitles_tr
Çamur.,Şimdiye kadar tüm yapılanlar oldukça yararsız.,opus_opensubtitles_tr
"-Reeves, devam et.","-Evet, efendim.",opus_opensubtitles_tr
"-Reeves, devam et.","-Evet, efendim.",opus_opensubtitles_tr
Albay Saito.,Ben testleri yaptım.,opus_opensubtitles_tr
Temel kazıklar köprüyü taşıyabilmek için su seviyesinin altına çakılmalıydı.,Bu haliyle üzerinden geçecek ilk trenle yıkılacaktır.,opus_opensubtitles_tr
"Bak, hepsi burada.",Basınç ve toprak direnci için 6.5 cm kare başına tonlar düşüyor.,opus_opensubtitles_tr
"Reeves, detaylara geçmeden...","Albay,birer fincan çay alabilir miyiz?",opus_opensubtitles_tr
"Sanırım hepimiz, olası bir felaketten kaçınmak için... nehrin 400 m. daha aşağısında",Reeves'in seçtiği yerde yeni bir köprü yapımı için hemfikiriz.,opus_opensubtitles_tr
Diğer konuya geçelim.,Diğer konuya geçelim.,opus_opensubtitles_tr
-Sonra?,Adamlarımızın iş kotalarını değiştirmeye karar verdim.,opus_opensubtitles_tr
-Değiştirmek mi?,-Arttırdım.,opus_opensubtitles_tr
1.5 metreden 2 m.' ye çıkardım.,Eminim tasvip edersiniz.,opus_opensubtitles_tr
Tüm detaylar Binbaşı Hughes'de mevcut.,Devam eder misin?,opus_opensubtitles_tr
Tüm projeyi detaylı bir şekilde inceledim.,"Bakın, mevcut kuvvetler kötü bir şekilde dağıtılmışlar.",opus_opensubtitles_tr
"Çalışan ekiplerin düzenini gözden geçirip, düzeltmek istiyorum.",Bir dakika.,opus_opensubtitles_tr
"Albay, işimize yemek yerken devam edersek zaman kazanmış oluruz.",Burada yemek mümkün olabilir mi?,opus_opensubtitles_tr
Tabii ki.,-Devam edin.,opus_opensubtitles_tr
"-Peki, efendim.","Ekipleri çoğaltıp, vazifelerini uzmanlık alanlarına göre saptarsak eminim ki günlük randıman 30% civarında artış gösterecektir.",opus_opensubtitles_tr
"Şimdi, Albay Saito, bir mevzu daha var...","Şimdi, alınması gereken bir önemli karar daha var ki ertelenemez.",opus_opensubtitles_tr
İngilizler köprü üzerinde çalışacaklarına göre tren yolu işi için elimizde çok az kişi kalacak.,"Trenyolu ekibine takviye olarak, sizden adamlarınızın bazılarını ödünç istemek zorundayım ki, hattın son bölümü de çabuk tamamlansın.",opus_opensubtitles_tr
Ben talimatımı verdim.,Adamlarınız için günlük iş kotası tayin etmeliyiz.,opus_opensubtitles_tr
Aşırı yorulmamaları için 1 .5 m. olarak düşünmüştüm ama bizimkilerle aynı oranda olması daha iyi olmaz mı?,Böylece sağlıklı bir rekabet ortamı da doğmuş olur.,opus_opensubtitles_tr
Ben talimatımı verdim.,"Bunun üstesinden gelmeye çalışırız, değil mi?",opus_opensubtitles_tr
"Evet, efendim.",Sanırım gündemimizdekiler bu gecelik bu kadar.,opus_opensubtitles_tr
"İlginize teşekkürler, Albay Saito.",Başka sorusu olan var mı?,opus_opensubtitles_tr
Bir soru:,Köprüyü zamanında bitirebilir misiniz?,opus_opensubtitles_tr
"Açıkça, bu konudaki fikir birliğimiz bunun mümkün olmadığı doğrultusunda.",Ama kesinlikle deneyeceğiz.,opus_opensubtitles_tr
Talihsiz bir anlaşmazlıktan ötürü bir ay kaybettiğimizi unutmayınız ki bunun sorumlusu ben değildim.,Başka birşey?,opus_opensubtitles_tr
Hayır.,Teşekkür ederim.,opus_opensubtitles_tr
Toplantı bitmiştir.,İyi geceler.,opus_opensubtitles_tr
Umarım Japonlar onlar için yaptıklarımızı takdir ederler.,Şu an için takdirleri beni ilgilendirmiyor.,opus_opensubtitles_tr
"-İyi geceler, Clipton.","Bu arada, şunu söylemeliyim ki efendim burada karaağaca benzer ağaçlar var.",opus_opensubtitles_tr
Ve de Londra Köprüsünün karaağaç kazıkları 600 yıldır dayanıyor.,"-600 yıl mı, Reeves?",opus_opensubtitles_tr
"-Evet, efendim.",Bu herkese nasip olmaz.,opus_opensubtitles_tr
Kumandan Shears adında bir Amerikalıyı arıyorum.,"-Evet, aşağıdaki plajda.",opus_opensubtitles_tr
-Çok teşekkürler.,Öpücük!,opus_opensubtitles_tr
Etrafta çok göz var.,Etrafta çok göz var.,opus_opensubtitles_tr
"Pudra ve hap verip, banyo yaptırıp, iğne ve lavman yapıyorsun ama...",Benim tek ihtiyacım aşk.,opus_opensubtitles_tr
Doğru.,Tek ihtiyacın aşk.,opus_opensubtitles_tr
Rapor alabileceğinden nasıl bu kadar emin olabiliyorsun?,"Çünkü ben aslında bir sivilim, sevgilim.",opus_opensubtitles_tr
Ve hep kalbimin sesini dinlerim.,Öpücük.,opus_opensubtitles_tr
"Bu nasıldı, kumandan?",Bana kumandan deme.,opus_opensubtitles_tr
Hiç romantik değil.,Sen de bir subaysın.,opus_opensubtitles_tr
Sana Teğmen Sevgilim desem hoşuna gider miydi?,Demokratik olalım.,opus_opensubtitles_tr
"Bana sadece ""efendim"" de.","Peki, efendim.",opus_opensubtitles_tr
Bir yüksek rütbeli.,Seni istiyor.,opus_opensubtitles_tr
Senin olsun.,-Ben yüzeceğim.,opus_opensubtitles_tr
-Beni bırakma!,-Kumandan Shears?,opus_opensubtitles_tr
-Evet.,Benim adım Warden.,opus_opensubtitles_tr
-Nasılsınız?,-Davetsiz geldiğim için...,opus_opensubtitles_tr
"Önemli değil, binbaşı.",Alışkınım.,opus_opensubtitles_tr
Martini alır mısınız?,-Çok naziksiniz.,opus_opensubtitles_tr
Almayacağım.,-Peki benim almamın sakıncası var mı?,opus_opensubtitles_tr
-Bunu nasıl alabildiniz?,"-Burası hastane, Binbaşı.",opus_opensubtitles_tr
"Hastane olan bir yerde, alkol de vardır.","Evet, elbette.",opus_opensubtitles_tr
Çok hoş.,Olabildiğince kısa konuşacağım.,opus_opensubtitles_tr
Kuvvet 316 adında oldukça ilginç bir grubun üyesiyim.,Karargahımız Botanik Bahçeleri'nde.,opus_opensubtitles_tr
-Kıymetli bitkileri düşmanlardan mı koruyorsunuz?,Pek sayılmaz.,opus_opensubtitles_tr
-Martini istemediğinize emin misiniz?,"-Hayır, teşekkürler.",opus_opensubtitles_tr
Üzerinde çalışmış olduğunuz tren yoluyla ilgileniyoruz.,Bize çok değerli bilgiler verebilirsiniz.,opus_opensubtitles_tr
"Şey, birkaç gün sonra Amerika'ya dönüyorum ve tüm bildiklerimi sizlere anlattım.",Ama bize oldukça özel bir anlamda yardım edebilirsiniz.,opus_opensubtitles_tr
"Çok zahmet olacak ama, gelip bizi görme imkanınız var mı acaba?","Aynı şeyleri dinlemek istiyorsanız, tabii.",opus_opensubtitles_tr
Çok naziksiniz.,Lord Louis size minnettar kalacak.,opus_opensubtitles_tr
-Hangi Lord?,-Tepenin efendisi.,opus_opensubtitles_tr
Onun özel adamlarındanız.,"Bu akşam diyelim mi, o halde?",opus_opensubtitles_tr
8:00 gibi.,Size araba yollarım.,opus_opensubtitles_tr
Bu akşam mı?,Mümkün değil.,opus_opensubtitles_tr
O halde yarın sabah?,10:00 gibi?,opus_opensubtitles_tr
"-Tamam, 10.",-Çok teşekkürler.,opus_opensubtitles_tr
Cheerio.,Bol şans.,opus_opensubtitles_tr
Teşekkürler.,Çok üzgünsün ama bu akşamki randevumuza gelemeyeceksin.,opus_opensubtitles_tr
Daha fazla yanılamazdın.,"-Geçiş izninizi görebilir miyim, efendim?",opus_opensubtitles_tr
"-Oh, evet.",Devam et şoför.,opus_opensubtitles_tr
Binbaşı Warden'ın bungalovu yolun sonunda.,Pekala.,opus_opensubtitles_tr
Teşekkürler.,"Aferin, Jenkins.",opus_opensubtitles_tr
Aferin!,"Haydi, Thomson.",opus_opensubtitles_tr
"Bıçağını kullan, evlat.",Ayağa kalk!,opus_opensubtitles_tr
Sorgu odasına.,Kıpırda!,opus_opensubtitles_tr
Ayağa kalk!,Sorgu odasına.,opus_opensubtitles_tr
Kıpırda!,"Çok hantalsın, Joyce, çok hantal.",opus_opensubtitles_tr
"Bıçağını her zaman anında kullanmalısın, Joyce.","Bak, ona fırsat verdin.",opus_opensubtitles_tr
Dur bir dakika!,"-Çok üzgünüm, efendim.",opus_opensubtitles_tr
-Üzgün müsünüz?,"-Ben de öyle, efendim.",opus_opensubtitles_tr
-Düşman olduğunuzu sandım.,"-Amerikalıyım, eğerbunu kastettiyseniz.",opus_opensubtitles_tr
"-Hepsi bu kadar, Joyce.","-Evet, efendim.",opus_opensubtitles_tr
"Üzgünüm, efendim.","-Size nasıl yardımcı olabilirim, efendim?",opus_opensubtitles_tr
-Binbaşı Warden'ı görecektim.,"-Size yolu göstereyim, efendim.",opus_opensubtitles_tr
Dersi bitmek üzere olmalı.,"-Dersinin sonu bu, efendim.",opus_opensubtitles_tr
-Gümbürtülü alkış.,"Eğitimi gerçek hayatla, olabildiğince bağdaştırmaktan yanadır.",opus_opensubtitles_tr
"-Binbaşı Warden, efendim?",-Evet?,opus_opensubtitles_tr
Geldiğinize sevindim.,-Sizinle ilgilenildi mi?,opus_opensubtitles_tr
-Oldukça.,"-Teşekkürler, asker.",opus_opensubtitles_tr
Öyleyse gelin.,Albay Green sizinle tanışmaya can atıyor.,opus_opensubtitles_tr
"-Güzel bir yer, değil mi?",-Komando okulu olduğunu bilmiyordum.,opus_opensubtitles_tr
Bu kelimeyi kullanmamaya çalışırız.,Kulağa aşırı duygusal geliyor.,opus_opensubtitles_tr
-Burada ne yapıyorsunuz?,"-Sabotaj, yıkım, bu tür şeyler.",opus_opensubtitles_tr
Şimdi plastik patlayıcılar kullanıyoruz.,Harika birşey.,opus_opensubtitles_tr
Bu patlama sesi bunun yarısı büyüklüğünde bir parça ile yapıldı.,Gelignitten iki kat daha güçlü hem de yarısı ağırlığında.,opus_opensubtitles_tr
Patlatılmadığı sürece oldukça zararsızdır.,Söylediğiniz için teşekkürler.,opus_opensubtitles_tr
Tamamen suya dayanıklı ve aslında bir plastik.,Gördün mü?,opus_opensubtitles_tr
Onunla istediğinizi yapabilirsiniz.,Burası benim yerim.,opus_opensubtitles_tr
Girin.,"Oh, bir fincan çay için can atıyorum.",opus_opensubtitles_tr
-Siz de alır mıydınız?,"-Hayır, teşekkürler.",opus_opensubtitles_tr
-Bir içki?,"-Hayır, teşekkürler.",opus_opensubtitles_tr
"-Bir kişilik çay , Peter.","-Tabii, efendim.",opus_opensubtitles_tr
Bunu siz mi okuyorsunuz?,Savaştan önce Cambridge'de Doğu dilleri okutuyordum.,opus_opensubtitles_tr
Kaçışınızdan dolayı sizi tebrik etmedim.,İyi iş becerdiniz!,opus_opensubtitles_tr
"Eğer sahil kurtarma uçağınız beni fark etmeseydi, burada olamazdım.",Bence de...,opus_opensubtitles_tr
Sizi nerede bulduklarını görmek ister misiniz?,Pekala.,opus_opensubtitles_tr
Bilgilerimiz yetersiz.,Sadece sizin raporunuza dayanıyor.,opus_opensubtitles_tr
Kampın şurada olduğunu sanıyoruz.,Albay Nicholson'a ne olduğu hakkında bir fikriniz var mı?,opus_opensubtitles_tr
Cesur biriydi.,"Onu vurmak üzereydiler ama o, gözünü bile kırpmadı.",opus_opensubtitles_tr
"Vurulmak üzereyken, yapılacak fazla birşey yoktur.",Burası Kwai Nehri... ve şurası da size yardım edilen köy.,opus_opensubtitles_tr
Bu da tren hattı.,Bu bölgeye oldukça aşina olmalısınız.,opus_opensubtitles_tr
"Hayır, zamanın yarısında kendimde değildim.",Tren hattı şurada Singapur'da başlıyor.,opus_opensubtitles_tr
"Malaya, Bangkok, Rangoon.","Amaçları, Hindistan'ın içlerine kadar ilerlemek.",opus_opensubtitles_tr
-Ben nerede bulunmuştum?,-Buralarda.,opus_opensubtitles_tr
"Bildiğin gibi Japonlar, Bangkok-Rangoon hattını Mayıs ortalarında açmayı istiyorlar.",Doğal olarak onları engellemeye çalışacağız.,opus_opensubtitles_tr
Bombacıların yeteri kadar yük taşımaları için çok uzak.,Onu karadan parçalamamız gerekecek.,opus_opensubtitles_tr
-Nasıl?,"-Paraşütle atlayıp, sonra yürüyerek.",opus_opensubtitles_tr
Yıkıcı donatımla bu ormanın içinde mi?,En önemli sorunumuz doğrudan bilgi eksikliğimiz.,opus_opensubtitles_tr
"Çünkü, hiçbirimiz daha önce orada bulunmadık.",-Hevesinizi kırmak istemem...,opus_opensubtitles_tr
-Çok ilginç olmalı.,Albay Green Kwai köprüsünü bana verdi.,opus_opensubtitles_tr
Patlatmak için bir ekip götüreceğim.,Çok şanslısınız.,opus_opensubtitles_tr
-Çay almayacağınızdan emin misiniz?,"-Hayır, teşekkürler.",opus_opensubtitles_tr
Kabalık etmek istemem ama saat 14:00'de bir randevum var.,-Sormak istediğiniz birşey varsa...,opus_opensubtitles_tr
"-Elbette, bağışlayın.",Aslında sadece tek bir sorum var.,opus_opensubtitles_tr
Geri dönmeyi düşünür müsünüz?,Tekrar gitmek mi?,opus_opensubtitles_tr
Sizden çok şey isteniyor belki ama amacımıza erişmek için şahsi bilginize ihtiyacımız var.,Bize katılmanızı çok isteriz.,opus_opensubtitles_tr
Beni buraya bu yüzden mi getirdiniz?,"Şey, açıkçası, evet.",opus_opensubtitles_tr
Daha yeni çıktım oradan.,Kaçışım bir mucizeydi.,opus_opensubtitles_tr
Şimdi de geri dönmemi bekliyorsunuz!,Saçmalık bu!,opus_opensubtitles_tr
-Bu çok utanç verici...,-Geri gidemem.,opus_opensubtitles_tr
Ben sizin mensubunuz değilim.,Amerikan Donanması mensubuyum.,opus_opensubtitles_tr
"Aslına bakarsanız, Albay Green bu meseleyi sizinkilerle görüştü.",-Bizimkilerle mi?,opus_opensubtitles_tr
-Donanma sizi bize devretti.,Dün sabah Pasifik'ten gelen bir sinyal Kuvvet 316'daki göreviniz için geçici transferinize izni verdi.,opus_opensubtitles_tr
-Bunu yapamazlar!,-Korkarım yaptılar bile.,opus_opensubtitles_tr
Size nasıl söyleyeceğimi bilmiyordum.,Bunu bana yapamazlar.,opus_opensubtitles_tr
Donanmam bir hata yapmış!,Bakın.,opus_opensubtitles_tr
Ben Donanma kumandanı değilim.,Bir subay bile değilim.,opus_opensubtitles_tr
Bunların hepsi yalan.,"Ben sadece sıradan bir temizlikçiyim, 2. sınıf.",opus_opensubtitles_tr
"Houston battığında, kıyıya gerçek bir kumandanla beraber çıktık.",Bir Japon devriyesine yakalandık.,opus_opensubtitles_tr
O öldürüldü.,Benim de yakalanmam an meselesiydi...,opus_opensubtitles_tr
Siz de ölünün kıyafetlerini giydiniz.,Subayların esir kamplarında daha iyi muamele göreceklerini sanmıştım.,opus_opensubtitles_tr
-Çok dokunaklı.,-Üniforma işe yaramadı.,opus_opensubtitles_tr
"Ama Saito, subayları da diğerleri gibi çalıştırdı.","Beklenmedik şeyler hep olur, değil mi?",opus_opensubtitles_tr
"Subay olmaya alışmaya başlamıştım ve hastaneye getirildiğimde önce erlerin, sonra da subayların koğuşuna bir göz attım ve kendi kendime dedim ki, ""Bir süre için subay olmaktan birşey çıkmaz.""",Kesinlikle bazı avantajları da vardı.,opus_opensubtitles_tr
Bir tanesine plajda şahit oldum.,Bütün hikaye bu.,opus_opensubtitles_tr
"Kısacası, beni kullanamazsınız.",Sizin istediğiniz bir Amerikan komutanı olan Shears ki o artık hayatta değil.,opus_opensubtitles_tr
"Donanma gerçeği öğrendiğinde, diyecek ki:","""Bir subayın kimliğine büründüğü için onu buraya gönderin.""",opus_opensubtitles_tr
"-İşte o zaman, başarmış olacağım.",-Neyi başarmış olacaksınız?,opus_opensubtitles_tr
-Başarmış!,-Bir içki alabilirim şimdi.,opus_opensubtitles_tr
-Tabii.,Sağlık nedeniyle rapor isteyeceğim.,opus_opensubtitles_tr
Ormanda aklımı kaçırdığım için bir subayın yerine geçtiğimi söyleyeceğim.,Daha da kötüye gidiyorum biliyor musunuz?,opus_opensubtitles_tr
Bazen kendimi Amiral Halsey sanıyorum.,Çok akıllıca bir plan.,opus_opensubtitles_tr
"Akıllıca demek yetmez, dört dörtlük.","Donanmam benim kim olduğumu öğrenirse o talimatların, üzerine yazılan kağıtlar kadar bile değeri kalmaz.",opus_opensubtitles_tr
Bu senin fotografın mı?,-Nerden buldunuz bunu?,opus_opensubtitles_tr
-Biraz zor oldu.,-Sizinkiler sizi teşhis edemediler başta.,opus_opensubtitles_tr
Sonunda donanmanız sicil dosyanızın bir kopyasını bize gönderdi.,"Fotoğraf, parmak izleri.",opus_opensubtitles_tr
Burda herşey var.,Bakmak ister misiniz?,opus_opensubtitles_tr
Gerçek mevkiinizi yaklaşık bir haftadan beri biliyoruz.,Donanmanız zor bir durumda.,opus_opensubtitles_tr
"Evet, o ormandan kaçmayı başarabildiğiniz için bir kahramansınız.","Ama, bir subay kimliğine büründüğünüz için size madalya da veremezler.",opus_opensubtitles_tr
Sanırım bu yüzden sizi bize devretmekten çok mutlu oldular.,-Anlıyor musunuz?,opus_opensubtitles_tr
-Fırlatılıp atıldım.,"Mevkiinize gelince biz, Kuvvet 316 mensupları bu konuda pek resmi değilizdir.",opus_opensubtitles_tr
Bir binbaşı taklidi yapabilirsiniz.,Bir binbaşı taklidi.,opus_opensubtitles_tr
Olabilir.,"Madem ki buraya çakıldım kaldım, bari gönüllü olayım.",opus_opensubtitles_tr
Çok güzel!,"Albay Green, bu Binbaşı Shears.",opus_opensubtitles_tr
Az önce köprüyü uçurmak için bana yardımcı olmaya gönüllü oldu.,Gerçekten mi?,opus_opensubtitles_tr
Çok güzel!,"Çok çok güzel, binbaşı!",opus_opensubtitles_tr
"Hasta koyuna git, Baker.",Ayağın mikrop kapmış.,opus_opensubtitles_tr
Albay hasta numarası yaptığımı zannedecek.,Sağlık yetkilisi benim.,opus_opensubtitles_tr
Acele et!,Biri bana söyleyebilir mi neden yaşlı adam bizden düzgün bi köprü yapmamızı istiyor?,opus_opensubtitles_tr
Yaşlı Nick için endişelenme.,"O, ne yaptığını iyi bilir.",opus_opensubtitles_tr
Ziyaret zamanın geldi.,Çocuklar iyi iş çıkarıyorlar.,opus_opensubtitles_tr
Evet.,Nasıl davranıyor?,opus_opensubtitles_tr
Görevi üstlendiğimizden beri çok mantıklı biri oldu.,-Ne düşünüyor?,opus_opensubtitles_tr
-Hiçbir fikrim yok.,"-Teşekkürler, Reeves.",opus_opensubtitles_tr
"-Rica ederim, efendim.",Ne düşünüyorsun?,opus_opensubtitles_tr
"Zorlu bir iş, değil mi?",Bu köprüyü inşa etmenin iyi bir fikir olduğuna inanıyor musunuz?,opus_opensubtitles_tr
-Ciddi misin?,"-Evet, efendim.",opus_opensubtitles_tr
İyi fikir mi?,Bir daha bak.,opus_opensubtitles_tr
Sence moralleri yükselmedi mi?,Disiplin yeniden ele alınmadı mı?,opus_opensubtitles_tr
Sağlık durumları düzelmedi mi?,"Daha mutlular, değiler mi?",opus_opensubtitles_tr
Daha iyi besleniyor ve artık işkence görmüyorlar.,"-Evet, hepsi doğru.",opus_opensubtitles_tr
-Peki sonra?,"Doğrusu, Clipton, bazen seni hiç anlayamıyorum.",opus_opensubtitles_tr
"Daha açık konuşayım, efendim.","Şu var ki, yaptığımız şey, bağışlayın ama efendim düşmanla işbirliği olarak yorumlanabilir.",opus_opensubtitles_tr
Hatta vatana ihanet.,Sen iyi misin?,opus_opensubtitles_tr
Biz savaş mahkumlarıyız.,Çalışmayı reddetmek hakkına sahip değiliz.,opus_opensubtitles_tr
"Bunu anlıyorum, efendim.",Ama bu kadar mı iyi çalışmalıyız?,opus_opensubtitles_tr
"Bunu anlıyorum, efendim.",Ama bu kadar mı iyi çalışmalıyız?,opus_opensubtitles_tr
Kendi yapacaklarından daha iyisini mi yapmak zorundayız?,"Saito'yu ameliyat etsen, elinden geleni mi yapar, ölümemi bırakırdın?",opus_opensubtitles_tr
İşsizlik içinde bölünmemizi mi tercih ediyorsun?,Ya da düzgün bir iş yapamadığımızın söylenmesini mi?,opus_opensubtitles_tr
"Bu insanlara, bizi ne fiziksel ne de ruhsal anlamda etkiliyemiyeceklerini göstermemizin ne kadar önemli olduğunun farkında değilmisin?","İyi bak, Clipton.",opus_opensubtitles_tr
Bir gün savaş bitecek.,"Ümit ediyorum ki, ileri yıllarda bu köprüden geçenler buranın nasıl ve kimler tarafından yapıldığını hatırlayacaklardır.",opus_opensubtitles_tr
"Esirler değil, askerler tarafından.","İngiliz askerleri, esarette bile.",opus_opensubtitles_tr
-Evet efendim.,-İyi bir doktorsun fakat ordu hakkında öğrenmen gereken çok şey var.,opus_opensubtitles_tr
Tut onu!,Tut onu!,opus_opensubtitles_tr
Botunu kullan!,"Botunu oraya koy, tamam mı?",opus_opensubtitles_tr
Günaydın!,Nereye bakıyorsunuz öyle?,opus_opensubtitles_tr
İşinize devam edin!,Onu botunla yakala!,opus_opensubtitles_tr
"Geciktiğim için üzgünüm, efendim.",Tam olarak dört dakika.,opus_opensubtitles_tr
Sağlık sorunlarınız mı vardı?,-Efendim?,opus_opensubtitles_tr
-Hemşireyi kastediyorum.,Çok hünerli.,opus_opensubtitles_tr
Warden haklıymış.,Oturun.,opus_opensubtitles_tr
"Sizibugün buraya çağırma nedenim, ekibinizin 4. üyesini seçmemize yardımcı olmanız içindi.",-Bay Joyce'u içeri çağırın.,opus_opensubtitles_tr
"-Evet, efendim.","Chapman, Joyce'u istiyor, ama ben emin değilim.",opus_opensubtitles_tr
Hesaplamaktansa tahmin yapmayı sever.,"Söylediğim gibi bu iş de, iş bittikten sonra bile, hep yapılacak bir iş daha vardır.",opus_opensubtitles_tr
"Okuldaki en iyi yüzücümüz odur efendim, ve iyi bir yüzücüye ihtiyacımız olacak.",Sizin düşüncenizi gayet iyi biliyorum.,opus_opensubtitles_tr
Shears'in görüşünü almak istiyorum.,"Pekala, rahat.",opus_opensubtitles_tr
Bu beyler seni ormanda bir yürüyüşe çıkarmak istiyorlar.,Evet efendim.,opus_opensubtitles_tr
Montreal'de bir muhasebeci miydin?,"Evet, efendim.",opus_opensubtitles_tr
"Pek muhasebeci sayılmaz.Çünkü, belgem yoktu.",Tam olarak ne yapıyordun?,opus_opensubtitles_tr
"Şey, efendim, benden önce üç dört kişi tarafından kontrolden geçmiş ve benden sonra kontrolden geçecek olan çizelgeleri kontrol ediyordum.",-Çok can sıkıcı olmalı.,opus_opensubtitles_tr
"-Evet, efendim, öyleydi.",Buraya nasıl geldin?,opus_opensubtitles_tr
Askere yazılmak için '39'da Londra'ya geldim iki yıl sonra da bu işe gönüllü oldum.,"-Gönüllü, ha!",opus_opensubtitles_tr
"-Evet, efendim.","Bakın, normal Ordu...",opus_opensubtitles_tr
"Devam et, açık konuşabilirsin.","Şey, normal ordu bana sivil hayatımdaki işimi hatırlattı.",opus_opensubtitles_tr
Kafa çalıştırmanız beklenmiyor.,Şunu düşün.,opus_opensubtitles_tr
Bunu soğukkanlılıkla kullanabileceğinden emin misin?,Nasıl kullanılacağını biliyorum.,opus_opensubtitles_tr
Sorduğum şey bu değildi.,Soğukkanlılıkla kullanabilir misin?,opus_opensubtitles_tr
Tereddüt etmeden öldürebilir misin?,"Bu, kendime sıkça sorduğum soruydu.",opus_opensubtitles_tr
Beni oldukça endişelendiriyordu.,Peki cevabın neydi?,opus_opensubtitles_tr
"Gerçekten bilmiyorum, efendim.",Kendimi o şekilde hayal etmeye...,opus_opensubtitles_tr
Öldürmenin bir suç olmadığını kendime anlatmakta güçlük çekiyorum galiba.,"Bu, eski bir ordu problemidir.",opus_opensubtitles_tr
"Pekala, sanırım hepsi bu kadar.","Teşekkür ederim, Joyce.",opus_opensubtitles_tr
Ekiple gidecek miyim?,Sana bildireceğiz.,opus_opensubtitles_tr
Ne demek istediğimi anladın mı?,En azından dürüsttü.,opus_opensubtitles_tr
"O an gelene kadar, bu sorunun cevabını hiçbirimiz bilemeyiz.","Görüşün nedir, Shears?",opus_opensubtitles_tr
"Şey, o bir Kanadalı.",Bu da ekibimizin uluslararası oluşumuna uyuyor.,opus_opensubtitles_tr
"Eğer gitmek istiyorsa, benim yerimi bile alabilir!","Pekala, eğer hepiniz Joyce için aynı fikirdeyseniz, artık sizindir.",opus_opensubtitles_tr
Elimde köy hakkında keşif uçağı raporu var.,Akşam karanlığında atlamanıza yetecek kadar açıklık var.,opus_opensubtitles_tr
-Paraşüt eğitimi almış mıydınız?,"-Hayır, efendim.",opus_opensubtitles_tr
Kahretsin!,Bu çok kötü.,opus_opensubtitles_tr
Tuhaf ama hiç başıma gelmemişti!,"-Şey, o halde...",opus_opensubtitles_tr
"-Evet, o haklı.",Onun için atlama tatbikatı ayarlasak iyi olacak.,opus_opensubtitles_tr
Hemen gidip Freddy ile kontrol edeyim.,"-Pekala, Chapman, gidebilirsin.",opus_opensubtitles_tr
"-Evet, efendim.",Hava kokusu almaya hazır mısın?,opus_opensubtitles_tr
"Evet, efendim.",Ne kadar önemli biri olduğunu anlamıyorsun.,opus_opensubtitles_tr
"Bölge hakkındaki malumatın, köyde edindiğin dostların.",Sanki bizi düşünerek oradan kaçmayı planlamışsın gibi.,opus_opensubtitles_tr
"Bu arada, işte ilgini çekecek birşey.","Yeni ""Ö"" hapı.",opus_opensubtitles_tr
-Ö hapı mı?,-Öldürücünün Ö'sü.,opus_opensubtitles_tr
"Anında, acısız.",Eskilerinden çok daha iyi.,opus_opensubtitles_tr
"Yakalanırsan diye, tabii ki.",Yani canlı olarak yakalanmamamı söylüyorsunuz.,opus_opensubtitles_tr
Bunu tavsiye etmem.,"Anlıyorsunuz, içinizden biri incinir ya da yaralanırsa onu bırakmak zorundasınız.",opus_opensubtitles_tr
Amacımıza ulaşmak başta gelmeli.,"Colonel, gerçek görüşümü duymak ister misiniz?",opus_opensubtitles_tr
Onların önünde söylemek istemedim.,"Anlıyorum, devam et.",opus_opensubtitles_tr
Chapman idare eder.,Çok soğukkanlı biri.,opus_opensubtitles_tr
Joyce...,O da idare eder.,opus_opensubtitles_tr
-Ama Warden'ı bilemiyorum.,- Neden?,opus_opensubtitles_tr
Cambridge'de öğretmenlik vesaire.,Bir çocuğun çatapatlarla oynaması gibi patlayıcalra oynamak bir yana...,opus_opensubtitles_tr
"Tecrübesiz biri değil, biliyorsunuz.","Singapur çöktüğü zaman, o geride kalarak iki köprü patlattı ve bir ya da iki tren de!",opus_opensubtitles_tr
Japonlar onu yakalamadan önce daha pek çok iş başardı.,"-""onu yakalamak"" mı?",opus_opensubtitles_tr
"-Evet, etkileyici bir hikaye.","Efendim, çok üzücü.",opus_opensubtitles_tr
Zaman açısından... birkaç tatbiki atlayışların değmeyeceğini söylüyorlar.,Tek bir atlayışta yaralanma ihtimali 50% imiş.,opus_opensubtitles_tr
"İki atlayışta, 80%.","Üç atlayışta ise, ölüm ihtimali kesin gibiymiş.",opus_opensubtitles_tr
"Bizce, Shears'ın yapacağı en mantıklı şey gidip atlamak ve en iyi atlayışı ümit etmek.",Paraşütlü mü paraşütsüz mü?,opus_opensubtitles_tr
"Oh, çok iyiydi!",""" Paraşütlü mü, paraşütsüz mü?""",opus_opensubtitles_tr
Ağaçların arasında!,"Yai diyor ki, Kwai'ye senin yolundan gidemeyiz.",opus_opensubtitles_tr
Çok fazla Japon devriyesi varmış.,Ormanın içinden kuzeye ilerleyeceğiz.,opus_opensubtitles_tr
Ormanın içinden kuzeye ilerleyeceğiz.,-Kim rehberlik yapacak?,opus_opensubtitles_tr
"-Yai,kendisi.",Japonlardan nefret ediyor.,opus_opensubtitles_tr
Bütün adamlarını almışlar.,Yani elimizdeki kadınları kullanacağız.,opus_opensubtitles_tr
-Elimizdeki kadınlar!,"-Becerebilirler, bana söylenen.",opus_opensubtitles_tr
-Elimizdeki kadınlar!,"-Becerebilirler, bana söylenen.",opus_opensubtitles_tr
Geceyi burada geçirmenin tehlikeli olduğunu söylüyor.,5 km. uzaklıkta bir düşman kampı olduğu için ormanın içinde uyumak zorundayız.,opus_opensubtitles_tr
-Chapman ne olacak?,-Yai onu ve paraşütünü gömecek.,opus_opensubtitles_tr
Bir sorun mu var?,Sadece düşünüyordum.,opus_opensubtitles_tr
Sen Yai'nin dilini biliyorsun.,Bense bilmiyorum.,opus_opensubtitles_tr
"Sizi Kwai nehrine o götürecek, hem de benim daha önce hiç gitmediğim bir yoldan.",Biri bana bu ekip için neden çok gerekli olduğumu söyleyebilir mi?,opus_opensubtitles_tr
Ne hissettiğini anlıyorum ama her zaman beklenmedik şeyler çıkabilir.,Bunu Chapman'a anlat.,opus_opensubtitles_tr
Haydi gidelim!,Devam et!,opus_opensubtitles_tr
Çok tatlısın.,İşini seve seve yap!,opus_opensubtitles_tr
"Evet, efendim",Sülükler.,opus_opensubtitles_tr
Kımıldamamanı söylüyor.,Sırtındaki sülükleri temizleyecek.,opus_opensubtitles_tr
Senin gibi bir kızın böyle bir yerde işi ne?,"Eğer istersen, sana bunu Siyamca söylemeyi öğreteyim.",opus_opensubtitles_tr
"Hayır, bu havayı bozar.",Fazla konuşma havayı hep bozar.,opus_opensubtitles_tr
"-O şeyin nesi var, Joyce?",-Bilmiyorum efendim.,opus_opensubtitles_tr
Kötü bir darbe almış.,Güçlü bir sinyal alamıyorum.,opus_opensubtitles_tr
Ben söyleyeyim.,"lslak, küflü, paslı ve çürük bu ormandaki herşey gibi.",opus_opensubtitles_tr
Hatta çöpe atabilirsin!,Radyo Tokyo programı sona erdi.,opus_opensubtitles_tr
En cana yakın düşmanınız der ki sakin olun ve hiçbir işe gönüllü olmayın.,"Burada dah fazla kalırsak, tamamen ıslanacağız.",opus_opensubtitles_tr
"-Şifreyi çözdüm, efendim.","-Oku, haydi!",opus_opensubtitles_tr
"Evet, efendim. "" Bir: ilk köprü çalışması bırakılmıştır.",Yeni inşaat ilk yerinin akıntı yönündedir.,opus_opensubtitles_tr
İki: düşman Bangkok'dan Rangoon'a askeri birlikler ve önemli kişiler taşıyacak bir tren ile tren hattını açmayı planlıyor.,"Hedefin tahmini varış zamanı, ayın 1 3'ü, öğleden önce.",opus_opensubtitles_tr
Üç: trenin geçişiyle eşzamanlı patlatma.,Dört: iyi avlar.,opus_opensubtitles_tr
"İyi eğlenceler."" Hepsi bu kadar, efendim.",Bir tren ve bir köprü!,opus_opensubtitles_tr
"Evet efendim, gerçekten bir gösteri olacak.","Oraya zamanında varabilir miyiz, efendim?",opus_opensubtitles_tr
"Yai, Kwai'den iki-üç gün uzaklıkta olduğumuzu söylüyor.","Daha hızlı ilerlersek, 1 2'sinde gün batımından önce orada olabilirmişiz.",opus_opensubtitles_tr
"Tren için değer, öyle değil mi?","Oh, elbette.",opus_opensubtitles_tr
İyi bir av.,Harika bir iş.,opus_opensubtitles_tr
Çok eğlenceli.,"Radyoyu tamir etmeseydin, treni bilemeyecektik.",opus_opensubtitles_tr
"Her zaman beklenmedik bir şeyler çıkar, değil mi?",Düzenleme ve düzeltmeler: michi ve hikmet 2004,opus_opensubtitles_tr
İşini bitir!,Acele et!,opus_opensubtitles_tr
Kulübeye git.,"Ah, tabii.",opus_opensubtitles_tr
"Yeni gelen mahkumlar mezar kazdığımızı görürlerse, kaçabilirler.",Şakanın sırası değil.,opus_opensubtitles_tr
İşini bitir!,Kaz!,opus_opensubtitles_tr
Bizi hasta listesine koysan nasıl olur?,"İnsaflı olun, yüzbaşı.",opus_opensubtitles_tr
Bizi hastaneye yatırın.,Siz hasta değilsiniz.,opus_opensubtitles_tr
Hiç olmadınız.,"Neden hep hasta numarası yapıyorsun, Shears?",opus_opensubtitles_tr
Başımın üzerine böyle birşey istemediğimden herhalde.,"Yüzbaşı Kanematsu, sigaraya ne dersiniz?",opus_opensubtitles_tr
Bu sabah verdim ya.,İkinize de.,opus_opensubtitles_tr
Ben de bunu diyordum.,İyiliğinizin karşılığını vermek istiyorum.,opus_opensubtitles_tr
"Bu sabah verdiğiniz sigara gibi, içten gelerek verilen bir hediyeyi... asla unutmam...",O yüzden bu çakmağı almanızı istiyorum.,opus_opensubtitles_tr
Çaldığımı düşünüyorsunuz değil mi?,Az önce gömdüğümüz İngiliz çocuğun çakmağıydı.,opus_opensubtitles_tr
Ona yaptığım bir iyiliğe karşılık bana vermişti.,"Ölmeden önce, ben de aynı şeyi size yapmak istiyorum.",opus_opensubtitles_tr
"Tuhaf adamsın, Shears.",Hasta listesine kondun.,opus_opensubtitles_tr
O da.,Bir gün Albay Saito ona rüşvet verdiğini anlayacak...,opus_opensubtitles_tr
Ee o zaman?,"O anlayana kadar biz çoktan uzaklarda olacağız, dostum.",opus_opensubtitles_tr
"Peki, haydi bitirelim.",Burada yatan...,opus_opensubtitles_tr
- Az önce kimi gömdüğümüzü unuttum.,Thomson.,opus_opensubtitles_tr
"Ah, evet.",Burada yatan Onbaşı Herbert Thomson seri numarası 0-1-2-3- 4-5-6-7.,opus_opensubtitles_tr
"1943'de Beriberi'den ölmüş,",Kings Own veya Queens Own ya da her neyse onun cesur üyesi ve şerefiyle ölen...,opus_opensubtitles_tr
-Ne uğruna ölmüştü?,-Haydi yapma.,opus_opensubtitles_tr
Ölenle alay edilmez.,Ölenle alay falan etmiyorum.,opus_opensubtitles_tr
Huzur içinde yatsın.,Bu huzuru hayattayken pek bulamadı.,opus_opensubtitles_tr
"""A"" Bölüğü, yerinde say!",Dur!,opus_opensubtitles_tr
Sola dön!,Rahat.,opus_opensubtitles_tr
"Bayağı yoğun mezarcılar olacağız, Weaver.",Aferin.,opus_opensubtitles_tr
Bu albay neyin içinde olduğunu bilmiyor.,Ona gerçeği anlatacak mısın?,opus_opensubtitles_tr
Tabii ki hayır.,"Sen ne bir subaysın, ne de bir centilmen.",opus_opensubtitles_tr
Adım Nicholson.,Ben Albay Saito.,opus_opensubtitles_tr
Majesteleri adına...,Size hoşgeldiniz diyorum.,opus_opensubtitles_tr
"Bu kampın, yani yakında Bangkok'u Rangoon'a bağlayacak olan büyük tren yolundaki 16. kampın kumandanıyım.","Siz İngiliz mahkumlar, Kwai Nehri üzerine bir köprü inşa etmek üzere seçildiniz.",opus_opensubtitles_tr
Keyifli ve beceri isteyen bir iş olacak.,Subaylar da siviller gibi çalışacaklar.,opus_opensubtitles_tr
Japon Ordusu tembel olanları beslemez.,"Çok çalışırsanız, karşılığını alırsınız.",opus_opensubtitles_tr
Ama eğer çok çalışmazsanız cezalandırılacaksınız.,Kaçmakla ilgili şunları söyleyeyim:,opus_opensubtitles_tr
Burada dikenli tel yok...,Kazıklı çit yok...,opus_opensubtitles_tr
Gözcü kulesi de yok...,Çünkü gerekli değil.,opus_opensubtitles_tr
Burası ormanın ortasında bir ada.,Kaçmak imkansız.,opus_opensubtitles_tr
Ölürsünüz.,"Bugün dinlenecek, yarın işe başlayacaksınız.",opus_opensubtitles_tr
Size General Yamashita'nın bir sözünü hatırlatayım:,"""İşinizi seve seve yapın.""",opus_opensubtitles_tr
Gidebilirsiniz!,"Tabur, rahat.",opus_opensubtitles_tr
"Binbaşı Hughes, sıradan çık.","Hughes, adamları koğuşlara yerleştir.",opus_opensubtitles_tr
Clipton' a söyle hastaya baksın.,- Bu adamla biraz konuşacağım.,opus_opensubtitles_tr
- Çok iyi.,"Sözlerinizi duydum, efendim.",opus_opensubtitles_tr
"Adamlarım, işlerini İngiliz askerlerine yakışır şekilde yapacaklardır.",Davranışlarından subaylarım ve ben sorumlu olacağız.,opus_opensubtitles_tr
"Cenevre Anlaşması gereği, subayların, işçi olarak çalıştırılmasının kesinlikle yasak olduğu gözünüzden kaçmış olabilir.",Öyle mi?,opus_opensubtitles_tr
Anlaşmanın bir kopyası bende var eğer dilerseniz göz atmanız için size verebilirim.,Buna gerek olmayacak.,opus_opensubtitles_tr
Dikkat.,"Oturun, lütfen.",opus_opensubtitles_tr
"Emredersiniz, efendim.",Clipton ile konuşacağım.,opus_opensubtitles_tr
Sonra görüşürüz.,"Çok iyi, efendim.",opus_opensubtitles_tr
"Clipton, mani olmayayım.","-Kolun nasıl, Jennings?",opus_opensubtitles_tr
-İyileşti sayılır.,"Efendim, bu Amerikan Donanmasından Binbaşı Shears.",opus_opensubtitles_tr
-Güzel.,"-Nasılsınız, efendim?",opus_opensubtitles_tr
Onu ve bir Avustralyalıyı bulduk.,Kampı kuran mahkumlardan geriye sadece ikisi kalmış.,opus_opensubtitles_tr
"Amerikan Donanması, ha?",Burada mı?,opus_opensubtitles_tr
Bir derin sular denizcisi için kara ile kuşatılmış sayılırım.,-Geminizi mi kaybettiniz?,opus_opensubtitles_tr
-Houston'ı.,Karaya çıkmayı başardım fakat diğer kurtulanlardan ayrı düştüm.,opus_opensubtitles_tr
Buradaki grubunuzdan da mı?,Çoğunlukla Avustralyalılar.,opus_opensubtitles_tr
Birkaç İngiliz...,"Hintli, Birmanyalı, Siyamlı.",opus_opensubtitles_tr
Onlara ne oldu peki?,"Öldüler sıtma, dizanteri, beriberi ve kangrenden.",opus_opensubtitles_tr
Diğer ölüm sebepleri:,"Açlık, aşırı çalışma kurşun yaraları, yılan ısırıkları...",opus_opensubtitles_tr
Saito...,Bir de yaşamaktan yorulanlar vardı.,opus_opensubtitles_tr
Clipton size baktı mı?,Bakmak üzereyim.,opus_opensubtitles_tr
"Buraya gelin, sonra tıraş olursunuz.",Pekala.,opus_opensubtitles_tr
Subaylarla kalacaksınız.,Size uygun kıyafetler bulacağız.,opus_opensubtitles_tr
Benim için endişelenmeyin albay.,Hasta listesinden çıkmaya pek can atmıyorum.,opus_opensubtitles_tr
"Ayrıca, bu da iş kıyafeti.",Buralarda çok moda.,opus_opensubtitles_tr
Grubunuzdaki subaylar ağır işçilik yaptılar mı?,Öyle de diyebilirsiniz sanırım.,opus_opensubtitles_tr
Bu önemli konuyu Albaya söyledim...,Adı neydi,opus_opensubtitles_tr
-Sanırım durumu anladı.,-Öyle mi dersiniz?,opus_opensubtitles_tr
-Evet makul birine benziyor.,İşime devam etmeliyim.,opus_opensubtitles_tr
Saat 19:00'da subaylar toplantısı var.,-İhtiyaç listesini çıkarın.,opus_opensubtitles_tr
"-Peki, efendim.",-Yapabileceğimiz birşey var mı?,opus_opensubtitles_tr
"-Teşekkür ederim, efendim.",-Ne oldu?,opus_opensubtitles_tr
-Boşver.,"Haydi, söyle.",opus_opensubtitles_tr
"Saito için söyleyecek pek çok şey bulabilirim ama ""makul"", yeni bir kelime.",Belki Albay Nicholson bu kelimeyi farklı tanımlıyordur.,opus_opensubtitles_tr
Başka görüşü olan?,"-Gitmeden, efendim?",opus_opensubtitles_tr
-Evet Jennings?,Kaçış komitesi hakkında.,opus_opensubtitles_tr
Binbaşı Shears ile konuştum...,Kaçış komitesi diye birşey olmayacak.,opus_opensubtitles_tr
"Anlayamıyorum, efendim.",Teğmen Jennings'in bir planı var.,opus_opensubtitles_tr
"Evet, eminim Jennings'in bir planı vardır, ama kaçmak mı?",Nereye?,opus_opensubtitles_tr
Bu ormana mı?,"Saito, o haklıydı.",opus_opensubtitles_tr
Burada dikenli tellere gerek yok.,Kurtulma şansı 100'de bir.,opus_opensubtitles_tr
Eminim Yarbay Shears'in adamlarının tecrübeleri beni destekleyecektir.,Bence başarılı bir kaçış ihtimali 100'de bir.,opus_opensubtitles_tr
-Doğru,-Ama birşey daha ekleyebilir miyim?,opus_opensubtitles_tr
-Lütfen.,Bu kampta hayatta kalma ihtimali bundan da düşük.,opus_opensubtitles_tr
Mezarlığı gördünüz.,Güçlü ihtimal o.,opus_opensubtitles_tr
Kaçış ümidinizi yitirip...,...bunu düşünmekten vazgeçerseniz ölüm fermanınızı hazırlamış olursunuz.,opus_opensubtitles_tr
"Siz neden kaçmayı hiç denemediniz, Yarbay?",Zamanını bekliyorum.,opus_opensubtitles_tr
Doğru zamanı ve doğru ekibi.,Ne hissettiğinizi anlıyorum.,opus_opensubtitles_tr
"Tabii ki, esir düşen bir askerin görevi kaçma teşebbüsüdür.",Fakat adamlarım ve ben garip bir yasal olaya karışmış durumdayız ki bunu siz bilmiyorsunuz.,opus_opensubtitles_tr
Genelkurmay bize Singapur'da teslim olmamızı emretti.,"""Emretti.""",opus_opensubtitles_tr
"O yüzden, bizim durumumuzda kaçmak, ordu kanunlarına karşı gelmek olur.",-İlginç.,opus_opensubtitles_tr
"-Evet, efendim.",-İlginç bir bakış açısı.,opus_opensubtitles_tr
-Sizi tam anlayamadım.,"Bu yasal talimatı, ne pahasına olursa olsun, uygulamayı mı düşünüyorsunuz?",opus_opensubtitles_tr
"Yasalar olmazsa, Yarbay, medeniyet de olmaz.",Benim söylemek istediğim de bu.,opus_opensubtitles_tr
Burada medeniyet yok.,O halde öğretme fırsatımız var.,opus_opensubtitles_tr
Kaçma konusunu kapatalım.,Başka birşey var mı?,opus_opensubtitles_tr
Sanırım program gayet açık.,Yarın sabahtan itibaren herşeyin sorunsuz gitmesini istiyorum.,opus_opensubtitles_tr
Ve şunu unutmayın:,Adamlarımız halen bizim emrimizde olduklarını hissetmeliler Japonların değil!,opus_opensubtitles_tr
"Buna inandıkları sürece, asker olarak kalırlar, esir değil.","Bunda mutabık mıyız, Yarbay?",opus_opensubtitles_tr
"Umarım asker olarak kalabilirler, Albay.","Bana gelince, ben bir esirim.",opus_opensubtitles_tr
Yaşayan bir esir.,Garip bir kuş.,opus_opensubtitles_tr
Bir Amerikalı için bile...,"Çok uzun süre yalnız kalmış, zavallı çocuk.",opus_opensubtitles_tr
Bölüğünden alınmış.,Bu hepimize ders olmalı.,opus_opensubtitles_tr
Dikkat!,İngiliz mahkumlar!,opus_opensubtitles_tr
Dikkat ettiyseniz İngiliz askerler demiyorum.,"Teslim olduğunuz andan itibaren, askerliğiniz bitmiştir.",opus_opensubtitles_tr
Mayıs ayının on ikinci gününe kadar köprüyü bitirmiş olacaksınız.,Bir Japon mühendisin talimatları doğrultusunda çalışacaksınız...,opus_opensubtitles_tr
Teğmen Mioura.,Zaman kısa.,opus_opensubtitles_tr
Herkes çalışacak!,Subaylarınız da sizlerin yanında çalışacaklar.,opus_opensubtitles_tr
Çünkü teslim olarak sizlere ihanet etmişlerdir.,Utancınız onların şerefsizliğidir.,opus_opensubtitles_tr
Sizlere kahramanca ölmektense hamallar gibi yaşamak daha iyidir diyen onlar.,"Sizleri buraya getiren de onlar, ben değilim.",opus_opensubtitles_tr
"Bu yüzden, kendileri yararlı işlerde kullanılmak üzere sizlere katılacaklar.",Hepsi bu kadar.,opus_opensubtitles_tr
"Subay mahkumlar, aletlerinizi alın.","Bradley, yerine dön.",opus_opensubtitles_tr
"Albay Saito, size Cenevre Anlaşması' nın 27.",Maddesini hatırlatmak isterim.,opus_opensubtitles_tr
"""Savaşan taraflar, sağlıklı savaş mahkumlarını subaylar hariç, çalıştırabilirler...""",O kitabı bana verin.,opus_opensubtitles_tr
Elbette.,"İngilizce okuyabiliyorsunuz, değil mi?",opus_opensubtitles_tr
-Siz Japonca okuyabiliyor musunuz?,"-Üzgünüm, hayır.",opus_opensubtitles_tr
"Sorun tercüme ise, eminim bunu ayarlayabiliriz.","Bakın, kanun der ki...",opus_opensubtitles_tr
Yerlerinizde kalın!,Yerlerinizde kalın!,opus_opensubtitles_tr
Bana kanundan mı bahsediyorsunuz?,"Hangi ""kanun""?",opus_opensubtitles_tr
Korkakların kanunu!,Asker kanunları hakkında Bushido hakkında ne bilirsin?,opus_opensubtitles_tr
Hiçbir şey!,Komutanlığa layık değilsiniz!,opus_opensubtitles_tr
Medeni dünyanın kanunlarına riayet etmeyi reddederseniz size itaat edemeyiz.,Subaylarım ağır iş yapmayacaklar.,opus_opensubtitles_tr
Göreceğiz.,Tüm mahkumlar iş başına.,opus_opensubtitles_tr
Başçavuş!,Adamları işe başlatın.,opus_opensubtitles_tr
"Emredersiniz, efendim.","Tabur, aletlerinizi alın.",opus_opensubtitles_tr
Ne yapmaya çalışıyor.,Sanırım hiç tanık olmasını istemiyor.,opus_opensubtitles_tr
Şimdi mantıklı olacaksın.,Subaylarına çalışmalarını emredeceksin.,opus_opensubtitles_tr
Üçe kadar sayacağım.,Eğer üçe kadar saydığımda..,opus_opensubtitles_tr
sen ve subayların işe başlamamış olursanız... ateş emri vereceğim.,Yapacak.,opus_opensubtitles_tr
"İnan bana, gerçekten yapacak!",Bir.,opus_opensubtitles_tr
"Seni uyarıyorum, Albay.",İki.,opus_opensubtitles_tr
Durun!,Ben herşeyi gördüm ve duydum.,opus_opensubtitles_tr
Hastanedeki diğerleri de.,Çok fazla şahit var.,opus_opensubtitles_tr
Toplu kaçış oldu deyip sıyrılamazsınız.,-Bu adamların bir çoğu yürüyemiyor bile.,opus_opensubtitles_tr
-Kapa çeneni!,Bu mu sizin askeri kanununuz?,opus_opensubtitles_tr
Silahsız adamları öldürmek...,"Gördün mü, Jennings?",opus_opensubtitles_tr
Hasta listesinde olmanın bazı avantajları da varmış.,İhtiyar için şunu söyleyebilirim:,opus_opensubtitles_tr
Çok yürekli biri.,Ölüm vadisine giden yol.,opus_opensubtitles_tr
-Bu nasıl efendim?,-Öyle bir yüreklilik?,opus_opensubtitles_tr
1914'te sadece bellerindeki süs kamçılarıyla savaşan subayların yürekliliği.,-Anlıyorum.,opus_opensubtitles_tr
-Kesinlikle anlamıyorsun.,Hepimizin ölümüne sebep olacak bir yüreklilik.,opus_opensubtitles_tr
"Özür dilerim, efendim.",Ben de katılmak istiyorum.,opus_opensubtitles_tr
"Kolum neredeyse iyileşti, efendim, gerçekten.",Ya o?,opus_opensubtitles_tr
"Kaçmamamızı emretmedi, sadece önerdi.","Dinle, albayınız gibi biri birşey önerdiğinde, bu bir emir sayılır.",opus_opensubtitles_tr
Yine başlıyoruz.,Albay Saito tüm subayların ceza kulübesine gitmesini istiyor.,opus_opensubtitles_tr
"Söyleyin, gitsinler.",Sen değil.,opus_opensubtitles_tr
Gel.,Onu rahat bırakın!,opus_opensubtitles_tr
Onu fırına koyacaklar.,Onu fırına koyacaklar.,opus_opensubtitles_tr
Çünkü o çok iyi bir adamdır Çünkü o çok iyi bir adamdır,Hepimiz böyle düşünüyoruz,opus_opensubtitles_tr
Yaşa!,Dikkat!,opus_opensubtitles_tr
Kereste!,"-Bir, iki, üç, çek!",opus_opensubtitles_tr
-Acele et!,Bırakın!,opus_opensubtitles_tr
Beni mi görmek istediniz?,Üç gündür seni görmeye çalışıyorum.,opus_opensubtitles_tr
Albay Nicholson hakkında.,O kilitli şu kulübede...,opus_opensubtitles_tr
Sizi vurdurabilirdim.,"Kaçmaya teşebbüs eden mahkumlar, sizin sorumluluğunuzdaydılar.",opus_opensubtitles_tr
Kaçma hakkında hiçbir şey bilmiyordum.,Bu birşeyi değiştirmez.,opus_opensubtitles_tr
Deneyenlere saygı duymak gerekir.,"Kısa bir süre için, kaçma ve ölüm arasında tekrar asker oldular.",opus_opensubtitles_tr
Ama kaçmaya çalışmak delilik.,İki asker vuruldu!,opus_opensubtitles_tr
üçüncüsü de boğuldu.,Ne uğruna?,opus_opensubtitles_tr
"Bu, gerçeklerden kaçıştı.",İşte gerçek burada.,opus_opensubtitles_tr
"Bu, öğlene kadar bitirilmesi gereken işi ... bu da, ne kadar ilerleme kaydedildiğini gösteriyor.","Albayınızın inatçılığı yüzünden, programın çok gerisinde kaldık.",opus_opensubtitles_tr
Hepsi bu kadar değil.,Kayıtlı mahkumlar işi sabote ettiler.,opus_opensubtitles_tr
"Evet, gördüm.",Hepsini vurdurabilirdim.,opus_opensubtitles_tr
O zaman köprünüzü kim inşa ederdi?,Hem sabotaj olduğundan emin misiniz ki?,opus_opensubtitles_tr
Adamlar kendi subayları olmadan verimli çalışamıyorlardır.,Onları benim subaylarım yönetecek.,opus_opensubtitles_tr
Sizin subaylarınız onlarla çalışacak.,Buna Albay Nicholson karar verir.,opus_opensubtitles_tr
"Dediği gibi bu, kurallara aykırı.",Bana kurallardan bahsetmeyin.,opus_opensubtitles_tr
Bu bir savaş!,Bir kriket oyunu değil.,opus_opensubtitles_tr
Albayınız deli oldukça deli,"Oturun, lütfen.",opus_opensubtitles_tr
Albayı bir kerelik görmenize izin vermeye karar verdim.,Teşekkür ederim.,opus_opensubtitles_tr
Ona şunu söyleyin; eğer subayları çalışmazlarsa hastaneyi kapatmak zorunda kalacağım ve hastalarınız onların yerine çalıştırılacaklar.,Bir çoğu ölecek.,opus_opensubtitles_tr
Bunun da sorumlusu kendisi olacak.,Gidin ve konuşun onunla.,opus_opensubtitles_tr
Beş dakika süreniz var.,"Doktor, ihtiyarı görmeye gidiyor.",opus_opensubtitles_tr
Efendim...,"Benim, Clipton, efendim.",opus_opensubtitles_tr
Size bazı şeyler getirdim.,-Adamlarım nasıl?,opus_opensubtitles_tr
"-İyiler, efendim, iyiler.",Zor bela toparladığımız azıcık et ve hindistan cevizi getirdim.,opus_opensubtitles_tr
Ya subaylar?,Pek iyi değiller.,opus_opensubtitles_tr
Hala cezalılar.,Teğmen Jennings ise...,opus_opensubtitles_tr
öldü.,-Ne?,opus_opensubtitles_tr
"-Öldürüldü, kaçmaya çalışırken.","İki kişi daha, Onbaşı Weaver ve Amerikalı.",opus_opensubtitles_tr
Jennings.,"Zavallı, yiğit delikanlı.",opus_opensubtitles_tr
"Onu uyarmıştım, değil mi Clipton?","Bakın, efendim, fazla vaktimiz yok.",opus_opensubtitles_tr
Konuşurken sizi biraz temizleyeceğim.,Size söyleyeceklerim var.,opus_opensubtitles_tr
Az önce Saito ile konuştum.,O adam karşılaştığım en kötü kumandan.,opus_opensubtitles_tr
"Daha doğrusu, o bir deli.",Devam et.,opus_opensubtitles_tr
-Şantaj!,"-Biliyorum, efendim, ama o çok ciddi.",opus_opensubtitles_tr
"Bu bir cüret meselesi, bu kadar basit.",-Ve vazgeçemiyor.,opus_opensubtitles_tr
-Bu yine de bir şantaj.,"Efendim, bundan daha fazlasına dayanamazsınız.",opus_opensubtitles_tr
Subaylarınızın o delikte boğulmaktansa çalışmaları daha iyi olmaz mı?,Adamlar iyi iş yapıyorlar.,opus_opensubtitles_tr
Cesaret edebildikleri kadar yavaş gidiyorlar.,Ama Saito yemeklerinden kesti ve eğer hastaları çalıştırırsa...,opus_opensubtitles_tr
ölürler.,"Evet, Clipton, anlıyorum.",opus_opensubtitles_tr
Gerçekten.,Ama görmüyor musun?,opus_opensubtitles_tr
Bu bir prensip meselesi.,"Eğer şimdi pes edersek, bunun sonu gelmez.",opus_opensubtitles_tr
Hayır.,"Efendim, koca bir ormanın içindeyiz, her yerden binlerce kilometre uzakta.",opus_opensubtitles_tr
Kararından asla vazgeçmeyecek bir adamın hükmü altındayız.,Prensip!,opus_opensubtitles_tr
Bize neler olduğunu ne bilecekler ne de umursayacaklar,"Pes edin, efendim.",opus_opensubtitles_tr
Lütfen!,-Ben inatçıyım.,opus_opensubtitles_tr
Taburumdan hiçbir subayın hamal gibi çalışmasına izin vermeyeceğim.,-Vakit doldu.,opus_opensubtitles_tr
-Pekala!,Beni düşünenlere teşekkür et lütfen.,opus_opensubtitles_tr
Hastanedeki herkesin birer parça katkısı oldu.,Reynolds hindistancevizini çaldı.,opus_opensubtitles_tr
Size arasıra yiyecek getirebileceğiz.,Gardiyanlardan birine rüşvet verdik.,opus_opensubtitles_tr
"Hoşçakalın, efendim.",Ve iyi şanslar.,opus_opensubtitles_tr
Çok teşekkürler.,O Amerikalı öldürüldü mü demiştin?,opus_opensubtitles_tr
"Evet, efendim.",Vuruldu ve boğuldu.,opus_opensubtitles_tr
Kaçmayı planlamak delilik.,"Üç adam öldü, peki ne uğruna?",opus_opensubtitles_tr
İşte bundan galip çıkmalıyız.,"Doktor bize bakıp, kafasını salladı.",opus_opensubtitles_tr
Bu ne anlama geliyorsa.,"Sadece bir anlama geliyor, albay pes etmeyecek.",opus_opensubtitles_tr
Şunun gibi bişey:,Albay Nicholson zor kullanmaktan pesetmeyecek.,opus_opensubtitles_tr
Prensip meselesi.,"Bir tıp adamı ve subay olarak, gördüğü muameleyi kınıyorum.",opus_opensubtitles_tr
Hala hayatta olması şaşırtıcı.,"Acı bir olay olursa, bu cinayet anlamına gelir.",opus_opensubtitles_tr
Sorumlusu kendisidir.,Ben değilim.,opus_opensubtitles_tr
Hasta mısın?,İkisi de mi deli?,opus_opensubtitles_tr
Yoksa ben mi deliriyorum?,Yoksa güneşin etkisi mi?,opus_opensubtitles_tr
Dikkat!,"Tabur, dikkat.",opus_opensubtitles_tr
İngiliz mahkumlar.,Şunu soruyorum sizlere köprü yapımında neden ilerleme yok?,opus_opensubtitles_tr
"Nedenini biliyorsunuz, subaylarınız tembel de ondan!",Kendilerini yükünüzü paylaşmaya layık görmüyorlar.,opus_opensubtitles_tr
Bu adil değil.,"Bu yüzden, işinizi severek yapmıyorsunuz.",opus_opensubtitles_tr
"Bu yüzden, köprü işinde ilerleme kaydedilmiyor.",Ama başka bir nedeni daha var.,opus_opensubtitles_tr
Gerçeği saklamıyorum.,"Utanarak ve üzülerek kabul etmeliyim ki bu, Japon ekibinden birinin başarısızlığıdır.",opus_opensubtitles_tr
Teğmen Miura'yı kastediyorum.,Kendisi kötü bir mühendistir.,opus_opensubtitles_tr
Emir vermekten aciz biridir.,"Bu yüzden, onu görevinden aldım.",opus_opensubtitles_tr
Yarın tekrar başlayacağız.,Çalışmayı bizzat yöneteceğim.,opus_opensubtitles_tr
Bugün dinleniyoruz.,Hiç durmadan çalışan bir kişi sersemler ve sıkıcı biri olur!,opus_opensubtitles_tr
"Göstereceğiniz çabadan ötürü, saygı simgesi olarak hepinize hediyeler vereceğim.",İşimizi seve seve yapalım.,opus_opensubtitles_tr
"Bölük, dağılabilirsiniz.","Tabur, dağılabilirsiniz.",opus_opensubtitles_tr
"Hey, şuna bir bakın.",Kızılhaç?,opus_opensubtitles_tr
"Hey, bize kendi Kızılhaç çantalarımızı vermiş.","""Yarın tekrar başlıyoruz.""",opus_opensubtitles_tr
"Hey, Harry, bak!",İhtiyarı dışarı çıkarıyorlar.,opus_opensubtitles_tr
Herhalde yine dövecekler.,"İyi akşamlar, albay.",opus_opensubtitles_tr
Oturmaz mısınız?,Geç bir akşam yemeği yiyorum.,opus_opensubtitles_tr
Kornlanmış İngiliz bifteği.,"Hayır, teşekkür ederim.",opus_opensubtitles_tr
İskoç malı.,Saki' yi tercih ederim.,opus_opensubtitles_tr
Londra'da üç yıl kaldım.,Londra'da üç yıl kaldım.,opus_opensubtitles_tr
Londra Politeknik Üniversitesi'nde okudum.,-Şerefe!,opus_opensubtitles_tr
-Üzgünüm.,"-Daha sonra belki, ha?",opus_opensubtitles_tr
-Belki.,İyi bir sanatçı değildim.,opus_opensubtitles_tr
Babam istemiyordu.,Ona göre ben orduya aitmişim.,opus_opensubtitles_tr
O yüzden sanattan mühendisliğe geçtim.,"Şunu söylemeliyim, Albay Saito:",opus_opensubtitles_tr
Faaliyetlerinizle ilgili tam bir rapor verme düşüncesindeyim.,Mevkiimi tam olarak anladığınızı sanmıyorum.,opus_opensubtitles_tr
-Emirleri uygulamak zorundayım.,"-Oh, tabii, tabii.",opus_opensubtitles_tr
"İşim, köprüyü 12 Mayıs'a kadar bitirmek.",-Sadece 12 haftam kaldı.,opus_opensubtitles_tr
-Hiç şüphesiz.,"Bu yüzden, elimizdeki tüm personeli kullanmak zorundayım.",opus_opensubtitles_tr
"Subaylar olmaz, yönetim işleri dışında.",Fakat koca tren yolu boyunca çalışan subaylar var.,opus_opensubtitles_tr
"Bunu siz de biliyorsunuz, ben de.",Diğer subaylardan ben sorumlu değilim.,opus_opensubtitles_tr
"Şahsen, şaşırdım.",Öfkelenmeyelim.,opus_opensubtitles_tr
-Puro ister misiniz?,-Hayır.,opus_opensubtitles_tr
Teşekkür ederim.,"Tüm subaylar çalışmak zorunda derken elbette, sizi, bir kumandanı kastetmedim.",opus_opensubtitles_tr
Talimatlarım sadece diğer subaylar için...,Hiçbir subay ağır işte çalışmayacak.,opus_opensubtitles_tr
Lütfen!,Şunu söyleyecektim:,opus_opensubtitles_tr
Meseleyi baştan düşündüm... ve şuna karar verdim:,Binbaşı ve üstsubayları yönetimde çalıştırıp sadece astsubayları ağır işlerde çalıştıracağım.,opus_opensubtitles_tr
Hayır.,Anlaşma bunu açıkça belirtiyor.,opus_opensubtitles_tr
Köprü zamanında bitmezse bana ne olacağını biliyor musunuz?,Hiçbir fikrim yok.,opus_opensubtitles_tr
Kendimi öldürmek zorunda kalacağım.,Benim yerimde olsanız ne yapardınız?,opus_opensubtitles_tr
"Sanırım, yerinizde olsam kendimi öldürmek zorunda kalırdım.",Şerefe.,opus_opensubtitles_tr
"Sizi uyarıyorum, albay ben öleceksem, başkaları benden daha önce ölecek.",Anlıyor musunuz?,opus_opensubtitles_tr
Clipton bundan bahsetti.,"Bu, sorununuzu çözmez.",opus_opensubtitles_tr
Eminim uygun bir çözüme varabiliriz.,"Lütfen, oturun.",opus_opensubtitles_tr
Şimdi.,"Söyleyin, albay sizce de bir subayın başlıca görevi, emir vermek değil midir?",opus_opensubtitles_tr
-Elbette.,-Güzel.,opus_opensubtitles_tr
Şu köprünüzü ele alın.,Muazzam bir girişim.,opus_opensubtitles_tr
"Açıkça söylemek gerekirse, şu sizin teğmenin...",-Adı neydi...,opus_opensubtitles_tr
-Mioura.,...böylesine önemli bir görevin üstesinden gelebileceğine şüpheliyim.,opus_opensubtitles_tr
"Diğer taraftan, bizde öyle subaylar var ki, örneğin Reeves ve Hughes bunlar Hindistan'da birçok köprü inşa etmişlerdir.",Askerler onları sayarlar.,opus_opensubtitles_tr
Bir subay için bu tür bir saygı esastır.,"Bunu yitirirse, komutanlığı sona erer.",opus_opensubtitles_tr
"Sonra, moral bozukluğu ve kaos.",İşini bitir!,opus_opensubtitles_tr
Kulübeye git.,"Ah, tabii.",opus_opensubtitles_tr
"Yeni gelen mahkumlar mezar kazdığımızı görürlerse, kaçabilirler.",Şakanın sırası değil.,opus_opensubtitles_tr
İşini bitir!,"Kaz, kaz.",opus_opensubtitles_tr
Bizi hasta listesine koysanız diyorum.,"İnsaflı olun, yüzbaşı.",opus_opensubtitles_tr
Bizi hastaneye yatırın.,Hasta değilsiniz.,opus_opensubtitles_tr
Hiç olmadınız.,"Neden hep hasta numarası yapıyorsun, Shears?",opus_opensubtitles_tr
Başımın üzerine böyle birşey istemediğimden herhalde.,Yüzbaşı Kanematsu sigaraya ne dersiniz?,opus_opensubtitles_tr
Bu sabah verdim ya.,İkinize de.,opus_opensubtitles_tr
İyi ya işte.,Bu iyiliğinizin karşılığını vermek istiyorum.,opus_opensubtitles_tr
"İçten gelerek verilen bir hediyeyi asla unutmam, sizin verdiğiniz sigara gibi.",O yüzden bu çakmağı almanızı istiyorum.,opus_opensubtitles_tr
Çaldığımı mı sanıyorsunuz?,Az önce gömdüğümüz İngiliz çocuğun çakmağıydı.,opus_opensubtitles_tr
Ona yaptığım bir iyiliğe karşı bana bunu vermişti.,"Ölmeden önce, ben de aynı şeyi size yapmak istiyorum.",opus_opensubtitles_tr
"Tuhaf adamsın, Shears.",Hasta listesine kondun.,opus_opensubtitles_tr
O da.,Bir gün Albay Saito ona rüşvet verdiğini anlarsa ne olacak?,opus_opensubtitles_tr
"Bundan önce biz çoktan uzaklarda olacağız, dostum.",Çok uzaklarda.,opus_opensubtitles_tr
"Peki, haydi bitirelim.",Burada yatan...,opus_opensubtitles_tr
Az önce kimi gömdüğümüzü unuttum.,Thomson.,opus_opensubtitles_tr
"Ah, evet.",Burada yatan Onbaşı Herbert Thomson seri numarası sıfır-bir- iki-üç-dört-beş-altı-yedi.,opus_opensubtitles_tr
"1943'de beriberiden ölmüş, Kings Own veya Queens Own ya da her neyse onun cesur üyesi ve şerefiyle ölen...",- Ne uğruna ölmüştü?,opus_opensubtitles_tr
- Haydi yapma.,Ölenle alay edilmez.,opus_opensubtitles_tr
Ölenle alay falan etmiyorum.,Huzur içinde yatsın.,opus_opensubtitles_tr
Bu huzuru hayattayken pek bulamadı.,"""A"" Bölüğü, yerinde say!",opus_opensubtitles_tr
Dur.,"Sıraya geç, sola dön.",opus_opensubtitles_tr
Rahat.,"Bayağı yoğun mezarcılar olacağız, Weaver.",opus_opensubtitles_tr
"Aferin, aferin.",Bu albay neyin içinde olduğunu bilmiyor.,opus_opensubtitles_tr
Ona gerçeği anlatacak mısın?,Tabii ki hayır.,opus_opensubtitles_tr
"Sen ne bir subaysın, ne de bir centilmen.",Adım Nicholson.,opus_opensubtitles_tr
Ben Albay Saito.,Majesteleri adına size hoşgeldiniz diyorum.,opus_opensubtitles_tr
"Bu kampın, yani yakında Bangkok'u Rangoon'a bağlayacak olan büyük tren yolundaki 16. kampın kumandanıyım.","Siz İngiliz mahkumlar, Kwai Nehri üzerine bir köprü inşa etmek üzere seçildiniz.",opus_opensubtitles_tr
Keyifli ve beceri isteyen bir iş olacak.,Subaylar da siviller gibi çalışacaklar.,opus_opensubtitles_tr
Japon Ordusu tembel olanları beslemez.,"Çok çalışırsanız, karşılığını alırsınız.",opus_opensubtitles_tr
Ama eğer çok çalışmazsanız cezalandırılacaksınız.,Kaçmakla ilgili şunları söyleyeyim:,opus_opensubtitles_tr
Burada dikenli tel yok.,Kazıklı çit yok.,opus_opensubtitles_tr
Gözcü kulesi yok.,Tüm bunlar gerekli değil.,opus_opensubtitles_tr
Burası ormanın ortasında bir ada.,Buradan kaçmak imkansızdır.,opus_opensubtitles_tr
Ölürsünüz.,"Bugün dinlenecek, yarın işe başlayacaksınız.",opus_opensubtitles_tr
Size General Yamashita'nın bir sözünü hatırlatayım:,"""İşinizi seve seve yapın.""",opus_opensubtitles_tr
İşinizi seve seve yapın.,Gidebilirsiniz.,opus_opensubtitles_tr
"Tabur, rahat.","Binbaşı Hughes, sıradan çık.",opus_opensubtitles_tr
"Tabur, rahat.","Hughes, adamları koğuşlara yerleştir.",opus_opensubtitles_tr
Hasta olanlarla ilgilen.,Bu adamla biraz konuşacağım.,opus_opensubtitles_tr
"Sözlerinizi duydum, efendim.","Adamlarım, işlerini İngiliz askerlerine yakışır şekilde yapacaklardır.",opus_opensubtitles_tr
Davranışlarından subaylarım ve ben sorumlu olacağız.,"Cenevre Anlaşması gereği, subayların, işçi olarak çalıştırılmasının kesinlikle yasak olduğu gözünüzden kaçmış olabilir.",opus_opensubtitles_tr
Öyle mi?,Anlaşmanın bir kopyası bende var göz atmanız için size verebilirim.,opus_opensubtitles_tr
Buna gerek olmayacak.,"Oturun, lütfen.",opus_opensubtitles_tr
"Evet, efendim.",Clipton ile biraz konuşacağım.,opus_opensubtitles_tr
"Clipton, mani olmayayım.",- Kolun nasıl?,opus_opensubtitles_tr
- İyileşti sayılır.,"Efendim, bu Amerikan Donanmasından Binbaşı Shears.",opus_opensubtitles_tr
"Nasılsınız, efendim?",Onu ve bir Avustralyalı bulduk.,opus_opensubtitles_tr
Kampı kuran mahkumlardan geriye sadece ikisi kalmış.,"Amerikan Donanması, ha?",opus_opensubtitles_tr
Burada mı?,Kara ile kuşatılmış sayılırım.,opus_opensubtitles_tr
- Geminizi mi kaybettiniz?,- Houston'ı.,opus_opensubtitles_tr
Karaya çıkmayı başardım fakat diğer kurtulanlardan ayrı düştüm.,Buradaki grubunuzdan da mı?,opus_opensubtitles_tr
Çoğunlukla Avustralyalılar.,Birkaç...,opus_opensubtitles_tr
Birkaç İngiliz.,"Hintli, Birmanyalı, Siyamlı.",opus_opensubtitles_tr
Onlara ne oldu peki?,"Öldüler sıtma, dizanteri, beriberi ve kangrenden.",opus_opensubtitles_tr
Diğer ölüm sebepleri:,"Açlık, aşırı çalışma, kurşun yaraları, yılan ısırıkları Saito.",opus_opensubtitles_tr
Bir de yaşamaktan yorulanlar vardı.,Clipton size baktı mı?,opus_opensubtitles_tr
Üzereyim.,"Buraya gelin, sonra tıraş olursunuz.",opus_opensubtitles_tr
Pekala.,Subaylarla kalacaksınız.,opus_opensubtitles_tr
Size uygun bir kıyafet bulacağız.,Benim için endişelenmeyin.,opus_opensubtitles_tr
Hasta listesinden çıkmaya pek can atmıyorum.,"Ayrıca, bu da iş kıyafeti.",opus_opensubtitles_tr
Buralarda çok moda.,Grubunuzdaki subaylar ağır işçilik yaptılar mı?,opus_opensubtitles_tr
Öyle de diyebilirsiniz sanırım.,"Bu konuyu Albay, adı neyse, ona söyledim.",opus_opensubtitles_tr
Saito.,- Sanırım durumu anladı.,opus_opensubtitles_tr
- Öyle mi dersiniz?,Evet.,opus_opensubtitles_tr
Oldukça makul birine benzediğini söylemeliyim.,"Şey, işime devam etmeliyim.",opus_opensubtitles_tr
Saat 19:00'da subaylar toplantısı var.,- Taleplerinizin listesini çıkarın.,opus_opensubtitles_tr
"- Peki, efendim.",Ne yapabilirsek.,opus_opensubtitles_tr
"Teşekkür ederim, efendim.",- Ne oldu?,opus_opensubtitles_tr
- Boşver.,"Haydi, söyle.",opus_opensubtitles_tr
"Saito için söyleyecek pek çok şey bulabilirim ama ""makul"", yeni bir kelime.",Belki Albay Nicholson bu kelimeyi farklı tanımlıyordur.,opus_opensubtitles_tr
Başka görüşü olan?,"- İzin verirseniz, efendim?",opus_opensubtitles_tr
- Jennings?,Kaçış komitesi hakkında.,opus_opensubtitles_tr
Binbaşı Shears ile konuştum...,Kaçış komitesi diye birşey olmayacak.,opus_opensubtitles_tr
"Anlayamıyorum, efendim.",Yüzbaşı Jennings'in bir planı var.,opus_opensubtitles_tr
"Evet, evet, eminim Jennings'in bir planı vardır, ama kaçmak mı?",Nereye?,opus_opensubtitles_tr
Bu ormanın içine mi?,"Şu adam, Saito, o haklı.",opus_opensubtitles_tr
Burada dikenli tellere gerek yok.,Kurtulma şansı 100'de bir.,opus_opensubtitles_tr
Eminim Binbaşı Shears'in adamlarının tecrübeleri beni destekleyecektir.,Bence başarılı bir kaçış ihtimali 100'de bir.,opus_opensubtitles_tr
- Ama birşey daha ekleyebilir miyim?,- Lütfen.,opus_opensubtitles_tr
Bu kampta hayatta kalma ihtimali bundan da düşük.,Mezarlığı gördünüz.,opus_opensubtitles_tr
Güçlü ihtimal o.,"Kaçış ümidinizi yitirip bunu düşünmekten vazgeçerseniz, ölüm fermanınızı hazırlamış olursunuz.",opus_opensubtitles_tr
"Siz neden kaçmayı hiç denemediniz, binbaşı?",Zamanını bekliyorum.,opus_opensubtitles_tr
Doğru zamanı ve doğru ekibi.,Ne hissettiğinizi anlıyorum.,opus_opensubtitles_tr
"Tabii ki, esir düşen bir askerin görevi, kaçma teşebbüsüdür.",Fakat adamlarım ve ben garip bir yasal olaya karışmış durumdayız ki bunu siz bilmiyorsunuz.,opus_opensubtitles_tr
Başkomutanlık bize Singapur'da teslim olmamızı emretti.,Emretti.,opus_opensubtitles_tr
"O yüzden, bizim durumumuzda kaçmak, ordu kanunlarına karşı gelmek olur.","İlginç bir konu, efendim.",opus_opensubtitles_tr
"Özür dilerim, efendim, Sizi tam anlayamadım.","Bu yasal talimatı, ne pahasına olursa olsun, uygulamayı mı düşünüyorsunuz?",opus_opensubtitles_tr
"Yasalar olmazsa, binbaşı, medeniyet de olmaz.",Söylemek istediğim bu.,opus_opensubtitles_tr
Burada medeniyet yok.,O halde öğretme fırsatımız var.,opus_opensubtitles_tr
Kaçma konusunu kapatalım.,Başka birşey var mı?,opus_opensubtitles_tr
Sanırım program gayet açık.,Yarın sabahtan itibaren herşeyin sorunsuz gitmesini istiyorum.,opus_opensubtitles_tr
Ve şunu unutmayın:,Adamlarımız halen bizim emrimizde olduklarını hissetmeliler Japonların değil.,opus_opensubtitles_tr
"Buna inandıkları sürece, asker olarak kalırlar, esir değil.","Bunda mutabık mıyız, binbaşı?",opus_opensubtitles_tr
"Umarım asker olarak kalabilirler, albay.","Bana gelince, ben bir esirim.",opus_opensubtitles_tr
Yaşayan bir esir.,Garip bir kuş.,opus_opensubtitles_tr
Bir Amerikalı için bile...,"Çok uzun süre ayrı kalmış, zavallı çocuk.",opus_opensubtitles_tr
Bölüğünden alınmış.,Bu hepimize ders olmalı.,opus_opensubtitles_tr
İngiliz mahkumlar!,Dikkat ettiyseniz İngiliz askerler demiyorum.,opus_opensubtitles_tr
"Teslim olduğunuz andan itibaren, askerliğiniz bitmiştir.",Mayıs ayının on ikinci gününe kadar köprüyü bitirmiş olacaksınız.,opus_opensubtitles_tr
Japon bir mühendisin talimatları doğrultusunda çalışacaksınız.,Zamanımız kısıtlı.,opus_opensubtitles_tr
Herkes çalışacak.,Subaylarınız da sizlerin yanında çalışacaklar.,opus_opensubtitles_tr
Çünkü teslim olarak sizlere ihanet etmişlerdir.,Utancınız onların şerefsizliğidir.,opus_opensubtitles_tr
Sizlere kahramanca ölmektense hamallar gibi yaşamak daha iyidir diyen onlar.,"Sizleri buraya getiren de onlar, ben değilim.",opus_opensubtitles_tr
"Bu yüzden, kendileri yararlı işlerde kullanılmak üzere sizlere katılacaklar.",Hepsi bu kadar.,opus_opensubtitles_tr
"Subay mahkumlar, aletlerinizi alın.","Bradley, yerine dön.",opus_opensubtitles_tr
"Binbaşı Saito, size Cenevre Anlaşmasının 27.",Maddesini hatırlatmak isterim.,opus_opensubtitles_tr
"""Savaşan taraflar, sağlıklı savaş mahkumlarını çalıştırabilirler, subaylar hariç""...",O kitabı bana verin.,opus_opensubtitles_tr
Elbette.,"İngilizce okuyabiliyorsunuz, değil mi?",opus_opensubtitles_tr
- Siz Japonca okuyabiliyor musunuz?,"- Üzgünüm, hayır.",opus_opensubtitles_tr
"Sorun tercüme ise, eminim bunu ayarlayabiliriz.","Bakın, kanun der ki...",opus_opensubtitles_tr
Yerlerinizde kalın.,Bana kanundan mı bahsediyorsunuz?,opus_opensubtitles_tr
"Hangi ""kanun""?",Korkakların kanunu!,opus_opensubtitles_tr
Asker kanunları hakkında ne bilirsiniz?,Bushido hakkında?,opus_opensubtitles_tr
Hiçbir şey!,Komutanlığa layık değilsiniz!,opus_opensubtitles_tr
Medeni dünyanın kanunlarına riayet etmeyi reddederseniz size itaat edemeyiz.,Subaylarım ağır iş yapmayacaklar.,opus_opensubtitles_tr
Göreceğiz.,Tüm er mahkumlar iş başına.,opus_opensubtitles_tr
Başçavuş!,Adamları işe başlatın.,opus_opensubtitles_tr
"Tabur, aletlerinizi alın.",Tek sıra halinde sola dön.,opus_opensubtitles_tr
Sola dön!,"""A"" Bölüğü, sağa.",opus_opensubtitles_tr
"Marş, marş.",Gözler sağa.,opus_opensubtitles_tr
Gözler sağa.,Gözler öne.,opus_opensubtitles_tr
"Marş, marş, gözler sağa.","""C"" Bölüğü, sağa.",opus_opensubtitles_tr
Ne yapıyor?,Galiba şahit bırakmak istemiyor.,opus_opensubtitles_tr
"Şimdi, mantıklı olacaksınız.",Subaylarınıza çalışmalarını emredeceksiniz.,opus_opensubtitles_tr
Hayır.,Üçe kadar sayacağım.,opus_opensubtitles_tr
Eğer üç dediğimde siz ve subaylarınız işin yolunu tutmamışsanız ateş emri vereceğim.,Yapacak.,opus_opensubtitles_tr
"İnan bana, gerçekten yapacak.",Bir.,opus_opensubtitles_tr
"Sizi uyarıyorum, Albay...",İki.,opus_opensubtitles_tr
Durun!,"Albay Saito, herşeyi gördüm ve duydum.",opus_opensubtitles_tr
Hastanedeki diğerleri de.,Çok fazla şahit var.,opus_opensubtitles_tr
"Toplu kaçış oldu diyemezsiniz, çünkü bir çoğu yürüyemiyor bile.",Bu mu sizin askeri kanununuz?,opus_opensubtitles_tr
Silahsız adamları öldürmek mi?,"Gördün mü, Jennings?",opus_opensubtitles_tr
Hasta listesinde olmanın bazı avantajları da varmış.,İhtiyar için şunu söyleyebilirim:,opus_opensubtitles_tr
Çok yürekli biri.,"""Ölüm vadisine giden yol.""",opus_opensubtitles_tr
"Nasıl yani, efendim?",Öyle bir yüreklilik.,opus_opensubtitles_tr
1914'te sadece bellerindeki süs kamçılarıyla savaşan subayların yürekliliği.,- Anlıyorum.,opus_opensubtitles_tr
- Kesinlikle anlamıyorsun.,Hepimizin ölümüne sebep olacak bir yüreklilik.,opus_opensubtitles_tr
"Özür dilerim, efendim.",Ben de katılmak istiyorum.,opus_opensubtitles_tr
"Kolum neredeyse iyileşti, efendim, gerçekten.",Ya o?,opus_opensubtitles_tr
"Kaçmamamızı emretmedi, önerdi.","Dinle, albayınız gibi biri birşey önerdiğinde, bu bir emir sayılır.",opus_opensubtitles_tr
Yine başlıyoruz.,Albay Saito tüm subayların ceza kulübesine gitmesini istiyor.,opus_opensubtitles_tr
"Söyleyin, gitsinler.",Sen değil.,opus_opensubtitles_tr
Gel.,Onu serbest bırakın!,opus_opensubtitles_tr
Onu serbest bırakın!,Onu fırına koyacaklar.,opus_opensubtitles_tr
Çünkü o çok iyi bir adamdır Çünkü o çok iyi bir adamdır,Çünkü o çok iyi bir adamdır,opus_opensubtitles_tr
Hepimiz böyle düşünüyoruz,Hepimiz böyle düşünüyoruz Hepimiz böyle düşünüyoruz,opus_opensubtitles_tr
Çünkü o çok iyi bir adamdır Çünkü o çok iyi bir adamdır,Çünkü o çok iyi bir adamdır,opus_opensubtitles_tr
Hepimiz böyle düşünüyoruz,Dikkat!,opus_opensubtitles_tr
Düşüyor!,"Bir, iki, üç, dört.",opus_opensubtitles_tr
"Bir, iki, üç, dört.","Hayır, hayır, hayır!",opus_opensubtitles_tr
Bırakın!,Bırakın!,opus_opensubtitles_tr
Beni mi görmek istediniz?,Üç gündür buna uğraşıyorum.,opus_opensubtitles_tr
Albay hakkında.,O kilitli kulübede...,opus_opensubtitles_tr
Sizi vurdurabilirdim.,"Kaçmaya teşebbüs eden mahkumlar, sizin sorumluluğunuzdaydılar.",opus_opensubtitles_tr
Kaçma hakkında hiçbir şey bilmiyordum.,Bu birşeyi değiştirmez.,opus_opensubtitles_tr
Deneyenlere saygı duymak gerekir.,"Kısa bir süre için, kaçma ve ölüm arasında tekrar asker oldular.",opus_opensubtitles_tr
Ama kaçmaya çalışmak delilik.,"İki asker vuruldu, üçüncüsü de boğuldu.",opus_opensubtitles_tr
Ne uğruna?,"Bu, gerçeklerden kaçıştı.",opus_opensubtitles_tr
İşte gerçeğiniz.,"Bu, öğlene kadar bitirilmesi gereken işi gösteriyor.",opus_opensubtitles_tr
"Bu da, ne kadar ilerleme kaydedildiğini.","Albayınızın inatçılığı yüzünden, programın çok gerisinde kaldık.",opus_opensubtitles_tr
Hepsi bu kadar değil.,Kayıtlı mahkumlar işi sabote ettiler.,opus_opensubtitles_tr
"Evet, gördüm.",Hepsini vurdurabilirdim.,opus_opensubtitles_tr
O zaman köprünüzü kim inşa ederdi?,Sabotaj olduğundan emin misiniz ki?,opus_opensubtitles_tr
Adamlar kendi subayları olmadan verimli çalışamıyorlardır.,Onları benim subaylarım yönetecek.,opus_opensubtitles_tr
Sizin subaylarınız onlarla çalışacak.,Buna Nicholson karar verir.,opus_opensubtitles_tr
"Dediği gibi bu, kurallara aykırı.",Bana kurallardan bahsetmeyin.,opus_opensubtitles_tr
Bu bir savaş!,Bir kriket oyunu değil.,opus_opensubtitles_tr
Albayınız çılgın oldukça çılgın.,"Oturun, lütfen.",opus_opensubtitles_tr
Albayı bir kerelik görmenize izin vermeye karar verdim.,Teşekkür ederim.,opus_opensubtitles_tr
Ona şunu söyleyin; eğer subayları çalışmazlarsa hastaneyi kapatmak zorunda kalacağım ve hastalarınız onların yerine çalıştırılacaklar.,Bir çoğu ölecek.,opus_opensubtitles_tr
Bunun da sorumlusu kendisi olacak.,Gidin ve konuşun onunla.,opus_opensubtitles_tr
Beş dakika süreniz var.,"Doktor, ihtiyarı görmeye gidiyor.",opus_opensubtitles_tr
Efendim...,"Benim, Clipton, efendim.",opus_opensubtitles_tr
Size bazı şeyler getirdim.,- Adamlarım nasıl?,opus_opensubtitles_tr
"- İyiler, efendim, iyiler.",Zor bela toparladığımız azıcık et ve hindistan cevizi getirdim.,opus_opensubtitles_tr
Ya subaylar?,Pek iyi değiller.,opus_opensubtitles_tr
Hala cezalılar.,Çavuş Jennings ise...,opus_opensubtitles_tr
Jennings öldü.,- Ne?,opus_opensubtitles_tr
"- Öldürüldü, kaçmaya çalışırken.","İki kişi daha, Onbaşı Weaver ve Amerikalı.",opus_opensubtitles_tr
Jennings.,"Zavallı, yiğit delikanlı.",opus_opensubtitles_tr
"Onu uyarmıştım, değil mi Clipton?","Bakın, efendim, fazla vaktimiz yok.",opus_opensubtitles_tr
Konuşurken sizi biraz temizleyeceğim.,Size söyleyeceklerim var.,opus_opensubtitles_tr
Az önce Saito ile konuştum.,O adam karşılaştığım en kötü kumandan.,opus_opensubtitles_tr
"Daha doğrusu, o bir çılgın.",Devam et.,opus_opensubtitles_tr
Şantaj!,"Biliyorum, efendim, ama o çok ciddi.",opus_opensubtitles_tr
Bundan eminim.,"Bu bir cüret meselesi, bu kadar basit.",opus_opensubtitles_tr
Ve vazgeçemiyor.,Bu yine de bir şantaj.,opus_opensubtitles_tr
"Efendim, bundan daha fazlasına dayanamazsınız.",Subaylarınızın o delikte boğulmaktansa çalışmaları daha iyi olmaz mı?,opus_opensubtitles_tr
Adamlar iyi iş yapıyorlar.,Cesaret edebildikleri kadar yavaş gidiyorlar.,opus_opensubtitles_tr
Ama Saito yemeklerinden kesti ve eğer hastaları çalıştırırsa...,"Şey, ölürler.",opus_opensubtitles_tr
Doğrusu bu.,"Evet, Clipton, anlıyorum.",opus_opensubtitles_tr
Gerçekten.,Ama görmüyor musun?,opus_opensubtitles_tr
Bu bir prensip meselesi.,"Eğer şimdi pes edersek, bunun sonu gelmez.",opus_opensubtitles_tr
Hayır.,"Efendim, koca bir ormanın içindeyiz, her yerden binlerce kilometre uzakta.",opus_opensubtitles_tr
Kararından asla vazgeçmeyecek bir adamın hükmü altındayız.,Prensip!,opus_opensubtitles_tr
Bize neler olduğunu ne bilecekler ne de umursayacaklar.,"Pes edin, efendim.",opus_opensubtitles_tr
Lütfen!,Kararım kesindir.,opus_opensubtitles_tr
Taburumdan hiçbir subayın hamal gibi çalışmasına izin vermeyeceğim.,- Vakit doldu.,opus_opensubtitles_tr
- Pekala.,Beni düşünenlere teşekkür et lütfen.,opus_opensubtitles_tr
Hastanedeki herkesin birer parça katkısı oldu.,Reynolds hindistancevizini çaldı.,opus_opensubtitles_tr
Size arasıra yiyecek getirebileceğiz.,Gardiyanlardan birine rüşvet verdik.,opus_opensubtitles_tr
"Hoşçakalın, efendim.",Ve iyi şanslar.,opus_opensubtitles_tr
Çok teşekkürler.,O Amerikalı öldürüldü mü demiştin?,opus_opensubtitles_tr
"Evet, efendim.",Vuruldu ve boğuldu.,opus_opensubtitles_tr
Kaçmayı planlamak delilik.,"Üç adam öldü, peki ne uğruna?",opus_opensubtitles_tr
Vakit!,İşte bundan galip çıkmalıyız.,opus_opensubtitles_tr
"Doktor bize bakıp, kafasını salladı.",Bu ne anlama geliyorsa.,opus_opensubtitles_tr
"Sadece bir anlama geliyor, albay pes etmeyecek.",Eeee?,opus_opensubtitles_tr
Şöyle.,Albay Nicholson pes etmeyecek.,opus_opensubtitles_tr
Prensip meselesi.,"Bir tıp adamı ve subay olarak, gördüğü muameleyi kınıyorum.",opus_opensubtitles_tr
Hala hayatta olması bir mucize.,"Acı bir olay olursa, bu cinayet anlamına gelir.",opus_opensubtitles_tr
Sorumlusu kendisidir.,Ben değilim.,opus_opensubtitles_tr
Hasta mısınız?,İkisi de mi çılgın?,opus_opensubtitles_tr
Yoksa ben mi çıldırıyorum?,Yoksa güneşin etkisi mi?,opus_opensubtitles_tr
Dikkat!,"Tabur, dikkat.",opus_opensubtitles_tr
İngiliz mahkumlar.,Şunu soruyorum sizlere köprü yapımında neden ilerleme yok?,opus_opensubtitles_tr
"Nedenini biliyorsunuz, subaylarınız tembel de ondan!",Kendilerini yükünüzü paylaşmaya layık görmüyorlar.,opus_opensubtitles_tr
Bu adil değil.,"Bu yüzden, işinizi severek yapmıyorsunuz.",opus_opensubtitles_tr
"Bu yüzden, köprü işinde ilerleme kaydedilmiyor.",Ama başka bir nedeni daha var.,opus_opensubtitles_tr
Gerçeği saklamıyorum.,"Utanarak ve üzülerek kabul etmeliyim ki bu, Japon ekibinden birinin başarısızlığıdır.",opus_opensubtitles_tr
Teğmen Miura'yı kastediyorum.,Kendisi kötü bir mühendistir.,opus_opensubtitles_tr
Emir vermekten aciz biridir.,"Bu yüzden, onu görevinden aldım.",opus_opensubtitles_tr
Yarın tekrar başlayacağız.,Çalışmayı bizzat yöneteceğim.,opus_opensubtitles_tr
Bugün dinleniyoruz.,Hiç durmadan çalışan bir kişi sersemler ve sıkıcı biri olur!,opus_opensubtitles_tr
"Göstereceğiniz çabadan ötürü, saygı simgesi olarak hepinize hediyeler vereceğim.",İşimizi seve seve yapalım.,opus_opensubtitles_tr
"Bölük, dağılabilirsiniz.","Tabur, dağılabilirsiniz.",opus_opensubtitles_tr
"Hey, şuna bir bakın.",Kızılay!,opus_opensubtitles_tr
Bize kendi...,"Hey, bize kendi Kızılay çantalarımızı vermiş.",opus_opensubtitles_tr
"""Yarın tekrar başlıyoruz.""","Hey, Harry, bak!",opus_opensubtitles_tr
İhtiyarı dışarı çıkarıyorlar.,Herhalde yine dövecekler.,opus_opensubtitles_tr
"İyi akşamlar, albay.",Oturmaz mısınız?,opus_opensubtitles_tr
Geç bir akşam yemeği yiyorum.,İngiliz bifteği.,opus_opensubtitles_tr
"Hayır, teşekkür ederim.",İskoç malı.,opus_opensubtitles_tr
Sake'ye tercih ederim.,"Londra'da üç yıl kaldım, biliyor musunuz?",opus_opensubtitles_tr
Londra Sanat Üniversitesi'nde okudum.,Şerefe!,opus_opensubtitles_tr
Özür dilerim.,"Daha sonra belki, ha?",opus_opensubtitles_tr
Belki.,İyi bir sanatçı değildim.,opus_opensubtitles_tr
Babam istemiyordu.,Ona göre ben orduya aitmişim.,opus_opensubtitles_tr
O yüzden sanattan mühendisliğe geçtim.,"Şunu söylemeliyim, Albay Saito:",opus_opensubtitles_tr
Faaliyetlerinizle ilgili tam bir rapor verme düşüncesindeyim.,Mevkiimi tam olarak anladığınızı sanmıyorum.,opus_opensubtitles_tr
- Emirleri uygulamak zorundayım.,"- Oh, tabii, tabii.",opus_opensubtitles_tr
"İşim, köprüyü 12 Mayıs'a kadar bitirmek.",- Sadece 12 haftam kaldı.,opus_opensubtitles_tr
- Hiç şüphesiz.,"Bu yüzden, elimizdeki tüm personeli kullanmak zorundayım.",opus_opensubtitles_tr
"Subaylar olmaz, yönetim işleri dışında.",Fakat koca tren yolu boyunca çalışan subaylar var.,opus_opensubtitles_tr
"Bunu siz de biliyorsunuz, ben de.",Diğer subaylardan ben sorumlu değilim.,opus_opensubtitles_tr
"Şahsen, şaşırdım.",Öfkelenmeyelim.,opus_opensubtitles_tr
Puro ister misiniz?,Hayır.,opus_opensubtitles_tr
Teşekkür ederim.,"Tüm subaylar çalışmak zorunda derken elbette, sizi, bir kumandanı kastetmedim.",opus_opensubtitles_tr
Talimatlarım sadece diğer subaylar için...,Hiçbir subay ağır işte çalışmayacak.,opus_opensubtitles_tr
Lütfen!,Şunu söyleyecektim:,opus_opensubtitles_tr
Meseleyi baştan düşündüm ve şuna karar verdim.,Binbaşı ve üstsubayları yönetimde çalıştırıp sadece astsubayları ağır işlerde çalıştıracağım.,opus_opensubtitles_tr
Hayır.,Anlaşma bunu açıkça belirtiyor.,opus_opensubtitles_tr
Köprü zamanında bitmezse bana ne olacağını biliyor musunuz?,Hiçbir fikrim yok.,opus_opensubtitles_tr
Kendimi öldürmek zorunda kalacağım.,Benim yerimde olsanız ne yapardınız?,opus_opensubtitles_tr
"Sanırım, yerinizde olsam kendimi öldürmek zorunda kalırdım.",Şerefe.,opus_opensubtitles_tr
"Sizi uyarıyorum, albay ben öleceksem, başkaları benden daha önce ölecek.",Anlıyor musunuz?,opus_opensubtitles_tr
Clipton bundan bahsetti.,"Bu, sorununuzu çözmez.",opus_opensubtitles_tr
Eminim uygun bir çözüme varabiliriz.,"Lütfen, oturun.",opus_opensubtitles_tr
Şimdi.,"Söyleyin, albay sizce de bir subayın başlıca görevi, emir vermek değil midir?",opus_opensubtitles_tr
- Elbette.,- Güzel.,opus_opensubtitles_tr
Şimdi.,Şu köprünüzü ele alın.,opus_opensubtitles_tr
Muazzam bir girişim.,"Açıkça söylemek gerekirse, şu sizin teğmenin, adı neydi...",opus_opensubtitles_tr
Miura.,...böylesine önemli bir görevin üstesinden gelebileceğine şüpheliyim.,opus_opensubtitles_tr
"Diğer taraftan, bizde öyle subaylar var ki, örneğin Reeves ve Hughes bunlar Hindistan'da birçok köprü inşa etmişlerdir.",Askerler onları sayarlar.,opus_opensubtitles_tr
Bir subay için bu tür bir saygı esastır.,"Bunu yitirirse, komutanlığı sona erer.",opus_opensubtitles_tr
Sonra ne olur?,Moral bozukluğu ve kaos.,opus_opensubtitles_tr
Buna izin verirsem zavallı bir kumandam olurum.,Köprünün artık benim kumandam altında olduğunu belki de bilmiyorsunuzdur.,opus_opensubtitles_tr
Öyle mi?,"Peki, işten memnun olup olmadığınızı sorabilir miyim?",opus_opensubtitles_tr
- Memnun değilim!,- Üzerine bastınız.,opus_opensubtitles_tr
İngilizlerden nefret ediyorum!,Yenildiniz fakat utanç duymuyorsunuz.,opus_opensubtitles_tr
İnatçısınız fakat gururlu değilsiniz.,Dayanma gücünüz var ama cesaretiniz yok.,opus_opensubtitles_tr
İngilizlerden nefret ediyorum!,Bunu sürdürmenin bir anlamı yok.,opus_opensubtitles_tr
Durun!,Yerinizde kalın.,opus_opensubtitles_tr
Yerinizde kalın!,"Tabur, dikkat!",opus_opensubtitles_tr
"Tabur, rahat.",Lütfen...,opus_opensubtitles_tr
"Bugünün tarihi nedir, albay, biliyor musunuz?",Takip edemedim.,opus_opensubtitles_tr
1905'deki muhteşem Rusya zaferimizin yıldönümü.,Tüm Doğu Asya'da bu tarihi kutluyoruz.,opus_opensubtitles_tr
Bu olayın şerefine birliklerinize bir gün dinlenme izni veriyorum.,Çok teşekkürler.,opus_opensubtitles_tr
Bir genel af ilan ediyorum.,Siz ve subaylarınız kışlalarınıza dönebilirsiniz.,opus_opensubtitles_tr
Bu affın bir parçası olarak da subayların ağır işçilik yapmalarına gerek kalmamıştır.,Başardı!,opus_opensubtitles_tr
"Birisi madalyayı hak ediyor, efendim.",Ekibinizde kaç adamınız var?,opus_opensubtitles_tr
"Tam olarak bilmiyorum, efendim.",- Bilmiyor musun?,opus_opensubtitles_tr
"- On iki, genelde.","Adamlardan biri bu sabah hastalandı, efendim.",opus_opensubtitles_tr
Hastaneye götürmek için üç-dört kişi gerekti.,Ve...,opus_opensubtitles_tr
"Çok ağır hastalandı, efendim.",Bir onbaşı emrinde kaç kişinin çalıştığını bilmelidir.,opus_opensubtitles_tr
"Evet, efendim.",Sinirsel bir hastalığınız mı var?,opus_opensubtitles_tr
Yüzünüzü böyle yapmayı kesin.,"Size komik gelebilir ama, bu, orduya uygun bir hareket değil.",opus_opensubtitles_tr
"Hayır, efendim.",Bu gösterilere bir son verdirmeliyiz.,opus_opensubtitles_tr
- Subay Reeves?,"- Evet, efendim?",opus_opensubtitles_tr
Kwai gibi akıntılı bir nehir üzerine hiç köprü inşa ettiniz mi?,"Evet, efendim, Madras'da yarım düzine kadar, Bengal'de...",opus_opensubtitles_tr
Bu köprü sizin olsaydı altından nasıl kalkardınız?,"Altından nasıl mı kalkardım, efendim?",opus_opensubtitles_tr
"İlk olarak, ben buraya inşa etmezdim.","Oh, neden?",opus_opensubtitles_tr
Söylemeye çalıştığım şu ki Japonlar daha kötü bir yer seçemezlerdi.,Şu kazıkları görüyor musunuz?,opus_opensubtitles_tr
Batıyorlar.,Bu kütüklerden sonsuza dek taşısak bile tutmazlar.,opus_opensubtitles_tr
Siz nereye inşa ederdiniz?,"Daha aşağı tarafa, efendim.",opus_opensubtitles_tr
Dar boğazın iki tarafına.,"O konumda, iki kıyıda sert kayalar olur.",opus_opensubtitles_tr
"Hughes, bu sizin köprünüz olsaydı, adamlarınızı ne şekilde kullanırdınız?",Şimdiki gibi değil.,opus_opensubtitles_tr
"Bu yöntem, gördüğünüz gibi, bir kargaşa.",Koordinasyonsuz bir çalışma.,opus_opensubtitles_tr
Takım çalışması yok.,Bazı gruplar birbirleri aleyhinde çalışıyorlar.,opus_opensubtitles_tr
Evet.,"Bakın baylar, elimizde bir sorunumuz var.",opus_opensubtitles_tr
"Japonlar sayesinde, bir güruha kumanda ediyoruz.","Ne talimat var, ne de disiplin.",opus_opensubtitles_tr
- Vazifemiz taburu baştan kurmaktır.,"- Evet, efendim.",opus_opensubtitles_tr
Ki bu hiç kolay olmayacak.,"Neyse ki, araçlarımız hazır.",opus_opensubtitles_tr
Köprü.,"- Köprü mü, efendim?",opus_opensubtitles_tr
- Köprü.,"Batılıların nasıl çalıştıklarını gösterip, onları utandıracağız.",opus_opensubtitles_tr
Bir İngiliz askerinin neler yapabileceğini göstereceğiz.,Evet.,opus_opensubtitles_tr
"Anlıyorum, efendim.",İhtiyaçlarınızın elinizin altında olmadığı bu yerde zorluklarla karşılaşacağınızı biliyorum.,opus_opensubtitles_tr
- İşte mücadeleniz.,"- Anlayamadım, efendim.",opus_opensubtitles_tr
Köprüyü gerçekten inşa etmelerini mi istiyorsunuz?,Genelde bu kadar yavaş anlamazdın.,opus_opensubtitles_tr
Adamlarımızı tanıyorum.,Onları meşgul edecek birşeyler gerek.,opus_opensubtitles_tr
"Hiç iş olmasaydı bile, yaratırdık.","- Yapardık, efendim.",opus_opensubtitles_tr
- Yani şanslıyız.,Fakat esaslı bir köprü olacak.,opus_opensubtitles_tr
Çünkü adamlarımı tanıyorum.,Yaptıkları işten gurur duymaları esastır.,opus_opensubtitles_tr
"- Değil mi, beyler?","- Evet, efendim.",opus_opensubtitles_tr
"Reeves, bir mühendis olarak yetkili kişi sensin.","Nelere ihtiyacın olduğunu söyle, temin edelim.",opus_opensubtitles_tr
Başarabilecek miyiz?,"- Elimizden geleni yapacağız, efendim.",opus_opensubtitles_tr
- Güzel.,Planları çizdikten sonra Saito ile toplantı ayarlayıp onu yola sokmalıyız.,opus_opensubtitles_tr
"Bu, tüm formaliteleri kapsıyor.","Oh, evet.",opus_opensubtitles_tr
"Sırada, korkarım hoşunuza gitmeyecek bir mevzu var.","Üzgünüm ama, köprünün konumu hem aceleyle hem de yanlış tayin edilmiş.",opus_opensubtitles_tr
Yanlış mı?,"Maalesef, öyle.",opus_opensubtitles_tr
Mühendisimiz bölgeyi inceledi ve oradaki nehir tabanının çok yumuşak olduğuna karar verdi.,Çok mu yumuşak?,opus_opensubtitles_tr
Çamur!,Tüm çalışmalar boşuna gitmiş.,opus_opensubtitles_tr
"- Reeves, devam edebilir misin?","- Evet, efendim.",opus_opensubtitles_tr
"- Reeves, devam edebilir misin?","- Evet, efendim.",opus_opensubtitles_tr
Temel kazıklar köprüyü taşıyabilmek için su seviyesinin altına çakılmalıydı.,Bu haliyle üzerinden geçecek ilk trenle yıkılacaktır.,opus_opensubtitles_tr
Basınç ve toprak direnci için 6.5 cm kare başına tonlar düşüyor.,"Reeves, detaylara geçmeden...",opus_opensubtitles_tr
"Albay, birer fincan çay alabilir miyiz?","Sanırım hepimiz, olası bir felaketten kaçınmak için, nehrin 400 m.",opus_opensubtitles_tr
"Daha aşağısında, Reeves'in seçtiği yerde yeni bir köprü yapımı için hemfikiriz.",Diğer konuya geçelim.,opus_opensubtitles_tr
Diğer konuya geçelim.,Adamlarımızın iş kotalarını değiştirmeye karar verdim.,opus_opensubtitles_tr
- Değiştirmek mi?,- Arttırdım.,opus_opensubtitles_tr
1.5 metreden 2 m.' ye çıkardım.,Eminim tasvip edersiniz.,opus_opensubtitles_tr
Tüm detaylar Hughes'de mevcut.,Devam eder misin?,opus_opensubtitles_tr
Tüm projeyi detaylı bir şekilde inceledim.,"Bakın, mevcut kuvvetler kötü bir şekilde dağıtılmışlar.",opus_opensubtitles_tr
"Çalışan ekiplerin düzenini gözden geçirip, düzeltmek istiyorum.",Bir dakika.,opus_opensubtitles_tr
"Albay, işimize yemek yerken devam edersek zaman kazanmış oluruz.",Burada yemek mümkün olabilir mi?,opus_opensubtitles_tr
Tabii ki.,- Devam edin.,opus_opensubtitles_tr
"- Peki, efendim.","Ekipleri çoğaltıp, vazifelerini uzmanlık alanlarına göre saptarsak eminim ki günlük randıman 30% civarında artış gösterecektir.",opus_opensubtitles_tr
"Şimdi, Albay Saito, bir mevzu daha var...","Şimdi, alınması gereken bir önemli karar daha var ki ertelenemez.",opus_opensubtitles_tr
İngilizler köprü üzerinde çalışacaklarına göre tren yolu işi için elimizde çok az kişi kalacak.,"Trenyolu ekibine takviye olarak, sizden adamlarınızın bazılarını ödünç istemek zorundayım ki, hattın son bölümü de çabuk tamamlansın.",opus_opensubtitles_tr
Ben talimatımı verdim.,Adamlarınız için günlük iş kotası tayin etmeliyiz.,opus_opensubtitles_tr
Aşırı yorulmamaları için 1.5 m.,Olarak düşünmüştüm ama bizimkilerle aynı oranda olması daha iyi olmaz mı?,opus_opensubtitles_tr
Böylece sağlıklı bir rekabet ortamı da doğmuş olur.,Ben talimatımı verdim.,opus_opensubtitles_tr
"Bunun üstesinden gelmeye çalışırız, değil mi Hughes?",Sanırım gündemimizdekiler bu gecelik bu kadar.,opus_opensubtitles_tr
"İlginize teşekkürler, Albay Saito.",Başka sorusu olan var mı?,opus_opensubtitles_tr
Bir soru:,Köprüyü zamanında bitirebilir misiniz?,opus_opensubtitles_tr
"Açıkça, bu konudaki fikir birliğimiz bunun mümkün olmadığı doğrultusunda.",Ama kesinlikle deneyeceğiz.,opus_opensubtitles_tr
Talihsiz bir anlaşmazlıktan ötürü bir ay kaybettiğimizi unutmayınız ki bunun sorumlusu ben değildim.,Başka birşey?,opus_opensubtitles_tr
Hayır.,Teşekkür ederim.,opus_opensubtitles_tr
Toplantı bitmiştir.,- İyi geceler.,opus_opensubtitles_tr
- İyi geceler.,Umarım Japonlar onlar için yaptıklarımızı takdir ederler.,opus_opensubtitles_tr
Şu an için takdirleri beni ilgilendirmiyor.,"- İyi geceler, Clipton.",opus_opensubtitles_tr
"- İyi geceler, efendim.","Bu arada, şunu söylemeliyim ki burada karaağaca benzer ağaçlar var.",opus_opensubtitles_tr
Ve de Londra Köprüsünün karaağaç kazıkları 600 yıldır dayanıyor.,"- 600 yıl mı, Reeves?",opus_opensubtitles_tr
"- Evet, efendim.",Altıyüz yıl.,opus_opensubtitles_tr
Bu herkese nasip olmaz.,LAVINIA TEPESİ HASTANESİ SEYLAN,opus_opensubtitles_tr
Kumandan Shears adında bir Amerikalıyı arıyorum.,"- Evet, aşağıdaki plajda.",opus_opensubtitles_tr
"- Oh, çok teşekkürler.",Öpücük!,opus_opensubtitles_tr
Etrafta çok göz var.,Etrafta çok göz var.,opus_opensubtitles_tr
"Pudra ve hap verip, banyo yaptırıp, iğne ve lavman yapıyorsun ama...",Benim tek isteğim aşk.,opus_opensubtitles_tr
Doğru.,Tek isteğin aşk.,opus_opensubtitles_tr
Rapor alabileceğinden nasıl bu kadar emin olabiliyorsun?,"Çünkü ben aslında bir sivilim, sevgilim.",opus_opensubtitles_tr
Ve hep kalbimin sesini dinlerim.,Öpücük.,opus_opensubtitles_tr
"Bu nasıldı, kumandan?",Bana kumandan deme.,opus_opensubtitles_tr
Hiç romantik değil.,Sen de bir subaysın.,opus_opensubtitles_tr
Sana Teğmen Sevgilim desem hoşuna gider miydi?,Demokratik olalım.,opus_opensubtitles_tr
"Bana sadece ""efendim"" de.","Peki, efendim.",opus_opensubtitles_tr
Bir yüksek rütbeli.,Seni istiyor.,opus_opensubtitles_tr
Senin olsun.,- Ben yüzeceğim.,opus_opensubtitles_tr
- Beni bırakma!,- Kumandan Shears?,opus_opensubtitles_tr
- Evet.,Benim adım Warden.,opus_opensubtitles_tr
- Nasılsınız?,- Davetsiz geldiğim için...,opus_opensubtitles_tr
"Önemli değil, binbaşı.",Alışkınım.,opus_opensubtitles_tr
Martini alır mısınız?,Çok naziksiniz.,opus_opensubtitles_tr
Almayacağım.,Ben içebilir miyim?,opus_opensubtitles_tr
